#
# A fatal error has been detected by the Java Runtime Environment:
#
#  EXCEPTION_ACCESS_VIOLATION (0xc0000005) at pc=0x00007fffd4338b55, pid=17232, tid=20156
#
# JRE version: OpenJDK Runtime Environment Temurin-21.0.8+9 (21.0.8+9) (build 21.0.8+9-LTS)
# Java VM: OpenJDK 64-Bit Server VM Temurin-21.0.8+9 (21.0.8+9-LTS, mixed mode, sharing, tiered, compressed oops, compressed class ptrs, g1 gc, windows-amd64)
# Problematic frame:
# V  [jvm.dll+0x448b55]
#
# No core dump will be written. Minidumps are not enabled by default on client versions of Windows
#
# If you would like to submit a bug report, please visit:
#   https://github.com/adoptium/adoptium-support/issues
#

---------------  S U M M A R Y ------------

Command Line: --add-opens=java.base/java.lang.reflect=ALL-UNNAMED --module-path=C:\Users\user\.m2\repository\org\openjfx\javafx-base\21\javafx-base-21-win.jar;C:\Users\user\.m2\repository\org\openjfx\javafx-base\21\javafx-base-21.jar;C:\Users\user\.m2\repository\org\openjfx\javafx-controls\21\javafx-controls-21-win.jar;C:\Users\user\.m2\repository\org\openjfx\javafx-controls\21\javafx-controls-21.jar;C:\Users\user\.m2\repository\org\openjfx\javafx-fxml\21\javafx-fxml-21-win.jar;C:\Users\user\.m2\repository\org\openjfx\javafx-fxml\21\javafx-fxml-21.jar;C:\Users\user\.m2\repository\org\openjfx\javafx-graphics\21\javafx-graphics-21-win.jar;C:\Users\user\.m2\repository\org\openjfx\javafx-graphics\21\javafx-graphics-21.jar;C:\Users\user\.m2\repository\org\openjfx\javafx-media\21\javafx-media-21-win.jar;C:\Users\user\.m2\repository\org\openjfx\javafx-media\21\javafx-media-21.jar;C:\Users\user\.m2\repository\org\openjfx\javafx-web\21\javafx-web-21-win.jar;C:\Users\user\.m2\repository\org\openjfx\javafx-web\21\javafx-web-21.jar --add-modules=javafx.base,javafx.controls,javafx.fxml,javafx.graphics,javafx.media,javafx.web JStream.application

Host: 11th Gen Intel(R) Core(TM) i5-1135G7 @ 2.40GHz, 8 cores, 19G,  Windows 11 , 64 bit Build 26100 (10.0.26100.7920)
Time: Mon Mar 30 22:56:16 2026 Paris, Madrid elapsed time: 202.950348 seconds (0d 0h 3m 22s)

---------------  T H R E A D  ---------------

Current thread (0x00000205abef91d0):  JavaThread "JavaFX Application Thread"        [_thread_in_vm, id=20156, stack(0x0000009656800000,0x0000009656900000) (1024K)]

Stack: [0x0000009656800000,0x0000009656900000],  sp=0x00000096568fed30,  free space=1019k
Native frames: (J=compiled Java code, j=interpreted, Vv=VM code, C=native code)
V  [jvm.dll+0x448b55]
C  [glass.dll+0x274c]

Java frames: (J=compiled Java code, j=interpreted, Vv=VM code)
j  com.sun.glass.ui.win.WinApplication._runLoop(Ljava/lang/Runnable;)V+0 javafx.graphics@21
j  com.sun.glass.ui.win.WinApplication.lambda$runLoop$3(ILjava/lang/Runnable;)V+8 javafx.graphics@21
j  com.sun.glass.ui.win.WinApplication$$Lambda+0x00000205ad031b60.run()V+12 javafx.graphics@21
j  java.lang.Thread.runWith(Ljava/lang/Object;Ljava/lang/Runnable;)V+5 java.base@21.0.8
j  java.lang.Thread.run()V+19 java.base@21.0.8
v  ~StubRoutines::call_stub 0x000002059a8510e7

siginfo: EXCEPTION_ACCESS_VIOLATION (0xc0000005), reading address 0x0000000000000000


Registers:
RAX=0x0000000000000000, RBX=0x00000205abef91d0, RCX=0x0000000000000003, RDX=0x00000205f37375c8
RSP=0x00000096568fed30, RBP=0x00000096568fee38, RSI=0x00000205f3d7dd28, RDI=0x0000000000000000
R8 =0x0000000000000004, R9 =0x0000000000000004, R10=0x00000205abd93420, R11=0x00000096568fed20
R12=0x00007fffd4935a38, R13=0x00000205abef9588, R14=0x00000205abef9588, R15=0x0000000000000000
RIP=0x00007fffd4338b55, EFLAGS=0x0000000000010293

XMM[0]=0x0000000000000000 0x0000000000000000
XMM[1]=0x0000000000000000 0x0000000000000000
XMM[2]=0x0000000000000000 0x0000000000000000
XMM[3]=0x0000000000000000 0x0000000000000000
XMM[4]=0x0000000000000000 0x0000000000000000
XMM[5]=0x0000000000000000 0x0000000000000000
XMM[6]=0x0000000000000000 0x0000000000000000
XMM[7]=0x0000000000000000 0x0000000000000000
XMM[8]=0x0000000000000000 0x0000000000000000
XMM[9]=0x0000000000000000 0x0000000000000000
XMM[10]=0x0000000000000000 0x0000000000000000
XMM[11]=0x0000000000000000 0x0000000000000000
XMM[12]=0x0000000000000000 0x0000000000000000
XMM[13]=0x0000000000000000 0x0000000000000000
XMM[14]=0x0000000000000000 0x0000000000000000
XMM[15]=0x0000000000000000 0x0000000000000000
  MXCSR=0x00001faf


Register to memory mapping:

RAX=0x0 is null
RBX=0x00000205abef91d0 is a thread
RCX=0x0000000000000003 is an unknown value
RDX=0x00000205f37375c8 points into unknown readable memory: 0x00000205edf4f1a0 | a0 f1 f4 ed 05 02 00 00
RSP=0x00000096568fed30 is pointing into the stack for thread: 0x00000205abef91d0
RBP=0x00000096568fee38 is pointing into the stack for thread: 0x00000205abef91d0
RSI=0x00000205f3d7dd28 points into unknown readable memory: 0x00000205edf4f1a0 | a0 f1 f4 ed 05 02 00 00
RDI=0x0 is null
R8 =0x0000000000000004 is an unknown value
R9 =0x0000000000000004 is an unknown value
R10=0x00000205abd93420 points into unknown readable memory: 0x0000004000000003 | 03 00 00 00 40 00 00 00
R11=0x00000096568fed20 is pointing into the stack for thread: 0x00000205abef91d0
R12=0x00007fffd4935a38 jvm.dll
R13=0x00000205abef9588 points into unknown readable memory: 0x00007fffd4b22840 | 40 28 b2 d4 ff 7f 00 00
R14=0x00000205abef9588 points into unknown readable memory: 0x00007fffd4b22840 | 40 28 b2 d4 ff 7f 00 00
R15=0x0 is null

Top of Stack: (sp=0x00000096568fed30)
0x00000096568fed30:   00000205edf4f1a0 00000205abef91d0
0x00000096568fed40:   00000205f3d7dd28 00007fffd4623c06
0x00000096568fed50:   756e65470000001b 49656e696c65746e
0x00000096568fed60:   0000000000000000 00000205abef85a4
0x00000096568fed70:   000002050000000c 0000000000000000
0x00000096568fed80:   00000205abef91d0 0000000000000000
0x00000096568fed90:   00000205abef91d0 00000205abef91d0
0x00000096568feda0:   00007fffd4935a38 00000205f7212648
0x00000096568fedb0:   000000000000000c 0000000000000019
0x00000096568fedc0:   0000000000000000 00000096568fee38
0x00000096568fedd0:   00000205abef85a4 0000000000000000
0x00000096568fede0:   0000000000000000 00007ff8035a274c
0x00000096568fedf0:   00000205abef9588 00000096568fef80
0x00000096568fee00:   0000000000000000 0000000000000001
0x00000096568fee10:   0000000000000000 00007ff8035b5416
0x00000096568fee20:   00000205abef9588 0000000000000000
0x00000096568fee30:   00000205f3d7dd28 0000000000000000
0x00000096568fee40:   00000205abef9588 0000000000000000
0x00000096568fee50:   00000205f3d223e8 00000000000000de
0x00000096568fee60:   0000000000101142 0000000000000000
0x00000096568fee70:   00000000000000de 00007ff8035c0805
0x00000096568fee80:   00000000000000d4 00000096568fef80
0x00000096568fee90:   00000205f3d223e8 0000000000000000
0x00000096568feea0:   0000000000000202 00007ff82f6985ee
0x00000096568feeb0:   0000000080004005 0000000000000001
0x00000096568feec0:   0000000000000202 00000205f752e440
0x00000096568feed0:   00000205f3ee3f90 00007ff82f698702
0x00000096568feee0:   0000000000000074 00000096568feec8
0x00000096568feef0:   0000000000000000 00007ff82eeee7be
0x00000096568fef00:   00007ff800000000 000002a30000023f
0x00000096568fef10:   0000020500000202 000002c00000023f
0x00000096568fef20:   0000000000000000 00000096568fefb0 

Instructions: (pc=0x00007fffd4338b55)
0x00007fffd4338a55:   48 89 6c 24 10 48 89 74 24 18 57 41 54 41 56 48
0x00007fffd4338a65:   81 ec a0 00 00 00 8b 81 b0 00 00 00 48 8d 99 48
0x00007fffd4338a75:   fc ff ff 05 53 21 ff ff 49 8b e9 49 8b f0 48 8b
0x00007fffd4338a85:   fa 4c 8b f1 83 f8 01 77 08 48 8b cb e8 1a 6d fa
0x00007fffd4338a95:   ff 80 3d 41 41 85 00 00 c7 83 44 04 00 00 06 00
0x00007fffd4338aa5:   00 00 75 06 e8 42 9d 27 00 90 48 8b 83 48 04 00
0x00007fffd4338ab5:   00 a8 01 74 0d 45 33 c0 b2 01 48 8b cb e8 f9 b0
0x00007fffd4338ac5:   2e 00 8b 83 40 04 00 00 a8 0c 74 08 48 8b cb e8
0x00007fffd4338ad5:   87 81 fa ff c7 83 44 04 00 00 06 00 00 00 48 83
0x00007fffd4338ae5:   7b 08 00 48 89 5c 24 50 48 c7 44 24 58 00 00 00
0x00007fffd4338af5:   00 74 0a 48 8d 4c 24 50 e8 ae 67 2b 00 48 8b 16
0x00007fffd4338b05:   48 8d 4c 24 70 c7 44 24 40 0c 00 00 00 e8 f9 a3
0x00007fffd4338b15:   00 00 48 8b c7 48 89 ac 24 98 00 00 00 83 e0 03
0x00007fffd4338b25:   4c 8d 25 0c cf 5f 00 4c 89 64 24 70 48 83 f8 01
0x00007fffd4338b35:   75 0c 48 8d 4f ff ff 15 1f 6f 7e 00 eb 15 48 83
0x00007fffd4338b45:   f8 02 75 0c 48 8d 4f fe ff 15 cd e4 7d 00 eb 03
0x00007fffd4338b55:   48 8b 07 8b 15 82 4f 85 00 48 8b c8 e8 ea 3c 27
0x00007fffd4338b65:   00 48 8b d3 48 8b c8 4c 8b 00 41 ff 90 b0 00 00
0x00007fffd4338b75:   00 48 83 7b 08 00 75 35 48 8d 44 24 70 48 89 5c
0x00007fffd4338b85:   24 30 48 89 44 24 28 48 8d 54 24 40 45 33 c9 48
0x00007fffd4338b95:   89 74 24 20 45 33 c0 49 8b ce e8 dc b4 00 00 48
0x00007fffd4338ba5:   83 7b 08 00 75 07 48 8b 74 24 48 eb 02 33 f6 48
0x00007fffd4338bb5:   83 7c 24 58 00 4c 89 64 24 70 48 c7 84 24 98 00
0x00007fffd4338bc5:   00 00 00 00 00 00 74 0a 48 8d 4c 24 50 e8 59 67
0x00007fffd4338bd5:   2b 00 48 8b bb 98 01 00 00 48 8b 47 10 48 83 38
0x00007fffd4338be5:   00 74 08 48 8b cf e8 70 8f f5 ff 48 8b 57 08 48
0x00007fffd4338bf5:   8b 4f 10 48 89 4a 10 48 8b 57 08 48 8b 4f 18 48
0x00007fffd4338c05:   89 4a 18 48 8b 4f 20 48 8b 57 08 48 89 4a 20 48
0x00007fffd4338c15:   8d 8b 98 03 00 00 e8 90 fb ec ff 4c 8d 9c 24 a0
0x00007fffd4338c25:   00 00 00 90 49 8b 6b 28 48 8b c6 49 8b 73 30 c7
0x00007fffd4338c35:   83 44 04 00 00 04 00 00 00 49 8b 5b 20 49 8b e3
0x00007fffd4338c45:   41 5e 41 5c 5f c3 cc cc cc cc cc 48 89 5c 24 08 


Stack slot to memory mapping:

stack at sp + 0 slots: {method} {0x00000205edf4f1a8} 'getInstance' '()Lcom/sun/glass/ui/win/WinDnDClipboard;' in 'com/sun/glass/ui/win/WinDnDClipboard'
stack at sp + 1 slots: 0x00000205abef91d0 is a thread
stack at sp + 2 slots: 0x00000205f3d7dd28 points into unknown readable memory: 0x00000205edf4f1a0 | a0 f1 f4 ed 05 02 00 00
stack at sp + 3 slots: 0x00007fffd4623c06 jvm.dll
stack at sp + 4 slots: 0x756e65470000001b is an unknown value
stack at sp + 5 slots: 0x49656e696c65746e is an unknown value
stack at sp + 6 slots: 0x0 is null
stack at sp + 7 slots: 0x00000205abef85a4 points into unknown readable memory: 02 00 00 80


---------------  P R O C E S S  ---------------

Threads class SMR info:
_java_thread_list=0x000002058ba54d90, length=22, elements={
0x000002058d5130f0, 0x00000205ab3366a0, 0x00000205ab339100, 0x00000205ab33e750,
0x00000205ab33f620, 0x00000205ab341690, 0x00000205ab3429c0, 0x00000205ab34ee60,
0x00000205ab34fd00, 0x00000205ab442790, 0x00000205ab98fa80, 0x00000205ab9adf80,
0x00000205abef91d0, 0x00000205f3915920, 0x00000205f3a0c020, 0x00000205f3e8e4e0,
0x00000205f3e8de50, 0x00000205f3e8caa0, 0x00000205f429c2b0, 0x00000205f76d45e0,
0x00000205f76d66b0, 0x00000205f76d6d40
}

Java Threads: ( => current thread )
  0x000002058d5130f0 JavaThread "main"                              [_thread_blocked, id=18076, stack(0x0000009655600000,0x0000009655700000) (1024K)]
  0x00000205ab3366a0 JavaThread "Reference Handler"          daemon [_thread_blocked, id=7576, stack(0x0000009655e00000,0x0000009655f00000) (1024K)]
  0x00000205ab339100 JavaThread "Finalizer"                  daemon [_thread_blocked, id=25468, stack(0x0000009655f00000,0x0000009656000000) (1024K)]
  0x00000205ab33e750 JavaThread "Signal Dispatcher"          daemon [_thread_blocked, id=30660, stack(0x0000009656000000,0x0000009656100000) (1024K)]
  0x00000205ab33f620 JavaThread "Attach Listener"            daemon [_thread_blocked, id=26668, stack(0x0000009656100000,0x0000009656200000) (1024K)]
  0x00000205ab341690 JavaThread "Service Thread"             daemon [_thread_blocked, id=23596, stack(0x0000009656200000,0x0000009656300000) (1024K)]
  0x00000205ab3429c0 JavaThread "Monitor Deflation Thread"   daemon [_thread_blocked, id=22220, stack(0x0000009656300000,0x0000009656400000) (1024K)]
  0x00000205ab34ee60 JavaThread "C2 CompilerThread0"         daemon [_thread_blocked, id=7928, stack(0x0000009656400000,0x0000009656500000) (1024K)]
  0x00000205ab34fd00 JavaThread "C1 CompilerThread0"         daemon [_thread_blocked, id=31528, stack(0x0000009656500000,0x0000009656600000) (1024K)]
  0x00000205ab442790 JavaThread "Common-Cleaner"             daemon [_thread_blocked, id=14520, stack(0x0000009656600000,0x0000009656700000) (1024K)]
  0x00000205ab98fa80 JavaThread "Notification Thread"        daemon [_thread_blocked, id=3340, stack(0x0000009656900000,0x0000009656a00000) (1024K)]
  0x00000205ab9adf80 JavaThread "QuantumRenderer-0"          daemon [_thread_blocked, id=29600, stack(0x0000009656a00000,0x0000009656b00000) (1024K)]
=>0x00000205abef91d0 JavaThread "JavaFX Application Thread"         [_thread_in_vm, id=20156, stack(0x0000009656800000,0x0000009656900000) (1024K)]
  0x00000205f3915920 JavaThread "JavaFX-Launcher"                   [_thread_blocked, id=8404, stack(0x0000009657500000,0x0000009657600000) (1024K)]
  0x00000205f3a0c020 JavaThread "Thread-2"                   daemon [_thread_blocked, id=23600, stack(0x0000009657400000,0x0000009657500000) (1024K)]
  0x00000205f3e8e4e0 JavaThread "Media Resource Disposer"    daemon [_thread_blocked, id=17348, stack(0x0000009658b00000,0x0000009658c00000) (1024K)]
  0x00000205f3e8de50 JavaThread "Prism Font Disposer"        daemon [_thread_blocked, id=20096, stack(0x0000009658e00000,0x0000009658f00000) (1024K)]
  0x00000205f3e8caa0 JavaThread "Cleaner-0"                  daemon [_thread_blocked, id=28084, stack(0x0000009657600000,0x0000009657700000) (1024K)]
  0x00000205f429c2b0 JavaThread "mysql-cj-abandoned-connection-cleanup" daemon [_thread_blocked, id=13228, stack(0x0000009658a00000,0x0000009658b00000) (1024K)]
  0x00000205f76d45e0 JavaThread "Thread-27980"                      [_thread_blocked, id=25396, stack(0x0000009657b00000,0x0000009657c00000) (1024K)]
  0x00000205f76d66b0 JavaThread "Thread-27981"                      [_thread_blocked, id=3256, stack(0x0000009657c00000,0x0000009657d00000) (1024K)]
  0x00000205f76d6d40 JavaThread "Thread-27983"                      [_thread_blocked, id=4720, stack(0x0000009658100000,0x0000009658200000) (1024K)]
Total: 22

Other Threads:
  0x00000205ab31a6b0 VMThread "VM Thread"                           [id=24204, stack(0x0000009655d00000,0x0000009655e00000) (1024K)] _threads_hazard_ptr=0x000002058ba54d90
  0x00000205ab304ad0 WatcherThread "VM Periodic Task Thread"        [id=12248, stack(0x0000009655c00000,0x0000009655d00000) (1024K)]
  0x000002058f9ef6b0 WorkerThread "GC Thread#0"                     [id=15404, stack(0x0000009655700000,0x0000009655800000) (1024K)]
  0x00000205f394bf60 WorkerThread "GC Thread#1"                     [id=29896, stack(0x0000009656e00000,0x0000009656f00000) (1024K)]
  0x00000205f394b820 WorkerThread "GC Thread#2"                     [id=19912, stack(0x0000009656f00000,0x0000009657000000) (1024K)]
  0x00000205f394ad40 WorkerThread "GC Thread#3"                     [id=26248, stack(0x0000009657000000,0x0000009657100000) (1024K)]
  0x00000205f394a9a0 WorkerThread "GC Thread#4"                     [id=13004, stack(0x0000009657100000,0x0000009657200000) (1024K)]
  0x00000205f394a600 WorkerThread "GC Thread#5"                     [id=13348, stack(0x0000009657200000,0x0000009657300000) (1024K)]
  0x00000205f394bbc0 WorkerThread "GC Thread#6"                     [id=30104, stack(0x0000009657300000,0x0000009657400000) (1024K)]
  0x00000205f7175bd0 WorkerThread "GC Thread#7"                     [id=25720, stack(0x0000009658000000,0x0000009658100000) (1024K)]
  0x000002058f9fa490 ConcurrentGCThread "G1 Main Marker"            [id=15336, stack(0x0000009655800000,0x0000009655900000) (1024K)]
  0x000002058f9fc620 WorkerThread "G1 Conc#0"                       [id=3112, stack(0x0000009655900000,0x0000009655a00000) (1024K)]
  0x00000205f7176a50 WorkerThread "G1 Conc#1"                       [id=31260, stack(0x0000009659000000,0x0000009659100000) (1024K)]
  0x00000205ab1d1520 ConcurrentGCThread "G1 Refine#0"               [id=27328, stack(0x0000009655a00000,0x0000009655b00000) (1024K)]
  0x00000205ab1d3f10 ConcurrentGCThread "G1 Service"                [id=12844, stack(0x0000009655b00000,0x0000009655c00000) (1024K)]
Total: 15

Threads with active compile tasks:
Total: 0

VM state: synchronizing (normal execution)

VM Mutex/Monitor currently owned by a thread:  ([mutex/lock_event])
[0x00007fffd4ba5458] Threads_lock - owner thread: 0x00000205ab31a6b0
[0x00007fffd4ba5558] Heap_lock - owner thread: 0x00000205f429c2b0

OutOfMemory and StackOverflow Exception counts:
OutOfMemoryError java_heap_errors=17
LinkageErrors=62

Heap address: 0x00000006c4000000, size: 5056 MB, Compressed Oops mode: Zero based, Oop shift amount: 3

CDS archive(s) mapped at: [0x00000205ac000000-0x00000205acc80000-0x00000205acc80000), size 13107200, SharedBaseAddress: 0x00000205ac000000, ArchiveRelocationMode: 1.
Compressed class space mapped at: 0x00000205ad000000-0x00000205ed000000, reserved size: 1073741824
Narrow klass base: 0x00000205ac000000, Narrow klass shift: 0, Narrow klass range: 0x100000000

GC Precious Log:
 CardTable entry size: 512
 Card Set container configuration: InlinePtr #cards 4 size 8 Array Of Cards #cards 32 size 80 Howl #buckets 8 coarsen threshold 7372 Howl Bitmap #cards 1024 size 144 coarsen threshold 921 Card regions per heap region 1 cards per card region 8192
 CPUs: 8 total, 8 available
 Memory: 20222M
 Large Page Support: Disabled
 NUMA Support: Disabled
 Compressed Oops: Enabled (Zero based)
 Heap Region Size: 4M
 Heap Min Capacity: 8M
 Heap Initial Capacity: 316M
 Heap Max Capacity: 5056M
 Pre-touch: Disabled
 Parallel Workers: 8
 Concurrent Workers: 2
 Concurrent Refinement Workers: 8
 Periodic GC: Disabled

Heap:
 garbage-first heap   total 5177344K, used 5175647K [0x00000006c4000000, 0x0000000800000000)
  region size 4096K, 0 young (0K), 0 survivors (0K)
 Metaspace       used 27600K, committed 28352K, reserved 1114112K
  class space    used 3383K, committed 3712K, reserved 1048576K

Heap Regions: E=young(eden), S=young(survivor), O=old, HS=humongous(starts), HC=humongous(continues), CS=collection set, F=free, TAMS=top-at-mark-start, PB=parsable bottom
|   0|0x00000006c4000000, 0x00000006c43fffa8, 0x00000006c4400000| 99%| O|  |TAMS 0x00000006c4000000| PB 0x00000006c4000000| Untracked 
|   1|0x00000006c4400000, 0x00000006c47fffe8, 0x00000006c4800000| 99%| O|  |TAMS 0x00000006c4400000| PB 0x00000006c4400000| Untracked 
|   2|0x00000006c4800000, 0x00000006c4bfffe0, 0x00000006c4c00000| 99%| O|  |TAMS 0x00000006c4800000| PB 0x00000006c4800000| Untracked 
|   3|0x00000006c4c00000, 0x00000006c4fffff8, 0x00000006c5000000| 99%| O|  |TAMS 0x00000006c4c00000| PB 0x00000006c4c00000| Untracked 
|   4|0x00000006c5000000, 0x00000006c5400000, 0x00000006c5400000|100%|HS|  |TAMS 0x00000006c5000000| PB 0x00000006c5000000| Untracked 
|   5|0x00000006c5400000, 0x00000006c5800000, 0x00000006c5800000|100%|HS|  |TAMS 0x00000006c5400000| PB 0x00000006c5400000| Untracked 
|   6|0x00000006c5800000, 0x00000006c5c00000, 0x00000006c5c00000|100%|HS|  |TAMS 0x00000006c5800000| PB 0x00000006c5800000| Untracked 
|   7|0x00000006c5c00000, 0x00000006c6000000, 0x00000006c6000000|100%|HC|  |TAMS 0x00000006c5c00000| PB 0x00000006c5c00000| Untracked 
|   8|0x00000006c6000000, 0x00000006c6400000, 0x00000006c6400000|100%|HS|  |TAMS 0x00000006c6000000| PB 0x00000006c6000000| Untracked 
|   9|0x00000006c6400000, 0x00000006c67ffff0, 0x00000006c6800000| 99%| O|  |TAMS 0x00000006c6400000| PB 0x00000006c6400000| Untracked 
|  10|0x00000006c6800000, 0x00000006c6c00000, 0x00000006c6c00000|100%|HS|  |TAMS 0x00000006c6800000| PB 0x00000006c6800000| Untracked 
|  11|0x00000006c6c00000, 0x00000006c7000000, 0x00000006c7000000|100%|HC|  |TAMS 0x00000006c6c00000| PB 0x00000006c6c00000| Untracked 
|  12|0x00000006c7000000, 0x00000006c7400000, 0x00000006c7400000|100%|HC|  |TAMS 0x00000006c7000000| PB 0x00000006c7000000| Untracked 
|  13|0x00000006c7400000, 0x00000006c77fffe8, 0x00000006c7800000| 99%| O|  |TAMS 0x00000006c7400000| PB 0x00000006c7400000| Untracked 
|  14|0x00000006c7800000, 0x00000006c7c00000, 0x00000006c7c00000|100%|HS|  |TAMS 0x00000006c7800000| PB 0x00000006c7800000| Untracked 
|  15|0x00000006c7c00000, 0x00000006c8000000, 0x00000006c8000000|100%|HC|  |TAMS 0x00000006c7c00000| PB 0x00000006c7c00000| Untracked 
|  16|0x00000006c8000000, 0x00000006c8400000, 0x00000006c8400000|100%|HC|  |TAMS 0x00000006c8000000| PB 0x00000006c8000000| Untracked 
|  17|0x00000006c8400000, 0x00000006c87e60b8, 0x00000006c8800000| 97%| O|  |TAMS 0x00000006c8400000| PB 0x00000006c8400000| Untracked 
|  18|0x00000006c8800000, 0x00000006c8c00000, 0x00000006c8c00000|100%|HS|  |TAMS 0x00000006c8800000| PB 0x00000006c8800000| Untracked 
|  19|0x00000006c8c00000, 0x00000006c9000000, 0x00000006c9000000|100%|HC|  |TAMS 0x00000006c8c00000| PB 0x00000006c8c00000| Untracked 
|  20|0x00000006c9000000, 0x00000006c9400000, 0x00000006c9400000|100%|HC|  |TAMS 0x00000006c9000000| PB 0x00000006c9000000| Untracked 
|  21|0x00000006c9400000, 0x00000006c9800000, 0x00000006c9800000|100%|HS|  |TAMS 0x00000006c9400000| PB 0x00000006c9400000| Untracked 
|  22|0x00000006c9800000, 0x00000006c9c00000, 0x00000006c9c00000|100%|HC|  |TAMS 0x00000006c9800000| PB 0x00000006c9800000| Untracked 
|  23|0x00000006c9c00000, 0x00000006ca000000, 0x00000006ca000000|100%|HC|  |TAMS 0x00000006c9c00000| PB 0x00000006c9c00000| Untracked 
|  24|0x00000006ca000000, 0x00000006ca3e1568, 0x00000006ca400000| 97%| O|  |TAMS 0x00000006ca000000| PB 0x00000006ca000000| Untracked 
|  25|0x00000006ca400000, 0x00000006ca800000, 0x00000006ca800000|100%|HS|  |TAMS 0x00000006ca400000| PB 0x00000006ca400000| Untracked 
|  26|0x00000006ca800000, 0x00000006cac00000, 0x00000006cac00000|100%|HS|  |TAMS 0x00000006ca800000| PB 0x00000006ca800000| Untracked 
|  27|0x00000006cac00000, 0x00000006cb000000, 0x00000006cb000000|100%|HC|  |TAMS 0x00000006cac00000| PB 0x00000006cac00000| Untracked 
|  28|0x00000006cb000000, 0x00000006cb400000, 0x00000006cb400000|100%|HC|  |TAMS 0x00000006cb000000| PB 0x00000006cb000000| Untracked 
|  29|0x00000006cb400000, 0x00000006cb7ffff8, 0x00000006cb800000| 99%| O|  |TAMS 0x00000006cb400000| PB 0x00000006cb400000| Untracked 
|  30|0x00000006cb800000, 0x00000006cbc00000, 0x00000006cbc00000|100%|HS|  |TAMS 0x00000006cb800000| PB 0x00000006cb800000| Untracked 
|  31|0x00000006cbc00000, 0x00000006cc000000, 0x00000006cc000000|100%|HS|  |TAMS 0x00000006cbc00000| PB 0x00000006cbc00000| Untracked 
|  32|0x00000006cc000000, 0x00000006cc400000, 0x00000006cc400000|100%|HC|  |TAMS 0x00000006cc000000| PB 0x00000006cc000000| Untracked 
|  33|0x00000006cc400000, 0x00000006cc800000, 0x00000006cc800000|100%|HC|  |TAMS 0x00000006cc400000| PB 0x00000006cc400000| Untracked 
|  34|0x00000006cc800000, 0x00000006ccc00000, 0x00000006ccc00000|100%|HS|  |TAMS 0x00000006cc800000| PB 0x00000006cc800000| Untracked 
|  35|0x00000006ccc00000, 0x00000006cd000000, 0x00000006cd000000|100%|HC|  |TAMS 0x00000006ccc00000| PB 0x00000006ccc00000| Untracked 
|  36|0x00000006cd000000, 0x00000006cd400000, 0x00000006cd400000|100%|HC|  |TAMS 0x00000006cd000000| PB 0x00000006cd000000| Untracked 
|  37|0x00000006cd400000, 0x00000006cd800000, 0x00000006cd800000|100%|HS|  |TAMS 0x00000006cd400000| PB 0x00000006cd400000| Untracked 
|  38|0x00000006cd800000, 0x00000006cdc00000, 0x00000006cdc00000|100%|HC|  |TAMS 0x00000006cd800000| PB 0x00000006cd800000| Untracked 
|  39|0x00000006cdc00000, 0x00000006ce000000, 0x00000006ce000000|100%|HC|  |TAMS 0x00000006cdc00000| PB 0x00000006cdc00000| Untracked 
|  40|0x00000006ce000000, 0x00000006ce400000, 0x00000006ce400000|100%|HS|  |TAMS 0x00000006ce000000| PB 0x00000006ce000000| Untracked 
|  41|0x00000006ce400000, 0x00000006ce800000, 0x00000006ce800000|100%|HC|  |TAMS 0x00000006ce400000| PB 0x00000006ce400000| Untracked 
|  42|0x00000006ce800000, 0x00000006cec00000, 0x00000006cec00000|100%|HC|  |TAMS 0x00000006ce800000| PB 0x00000006ce800000| Untracked 
|  43|0x00000006cec00000, 0x00000006cf000000, 0x00000006cf000000|100%|HS|  |TAMS 0x00000006cec00000| PB 0x00000006cec00000| Untracked 
|  44|0x00000006cf000000, 0x00000006cf400000, 0x00000006cf400000|100%|HC|  |TAMS 0x00000006cf000000| PB 0x00000006cf000000| Untracked 
|  45|0x00000006cf400000, 0x00000006cf800000, 0x00000006cf800000|100%|HC|  |TAMS 0x00000006cf400000| PB 0x00000006cf400000| Untracked 
|  46|0x00000006cf800000, 0x00000006cfc00000, 0x00000006cfc00000|100%|HS|  |TAMS 0x00000006cf800000| PB 0x00000006cf800000| Untracked 
|  47|0x00000006cfc00000, 0x00000006d0000000, 0x00000006d0000000|100%|HC|  |TAMS 0x00000006cfc00000| PB 0x00000006cfc00000| Untracked 
|  48|0x00000006d0000000, 0x00000006d0400000, 0x00000006d0400000|100%|HC|  |TAMS 0x00000006d0000000| PB 0x00000006d0000000| Untracked 
|  49|0x00000006d0400000, 0x00000006d07fffc0, 0x00000006d0800000| 99%| O|  |TAMS 0x00000006d0400000| PB 0x00000006d0400000| Untracked 
|  50|0x00000006d0800000, 0x00000006d0c00000, 0x00000006d0c00000|100%|HS|  |TAMS 0x00000006d0800000| PB 0x00000006d0800000| Untracked 
|  51|0x00000006d0c00000, 0x00000006d1000000, 0x00000006d1000000|100%|HS|  |TAMS 0x00000006d0c00000| PB 0x00000006d0c00000| Untracked 
|  52|0x00000006d1000000, 0x00000006d1400000, 0x00000006d1400000|100%|HC|  |TAMS 0x00000006d1000000| PB 0x00000006d1000000| Untracked 
|  53|0x00000006d1400000, 0x00000006d1800000, 0x00000006d1800000|100%|HC|  |TAMS 0x00000006d1400000| PB 0x00000006d1400000| Untracked 
|  54|0x00000006d1800000, 0x00000006d1c00000, 0x00000006d1c00000|100%|HS|  |TAMS 0x00000006d1800000| PB 0x00000006d1800000| Untracked 
|  55|0x00000006d1c00000, 0x00000006d2000000, 0x00000006d2000000|100%|HC|  |TAMS 0x00000006d1c00000| PB 0x00000006d1c00000| Untracked 
|  56|0x00000006d2000000, 0x00000006d2400000, 0x00000006d2400000|100%|HC|  |TAMS 0x00000006d2000000| PB 0x00000006d2000000| Untracked 
|  57|0x00000006d2400000, 0x00000006d2800000, 0x00000006d2800000|100%|HS|  |TAMS 0x00000006d2400000| PB 0x00000006d2400000| Untracked 
|  58|0x00000006d2800000, 0x00000006d2c00000, 0x00000006d2c00000|100%|HC|  |TAMS 0x00000006d2800000| PB 0x00000006d2800000| Untracked 
|  59|0x00000006d2c00000, 0x00000006d3000000, 0x00000006d3000000|100%|HC|  |TAMS 0x00000006d2c00000| PB 0x00000006d2c00000| Untracked 
|  60|0x00000006d3000000, 0x00000006d3400000, 0x00000006d3400000|100%|HS|  |TAMS 0x00000006d3000000| PB 0x00000006d3000000| Untracked 
|  61|0x00000006d3400000, 0x00000006d3800000, 0x00000006d3800000|100%|HC|  |TAMS 0x00000006d3400000| PB 0x00000006d3400000| Untracked 
|  62|0x00000006d3800000, 0x00000006d3c00000, 0x00000006d3c00000|100%|HC|  |TAMS 0x00000006d3800000| PB 0x00000006d3800000| Untracked 
|  63|0x00000006d3c00000, 0x00000006d4000000, 0x00000006d4000000|100%|HS|  |TAMS 0x00000006d3c00000| PB 0x00000006d3c00000| Untracked 
|  64|0x00000006d4000000, 0x00000006d4400000, 0x00000006d4400000|100%|HC|  |TAMS 0x00000006d4000000| PB 0x00000006d4000000| Untracked 
|  65|0x00000006d4400000, 0x00000006d4800000, 0x00000006d4800000|100%|HC|  |TAMS 0x00000006d4400000| PB 0x00000006d4400000| Untracked 
|  66|0x00000006d4800000, 0x00000006d4c00000, 0x00000006d4c00000|100%|HS|  |TAMS 0x00000006d4800000| PB 0x00000006d4800000| Untracked 
|  67|0x00000006d4c00000, 0x00000006d5000000, 0x00000006d5000000|100%|HC|  |TAMS 0x00000006d4c00000| PB 0x00000006d4c00000| Untracked 
|  68|0x00000006d5000000, 0x00000006d5400000, 0x00000006d5400000|100%|HC|  |TAMS 0x00000006d5000000| PB 0x00000006d5000000| Untracked 
|  69|0x00000006d5400000, 0x00000006d5800000, 0x00000006d5800000|100%|HS|  |TAMS 0x00000006d5400000| PB 0x00000006d5400000| Untracked 
|  70|0x00000006d5800000, 0x00000006d5c00000, 0x00000006d5c00000|100%|HC|  |TAMS 0x00000006d5800000| PB 0x00000006d5800000| Untracked 
|  71|0x00000006d5c00000, 0x00000006d6000000, 0x00000006d6000000|100%|HC|  |TAMS 0x00000006d5c00000| PB 0x00000006d5c00000| Untracked 
|  72|0x00000006d6000000, 0x00000006d6400000, 0x00000006d6400000|100%|HS|  |TAMS 0x00000006d6000000| PB 0x00000006d6000000| Untracked 
|  73|0x00000006d6400000, 0x00000006d6800000, 0x00000006d6800000|100%|HC|  |TAMS 0x00000006d6400000| PB 0x00000006d6400000| Untracked 
|  74|0x00000006d6800000, 0x00000006d6c00000, 0x00000006d6c00000|100%|HC|  |TAMS 0x00000006d6800000| PB 0x00000006d6800000| Untracked 
|  75|0x00000006d6c00000, 0x00000006d7000000, 0x00000006d7000000|100%|HS|  |TAMS 0x00000006d6c00000| PB 0x00000006d6c00000| Untracked 
|  76|0x00000006d7000000, 0x00000006d7400000, 0x00000006d7400000|100%|HS|  |TAMS 0x00000006d7000000| PB 0x00000006d7000000| Untracked 
|  77|0x00000006d7400000, 0x00000006d7800000, 0x00000006d7800000|100%|HC|  |TAMS 0x00000006d7400000| PB 0x00000006d7400000| Untracked 
|  78|0x00000006d7800000, 0x00000006d7c00000, 0x00000006d7c00000|100%|HC|  |TAMS 0x00000006d7800000| PB 0x00000006d7800000| Untracked 
|  79|0x00000006d7c00000, 0x00000006d8000000, 0x00000006d8000000|100%|HS|  |TAMS 0x00000006d7c00000| PB 0x00000006d7c00000| Untracked 
|  80|0x00000006d8000000, 0x00000006d8400000, 0x00000006d8400000|100%|HC|  |TAMS 0x00000006d8000000| PB 0x00000006d8000000| Untracked 
|  81|0x00000006d8400000, 0x00000006d8800000, 0x00000006d8800000|100%|HC|  |TAMS 0x00000006d8400000| PB 0x00000006d8400000| Untracked 
|  82|0x00000006d8800000, 0x00000006d8c00000, 0x00000006d8c00000|100%|HS|  |TAMS 0x00000006d8800000| PB 0x00000006d8800000| Untracked 
|  83|0x00000006d8c00000, 0x00000006d9000000, 0x00000006d9000000|100%|HC|  |TAMS 0x00000006d8c00000| PB 0x00000006d8c00000| Untracked 
|  84|0x00000006d9000000, 0x00000006d9400000, 0x00000006d9400000|100%|HC|  |TAMS 0x00000006d9000000| PB 0x00000006d9000000| Untracked 
|  85|0x00000006d9400000, 0x00000006d9800000, 0x00000006d9800000|100%|HS|  |TAMS 0x00000006d9400000| PB 0x00000006d9400000| Untracked 
|  86|0x00000006d9800000, 0x00000006d9c00000, 0x00000006d9c00000|100%|HC|  |TAMS 0x00000006d9800000| PB 0x00000006d9800000| Untracked 
|  87|0x00000006d9c00000, 0x00000006da000000, 0x00000006da000000|100%|HC|  |TAMS 0x00000006d9c00000| PB 0x00000006d9c00000| Untracked 
|  88|0x00000006da000000, 0x00000006da3fff40, 0x00000006da400000| 99%| O|  |TAMS 0x00000006da000000| PB 0x00000006da000000| Untracked 
|  89|0x00000006da400000, 0x00000006da800000, 0x00000006da800000|100%| O|  |TAMS 0x00000006da400000| PB 0x00000006da400000| Untracked 
|  90|0x00000006da800000, 0x00000006dac00000, 0x00000006dac00000|100%|HS|  |TAMS 0x00000006da800000| PB 0x00000006da800000| Untracked 
|  91|0x00000006dac00000, 0x00000006db000000, 0x00000006db000000|100%|HC|  |TAMS 0x00000006dac00000| PB 0x00000006dac00000| Untracked 
|  92|0x00000006db000000, 0x00000006db400000, 0x00000006db400000|100%|HC|  |TAMS 0x00000006db000000| PB 0x00000006db000000| Untracked 
|  93|0x00000006db400000, 0x00000006db800000, 0x00000006db800000|100%|HS|  |TAMS 0x00000006db400000| PB 0x00000006db400000| Untracked 
|  94|0x00000006db800000, 0x00000006dbc00000, 0x00000006dbc00000|100%|HC|  |TAMS 0x00000006db800000| PB 0x00000006db800000| Untracked 
|  95|0x00000006dbc00000, 0x00000006dc000000, 0x00000006dc000000|100%|HC|  |TAMS 0x00000006dbc00000| PB 0x00000006dbc00000| Untracked 
|  96|0x00000006dc000000, 0x00000006dc400000, 0x00000006dc400000|100%|HS|  |TAMS 0x00000006dc000000| PB 0x00000006dc000000| Untracked 
|  97|0x00000006dc400000, 0x00000006dc800000, 0x00000006dc800000|100%|HC|  |TAMS 0x00000006dc400000| PB 0x00000006dc400000| Untracked 
|  98|0x00000006dc800000, 0x00000006dcc00000, 0x00000006dcc00000|100%|HC|  |TAMS 0x00000006dc800000| PB 0x00000006dc800000| Untracked 
|  99|0x00000006dcc00000, 0x00000006dd000000, 0x00000006dd000000|100%|HS|  |TAMS 0x00000006dcc00000| PB 0x00000006dcc00000| Untracked 
| 100|0x00000006dd000000, 0x00000006dd400000, 0x00000006dd400000|100%|HC|  |TAMS 0x00000006dd000000| PB 0x00000006dd000000| Untracked 
| 101|0x00000006dd400000, 0x00000006dd800000, 0x00000006dd800000|100%|HC|  |TAMS 0x00000006dd400000| PB 0x00000006dd400000| Untracked 
| 102|0x00000006dd800000, 0x00000006ddc00000, 0x00000006ddc00000|100%|HS|  |TAMS 0x00000006dd800000| PB 0x00000006dd800000| Untracked 
| 103|0x00000006ddc00000, 0x00000006de000000, 0x00000006de000000|100%|HC|  |TAMS 0x00000006ddc00000| PB 0x00000006ddc00000| Untracked 
| 104|0x00000006de000000, 0x00000006de400000, 0x00000006de400000|100%|HC|  |TAMS 0x00000006de000000| PB 0x00000006de000000| Untracked 
| 105|0x00000006de400000, 0x00000006de800000, 0x00000006de800000|100%|HS|  |TAMS 0x00000006de400000| PB 0x00000006de400000| Untracked 
| 106|0x00000006de800000, 0x00000006dec00000, 0x00000006dec00000|100%|HS|  |TAMS 0x00000006de800000| PB 0x00000006de800000| Untracked 
| 107|0x00000006dec00000, 0x00000006df000000, 0x00000006df000000|100%|HC|  |TAMS 0x00000006dec00000| PB 0x00000006dec00000| Untracked 
| 108|0x00000006df000000, 0x00000006df400000, 0x00000006df400000|100%|HC|  |TAMS 0x00000006df000000| PB 0x00000006df000000| Untracked 
| 109|0x00000006df400000, 0x00000006df800000, 0x00000006df800000|100%|HS|  |TAMS 0x00000006df400000| PB 0x00000006df400000| Untracked 
| 110|0x00000006df800000, 0x00000006dfc00000, 0x00000006dfc00000|100%|HC|  |TAMS 0x00000006df800000| PB 0x00000006df800000| Untracked 
| 111|0x00000006dfc00000, 0x00000006e0000000, 0x00000006e0000000|100%|HC|  |TAMS 0x00000006dfc00000| PB 0x00000006dfc00000| Untracked 
| 112|0x00000006e0000000, 0x00000006e0400000, 0x00000006e0400000|100%|HS|  |TAMS 0x00000006e0000000| PB 0x00000006e0000000| Untracked 
| 113|0x00000006e0400000, 0x00000006e0800000, 0x00000006e0800000|100%|HC|  |TAMS 0x00000006e0400000| PB 0x00000006e0400000| Untracked 
| 114|0x00000006e0800000, 0x00000006e0c00000, 0x00000006e0c00000|100%|HC|  |TAMS 0x00000006e0800000| PB 0x00000006e0800000| Untracked 
| 115|0x00000006e0c00000, 0x00000006e1000000, 0x00000006e1000000|100%|HS|  |TAMS 0x00000006e0c00000| PB 0x00000006e0c00000| Untracked 
| 116|0x00000006e1000000, 0x00000006e1400000, 0x00000006e1400000|100%|HC|  |TAMS 0x00000006e1000000| PB 0x00000006e1000000| Untracked 
| 117|0x00000006e1400000, 0x00000006e1800000, 0x00000006e1800000|100%|HC|  |TAMS 0x00000006e1400000| PB 0x00000006e1400000| Untracked 
| 118|0x00000006e1800000, 0x00000006e1c00000, 0x00000006e1c00000|100%|HS|  |TAMS 0x00000006e1800000| PB 0x00000006e1800000| Untracked 
| 119|0x00000006e1c00000, 0x00000006e2000000, 0x00000006e2000000|100%|HC|  |TAMS 0x00000006e1c00000| PB 0x00000006e1c00000| Untracked 
| 120|0x00000006e2000000, 0x00000006e2400000, 0x00000006e2400000|100%|HC|  |TAMS 0x00000006e2000000| PB 0x00000006e2000000| Untracked 
| 121|0x00000006e2400000, 0x00000006e2800000, 0x00000006e2800000|100%|HS|  |TAMS 0x00000006e2400000| PB 0x00000006e2400000| Untracked 
| 122|0x00000006e2800000, 0x00000006e2c00000, 0x00000006e2c00000|100%|HC|  |TAMS 0x00000006e2800000| PB 0x00000006e2800000| Untracked 
| 123|0x00000006e2c00000, 0x00000006e3000000, 0x00000006e3000000|100%|HC|  |TAMS 0x00000006e2c00000| PB 0x00000006e2c00000| Untracked 
| 124|0x00000006e3000000, 0x00000006e3400000, 0x00000006e3400000|100%|HS|  |TAMS 0x00000006e3000000| PB 0x00000006e3000000| Untracked 
| 125|0x00000006e3400000, 0x00000006e3800000, 0x00000006e3800000|100%|HC|  |TAMS 0x00000006e3400000| PB 0x00000006e3400000| Untracked 
| 126|0x00000006e3800000, 0x00000006e3c00000, 0x00000006e3c00000|100%|HC|  |TAMS 0x00000006e3800000| PB 0x00000006e3800000| Untracked 
| 127|0x00000006e3c00000, 0x00000006e4000000, 0x00000006e4000000|100%|HS|  |TAMS 0x00000006e3c00000| PB 0x00000006e3c00000| Untracked 
| 128|0x00000006e4000000, 0x00000006e4400000, 0x00000006e4400000|100%|HS|  |TAMS 0x00000006e4000000| PB 0x00000006e4000000| Untracked 
| 129|0x00000006e4400000, 0x00000006e4800000, 0x00000006e4800000|100%|HC|  |TAMS 0x00000006e4400000| PB 0x00000006e4400000| Untracked 
| 130|0x00000006e4800000, 0x00000006e4c00000, 0x00000006e4c00000|100%|HC|  |TAMS 0x00000006e4800000| PB 0x00000006e4800000| Untracked 
| 131|0x00000006e4c00000, 0x00000006e5000000, 0x00000006e5000000|100%|HS|  |TAMS 0x00000006e4c00000| PB 0x00000006e4c00000| Untracked 
| 132|0x00000006e5000000, 0x00000006e5400000, 0x00000006e5400000|100%|HC|  |TAMS 0x00000006e5000000| PB 0x00000006e5000000| Untracked 
| 133|0x00000006e5400000, 0x00000006e5800000, 0x00000006e5800000|100%|HC|  |TAMS 0x00000006e5400000| PB 0x00000006e5400000| Untracked 
| 134|0x00000006e5800000, 0x00000006e5c00000, 0x00000006e5c00000|100%|HS|  |TAMS 0x00000006e5800000| PB 0x00000006e5800000| Untracked 
| 135|0x00000006e5c00000, 0x00000006e6000000, 0x00000006e6000000|100%|HC|  |TAMS 0x00000006e5c00000| PB 0x00000006e5c00000| Untracked 
| 136|0x00000006e6000000, 0x00000006e6400000, 0x00000006e6400000|100%|HC|  |TAMS 0x00000006e6000000| PB 0x00000006e6000000| Untracked 
| 137|0x00000006e6400000, 0x00000006e6800000, 0x00000006e6800000|100%|HS|  |TAMS 0x00000006e6400000| PB 0x00000006e6400000| Untracked 
| 138|0x00000006e6800000, 0x00000006e6c00000, 0x00000006e6c00000|100%|HC|  |TAMS 0x00000006e6800000| PB 0x00000006e6800000| Untracked 
| 139|0x00000006e6c00000, 0x00000006e7000000, 0x00000006e7000000|100%|HC|  |TAMS 0x00000006e6c00000| PB 0x00000006e6c00000| Untracked 
| 140|0x00000006e7000000, 0x00000006e7400000, 0x00000006e7400000|100%|HS|  |TAMS 0x00000006e7000000| PB 0x00000006e7000000| Untracked 
| 141|0x00000006e7400000, 0x00000006e7800000, 0x00000006e7800000|100%|HC|  |TAMS 0x00000006e7400000| PB 0x00000006e7400000| Untracked 
| 142|0x00000006e7800000, 0x00000006e7c00000, 0x00000006e7c00000|100%|HC|  |TAMS 0x00000006e7800000| PB 0x00000006e7800000| Untracked 
| 143|0x00000006e7c00000, 0x00000006e8000000, 0x00000006e8000000|100%|HS|  |TAMS 0x00000006e7c00000| PB 0x00000006e7c00000| Untracked 
| 144|0x00000006e8000000, 0x00000006e8400000, 0x00000006e8400000|100%|HC|  |TAMS 0x00000006e8000000| PB 0x00000006e8000000| Untracked 
| 145|0x00000006e8400000, 0x00000006e8800000, 0x00000006e8800000|100%|HC|  |TAMS 0x00000006e8400000| PB 0x00000006e8400000| Untracked 
| 146|0x00000006e8800000, 0x00000006e8c00000, 0x00000006e8c00000|100%|HS|  |TAMS 0x00000006e8800000| PB 0x00000006e8800000| Untracked 
| 147|0x00000006e8c00000, 0x00000006e9000000, 0x00000006e9000000|100%|HC|  |TAMS 0x00000006e8c00000| PB 0x00000006e8c00000| Untracked 
| 148|0x00000006e9000000, 0x00000006e9400000, 0x00000006e9400000|100%|HC|  |TAMS 0x00000006e9000000| PB 0x00000006e9000000| Untracked 
| 149|0x00000006e9400000, 0x00000006e9800000, 0x00000006e9800000|100%|HS|  |TAMS 0x00000006e9400000| PB 0x00000006e9400000| Untracked 
| 150|0x00000006e9800000, 0x00000006e9c00000, 0x00000006e9c00000|100%|HC|  |TAMS 0x00000006e9800000| PB 0x00000006e9800000| Untracked 
| 151|0x00000006e9c00000, 0x00000006ea000000, 0x00000006ea000000|100%|HC|  |TAMS 0x00000006e9c00000| PB 0x00000006e9c00000| Untracked 
| 152|0x00000006ea000000, 0x00000006ea400000, 0x00000006ea400000|100%|HS|  |TAMS 0x00000006ea000000| PB 0x00000006ea000000| Untracked 
| 153|0x00000006ea400000, 0x00000006ea800000, 0x00000006ea800000|100%|HC|  |TAMS 0x00000006ea400000| PB 0x00000006ea400000| Untracked 
| 154|0x00000006ea800000, 0x00000006eac00000, 0x00000006eac00000|100%|HC|  |TAMS 0x00000006ea800000| PB 0x00000006ea800000| Untracked 
| 155|0x00000006eac00000, 0x00000006eb000000, 0x00000006eb000000|100%|HS|  |TAMS 0x00000006eac00000| PB 0x00000006eac00000| Untracked 
| 156|0x00000006eb000000, 0x00000006eb400000, 0x00000006eb400000|100%|HC|  |TAMS 0x00000006eb000000| PB 0x00000006eb000000| Untracked 
| 157|0x00000006eb400000, 0x00000006eb800000, 0x00000006eb800000|100%|HC|  |TAMS 0x00000006eb400000| PB 0x00000006eb400000| Untracked 
| 158|0x00000006eb800000, 0x00000006ebbe0f98, 0x00000006ebc00000| 96%| O|  |TAMS 0x00000006eb800000| PB 0x00000006eb800000| Untracked 
| 159|0x00000006ebc00000, 0x00000006ec000000, 0x00000006ec000000|100%|HS|  |TAMS 0x00000006ebc00000| PB 0x00000006ebc00000| Untracked 
| 160|0x00000006ec000000, 0x00000006ec400000, 0x00000006ec400000|100%|HS|  |TAMS 0x00000006ec000000| PB 0x00000006ec000000| Untracked 
| 161|0x00000006ec400000, 0x00000006ec800000, 0x00000006ec800000|100%|HC|  |TAMS 0x00000006ec400000| PB 0x00000006ec400000| Untracked 
| 162|0x00000006ec800000, 0x00000006ecc00000, 0x00000006ecc00000|100%|HC|  |TAMS 0x00000006ec800000| PB 0x00000006ec800000| Untracked 
| 163|0x00000006ecc00000, 0x00000006ed000000, 0x00000006ed000000|100%|HS|  |TAMS 0x00000006ecc00000| PB 0x00000006ecc00000| Untracked 
| 164|0x00000006ed000000, 0x00000006ed400000, 0x00000006ed400000|100%|HC|  |TAMS 0x00000006ed000000| PB 0x00000006ed000000| Untracked 
| 165|0x00000006ed400000, 0x00000006ed800000, 0x00000006ed800000|100%|HC|  |TAMS 0x00000006ed400000| PB 0x00000006ed400000| Untracked 
| 166|0x00000006ed800000, 0x00000006edc00000, 0x00000006edc00000|100%|HS|  |TAMS 0x00000006ed800000| PB 0x00000006ed800000| Untracked 
| 167|0x00000006edc00000, 0x00000006ee000000, 0x00000006ee000000|100%|HC|  |TAMS 0x00000006edc00000| PB 0x00000006edc00000| Untracked 
| 168|0x00000006ee000000, 0x00000006ee400000, 0x00000006ee400000|100%|HC|  |TAMS 0x00000006ee000000| PB 0x00000006ee000000| Untracked 
| 169|0x00000006ee400000, 0x00000006ee7ffff0, 0x00000006ee800000| 99%| O|  |TAMS 0x00000006ee400000| PB 0x00000006ee400000| Untracked 
| 170|0x00000006ee800000, 0x00000006eec00000, 0x00000006eec00000|100%|HS|  |TAMS 0x00000006ee800000| PB 0x00000006ee800000| Untracked 
| 171|0x00000006eec00000, 0x00000006ef000000, 0x00000006ef000000|100%|HS|  |TAMS 0x00000006eec00000| PB 0x00000006eec00000| Untracked 
| 172|0x00000006ef000000, 0x00000006ef400000, 0x00000006ef400000|100%|HC|  |TAMS 0x00000006ef000000| PB 0x00000006ef000000| Untracked 
| 173|0x00000006ef400000, 0x00000006ef800000, 0x00000006ef800000|100%|HC|  |TAMS 0x00000006ef400000| PB 0x00000006ef400000| Untracked 
| 174|0x00000006ef800000, 0x00000006efc00000, 0x00000006efc00000|100%| O|  |TAMS 0x00000006ef800000| PB 0x00000006ef800000| Untracked 
| 175|0x00000006efc00000, 0x00000006effffff8, 0x00000006f0000000| 99%| O|  |TAMS 0x00000006efc00000| PB 0x00000006efc00000| Untracked 
| 176|0x00000006f0000000, 0x00000006f0400000, 0x00000006f0400000|100%|HS|  |TAMS 0x00000006f0000000| PB 0x00000006f0000000| Untracked 
| 177|0x00000006f0400000, 0x00000006f0800000, 0x00000006f0800000|100%|HC|  |TAMS 0x00000006f0400000| PB 0x00000006f0400000| Untracked 
| 178|0x00000006f0800000, 0x00000006f0c00000, 0x00000006f0c00000|100%|HC|  |TAMS 0x00000006f0800000| PB 0x00000006f0800000| Untracked 
| 179|0x00000006f0c00000, 0x00000006f1000000, 0x00000006f1000000|100%|HS|  |TAMS 0x00000006f0c00000| PB 0x00000006f0c00000| Untracked 
| 180|0x00000006f1000000, 0x00000006f1400000, 0x00000006f1400000|100%|HC|  |TAMS 0x00000006f1000000| PB 0x00000006f1000000| Untracked 
| 181|0x00000006f1400000, 0x00000006f1800000, 0x00000006f1800000|100%|HC|  |TAMS 0x00000006f1400000| PB 0x00000006f1400000| Untracked 
| 182|0x00000006f1800000, 0x00000006f1c00000, 0x00000006f1c00000|100%|HS|  |TAMS 0x00000006f1800000| PB 0x00000006f1800000| Untracked 
| 183|0x00000006f1c00000, 0x00000006f2000000, 0x00000006f2000000|100%|HC|  |TAMS 0x00000006f1c00000| PB 0x00000006f1c00000| Untracked 
| 184|0x00000006f2000000, 0x00000006f2400000, 0x00000006f2400000|100%|HC|  |TAMS 0x00000006f2000000| PB 0x00000006f2000000| Untracked 
| 185|0x00000006f2400000, 0x00000006f2800000, 0x00000006f2800000|100%|HS|  |TAMS 0x00000006f2400000| PB 0x00000006f2400000| Untracked 
| 186|0x00000006f2800000, 0x00000006f2c00000, 0x00000006f2c00000|100%|HC|  |TAMS 0x00000006f2800000| PB 0x00000006f2800000| Untracked 
| 187|0x00000006f2c00000, 0x00000006f3000000, 0x00000006f3000000|100%|HC|  |TAMS 0x00000006f2c00000| PB 0x00000006f2c00000| Untracked 
| 188|0x00000006f3000000, 0x00000006f3400000, 0x00000006f3400000|100%|HS|  |TAMS 0x00000006f3000000| PB 0x00000006f3000000| Untracked 
| 189|0x00000006f3400000, 0x00000006f3800000, 0x00000006f3800000|100%|HC|  |TAMS 0x00000006f3400000| PB 0x00000006f3400000| Untracked 
| 190|0x00000006f3800000, 0x00000006f3c00000, 0x00000006f3c00000|100%|HC|  |TAMS 0x00000006f3800000| PB 0x00000006f3800000| Untracked 
| 191|0x00000006f3c00000, 0x00000006f4000000, 0x00000006f4000000|100%|HS|  |TAMS 0x00000006f3c00000| PB 0x00000006f3c00000| Untracked 
| 192|0x00000006f4000000, 0x00000006f4400000, 0x00000006f4400000|100%|HC|  |TAMS 0x00000006f4000000| PB 0x00000006f4000000| Untracked 
| 193|0x00000006f4400000, 0x00000006f4800000, 0x00000006f4800000|100%|HC|  |TAMS 0x00000006f4400000| PB 0x00000006f4400000| Untracked 
| 194|0x00000006f4800000, 0x00000006f4bffff0, 0x00000006f4c00000| 99%| O|  |TAMS 0x00000006f4800000| PB 0x00000006f4800000| Untracked 
| 195|0x00000006f4c00000, 0x00000006f5000000, 0x00000006f5000000|100%|HS|  |TAMS 0x00000006f4c00000| PB 0x00000006f4c00000| Untracked 
| 196|0x00000006f5000000, 0x00000006f5400000, 0x00000006f5400000|100%|HC|  |TAMS 0x00000006f5000000| PB 0x00000006f5000000| Untracked 
| 197|0x00000006f5400000, 0x00000006f5800000, 0x00000006f5800000|100%|HC|  |TAMS 0x00000006f5400000| PB 0x00000006f5400000| Untracked 
| 198|0x00000006f5800000, 0x00000006f5bfff40, 0x00000006f5c00000| 99%| O|  |TAMS 0x00000006f5800000| PB 0x00000006f5800000| Untracked 
| 199|0x00000006f5c00000, 0x00000006f6000000, 0x00000006f6000000|100%|HS|  |TAMS 0x00000006f5c00000| PB 0x00000006f5c00000| Untracked 
| 200|0x00000006f6000000, 0x00000006f6400000, 0x00000006f6400000|100%|HC|  |TAMS 0x00000006f6000000| PB 0x00000006f6000000| Untracked 
| 201|0x00000006f6400000, 0x00000006f6800000, 0x00000006f6800000|100%|HC|  |TAMS 0x00000006f6400000| PB 0x00000006f6400000| Untracked 
| 202|0x00000006f6800000, 0x00000006f6c00000, 0x00000006f6c00000|100%|HS|  |TAMS 0x00000006f6800000| PB 0x00000006f6800000| Untracked 
| 203|0x00000006f6c00000, 0x00000006f7000000, 0x00000006f7000000|100%|HC|  |TAMS 0x00000006f6c00000| PB 0x00000006f6c00000| Untracked 
| 204|0x00000006f7000000, 0x00000006f7400000, 0x00000006f7400000|100%|HC|  |TAMS 0x00000006f7000000| PB 0x00000006f7000000| Untracked 
| 205|0x00000006f7400000, 0x00000006f7800000, 0x00000006f7800000|100%|HS|  |TAMS 0x00000006f7400000| PB 0x00000006f7400000| Untracked 
| 206|0x00000006f7800000, 0x00000006f7c00000, 0x00000006f7c00000|100%|HS|  |TAMS 0x00000006f7800000| PB 0x00000006f7800000| Untracked 
| 207|0x00000006f7c00000, 0x00000006f8000000, 0x00000006f8000000|100%|HC|  |TAMS 0x00000006f7c00000| PB 0x00000006f7c00000| Untracked 
| 208|0x00000006f8000000, 0x00000006f8400000, 0x00000006f8400000|100%|HC|  |TAMS 0x00000006f8000000| PB 0x00000006f8000000| Untracked 
| 209|0x00000006f8400000, 0x00000006f8800000, 0x00000006f8800000|100%|HS|  |TAMS 0x00000006f8400000| PB 0x00000006f8400000| Untracked 
| 210|0x00000006f8800000, 0x00000006f8c00000, 0x00000006f8c00000|100%|HC|  |TAMS 0x00000006f8800000| PB 0x00000006f8800000| Untracked 
| 211|0x00000006f8c00000, 0x00000006f9000000, 0x00000006f9000000|100%|HC|  |TAMS 0x00000006f8c00000| PB 0x00000006f8c00000| Untracked 
| 212|0x00000006f9000000, 0x00000006f93fffe8, 0x00000006f9400000| 99%| O|  |TAMS 0x00000006f9000000| PB 0x00000006f9000000| Untracked 
| 213|0x00000006f9400000, 0x00000006f9800000, 0x00000006f9800000|100%|HS|  |TAMS 0x00000006f9400000| PB 0x00000006f9400000| Untracked 
| 214|0x00000006f9800000, 0x00000006f9c00000, 0x00000006f9c00000|100%|HC|  |TAMS 0x00000006f9800000| PB 0x00000006f9800000| Untracked 
| 215|0x00000006f9c00000, 0x00000006fa000000, 0x00000006fa000000|100%|HC|  |TAMS 0x00000006f9c00000| PB 0x00000006f9c00000| Untracked 
| 216|0x00000006fa000000, 0x00000006fa400000, 0x00000006fa400000|100%|HS|  |TAMS 0x00000006fa000000| PB 0x00000006fa000000| Untracked 
| 217|0x00000006fa400000, 0x00000006fa800000, 0x00000006fa800000|100%|HC|  |TAMS 0x00000006fa400000| PB 0x00000006fa400000| Untracked 
| 218|0x00000006fa800000, 0x00000006fac00000, 0x00000006fac00000|100%|HC|  |TAMS 0x00000006fa800000| PB 0x00000006fa800000| Untracked 
| 219|0x00000006fac00000, 0x00000006fb000000, 0x00000006fb000000|100%|HS|  |TAMS 0x00000006fac00000| PB 0x00000006fac00000| Untracked 
| 220|0x00000006fb000000, 0x00000006fb400000, 0x00000006fb400000|100%|HC|  |TAMS 0x00000006fb000000| PB 0x00000006fb000000| Untracked 
| 221|0x00000006fb400000, 0x00000006fb800000, 0x00000006fb800000|100%|HC|  |TAMS 0x00000006fb400000| PB 0x00000006fb400000| Untracked 
| 222|0x00000006fb800000, 0x00000006fbc00000, 0x00000006fbc00000|100%|HS|  |TAMS 0x00000006fb800000| PB 0x00000006fb800000| Untracked 
| 223|0x00000006fbc00000, 0x00000006fc000000, 0x00000006fc000000|100%|HC|  |TAMS 0x00000006fbc00000| PB 0x00000006fbc00000| Untracked 
| 224|0x00000006fc000000, 0x00000006fc400000, 0x00000006fc400000|100%|HC|  |TAMS 0x00000006fc000000| PB 0x00000006fc000000| Untracked 
| 225|0x00000006fc400000, 0x00000006fc737030, 0x00000006fc800000| 80%| O|  |TAMS 0x00000006fc400000| PB 0x00000006fc400000| Untracked 
| 226|0x00000006fc800000, 0x00000006fcbffb28, 0x00000006fcc00000| 99%| O|  |TAMS 0x00000006fc800000| PB 0x00000006fc800000| Untracked 
| 227|0x00000006fcc00000, 0x00000006fd000000, 0x00000006fd000000|100%|HS|  |TAMS 0x00000006fcc00000| PB 0x00000006fcc00000| Untracked 
| 228|0x00000006fd000000, 0x00000006fd400000, 0x00000006fd400000|100%|HC|  |TAMS 0x00000006fd000000| PB 0x00000006fd000000| Untracked 
| 229|0x00000006fd400000, 0x00000006fd800000, 0x00000006fd800000|100%|HC|  |TAMS 0x00000006fd400000| PB 0x00000006fd400000| Untracked 
| 230|0x00000006fd800000, 0x00000006fdc00000, 0x00000006fdc00000|100%|HS|  |TAMS 0x00000006fd800000| PB 0x00000006fd800000| Untracked 
| 231|0x00000006fdc00000, 0x00000006fe000000, 0x00000006fe000000|100%|HC|  |TAMS 0x00000006fdc00000| PB 0x00000006fdc00000| Untracked 
| 232|0x00000006fe000000, 0x00000006fe400000, 0x00000006fe400000|100%|HC|  |TAMS 0x00000006fe000000| PB 0x00000006fe000000| Untracked 
| 233|0x00000006fe400000, 0x00000006fe7f2370, 0x00000006fe800000| 98%| O|  |TAMS 0x00000006fe400000| PB 0x00000006fe400000| Untracked 
| 234|0x00000006fe800000, 0x00000006febe0c58, 0x00000006fec00000| 96%| O|  |TAMS 0x00000006fe800000| PB 0x00000006fe800000| Untracked 
| 235|0x00000006fec00000, 0x00000006ff000000, 0x00000006ff000000|100%|HS|  |TAMS 0x00000006fec00000| PB 0x00000006fec00000| Untracked 
| 236|0x00000006ff000000, 0x00000006ff400000, 0x00000006ff400000|100%|HC|  |TAMS 0x00000006ff000000| PB 0x00000006ff000000| Untracked 
| 237|0x00000006ff400000, 0x00000006ff800000, 0x00000006ff800000|100%|HC|  |TAMS 0x00000006ff400000| PB 0x00000006ff400000| Untracked 
| 238|0x00000006ff800000, 0x00000006ffc00000, 0x00000006ffc00000|100%|HS|  |TAMS 0x00000006ff800000| PB 0x00000006ff800000| Untracked 
| 239|0x00000006ffc00000, 0x0000000700000000, 0x0000000700000000|100%|HS|  |TAMS 0x00000006ffc00000| PB 0x00000006ffc00000| Untracked 
| 240|0x0000000700000000, 0x0000000700400000, 0x0000000700400000|100%|HC|  |TAMS 0x0000000700000000| PB 0x0000000700000000| Untracked 
| 241|0x0000000700400000, 0x0000000700800000, 0x0000000700800000|100%|HC|  |TAMS 0x0000000700400000| PB 0x0000000700400000| Untracked 
| 242|0x0000000700800000, 0x0000000700bfffe8, 0x0000000700c00000| 99%| O|  |TAMS 0x0000000700800000| PB 0x0000000700800000| Untracked 
| 243|0x0000000700c00000, 0x0000000701000000, 0x0000000701000000|100%|HS|  |TAMS 0x0000000700c00000| PB 0x0000000700c00000| Untracked 
| 244|0x0000000701000000, 0x0000000701400000, 0x0000000701400000|100%|HC|  |TAMS 0x0000000701000000| PB 0x0000000701000000| Untracked 
| 245|0x0000000701400000, 0x0000000701800000, 0x0000000701800000|100%|HC|  |TAMS 0x0000000701400000| PB 0x0000000701400000| Untracked 
| 246|0x0000000701800000, 0x0000000701c00000, 0x0000000701c00000|100%|HS|  |TAMS 0x0000000701800000| PB 0x0000000701800000| Untracked 
| 247|0x0000000701c00000, 0x0000000702000000, 0x0000000702000000|100%|HC|  |TAMS 0x0000000701c00000| PB 0x0000000701c00000| Untracked 
| 248|0x0000000702000000, 0x0000000702400000, 0x0000000702400000|100%|HC|  |TAMS 0x0000000702000000| PB 0x0000000702000000| Untracked 
| 249|0x0000000702400000, 0x0000000702800000, 0x0000000702800000|100%|HS|  |TAMS 0x0000000702400000| PB 0x0000000702400000| Untracked 
| 250|0x0000000702800000, 0x0000000702c00000, 0x0000000702c00000|100%|HC|  |TAMS 0x0000000702800000| PB 0x0000000702800000| Untracked 
| 251|0x0000000702c00000, 0x0000000703000000, 0x0000000703000000|100%|HC|  |TAMS 0x0000000702c00000| PB 0x0000000702c00000| Untracked 
| 252|0x0000000703000000, 0x0000000703400000, 0x0000000703400000|100%| O|  |TAMS 0x0000000703000000| PB 0x0000000703000000| Untracked 
| 253|0x0000000703400000, 0x0000000703800000, 0x0000000703800000|100%| O|  |TAMS 0x0000000703400000| PB 0x0000000703400000| Untracked 
| 254|0x0000000703800000, 0x0000000703c00000, 0x0000000703c00000|100%|HS|  |TAMS 0x0000000703800000| PB 0x0000000703800000| Untracked 
| 255|0x0000000703c00000, 0x0000000704000000, 0x0000000704000000|100%|HC|  |TAMS 0x0000000703c00000| PB 0x0000000703c00000| Untracked 
| 256|0x0000000704000000, 0x0000000704400000, 0x0000000704400000|100%|HC|  |TAMS 0x0000000704000000| PB 0x0000000704000000| Untracked 
| 257|0x0000000704400000, 0x0000000704800000, 0x0000000704800000|100%|HS|  |TAMS 0x0000000704400000| PB 0x0000000704400000| Untracked 
| 258|0x0000000704800000, 0x0000000704c00000, 0x0000000704c00000|100%|HC|  |TAMS 0x0000000704800000| PB 0x0000000704800000| Untracked 
| 259|0x0000000704c00000, 0x0000000705000000, 0x0000000705000000|100%|HC|  |TAMS 0x0000000704c00000| PB 0x0000000704c00000| Untracked 
| 260|0x0000000705000000, 0x0000000705400000, 0x0000000705400000|100%|HS|  |TAMS 0x0000000705000000| PB 0x0000000705000000| Untracked 
| 261|0x0000000705400000, 0x0000000705800000, 0x0000000705800000|100%|HC|  |TAMS 0x0000000705400000| PB 0x0000000705400000| Untracked 
| 262|0x0000000705800000, 0x0000000705c00000, 0x0000000705c00000|100%|HC|  |TAMS 0x0000000705800000| PB 0x0000000705800000| Untracked 
| 263|0x0000000705c00000, 0x0000000706000000, 0x0000000706000000|100%|HS|  |TAMS 0x0000000705c00000| PB 0x0000000705c00000| Untracked 
| 264|0x0000000706000000, 0x0000000706400000, 0x0000000706400000|100%|HC|  |TAMS 0x0000000706000000| PB 0x0000000706000000| Untracked 
| 265|0x0000000706400000, 0x0000000706800000, 0x0000000706800000|100%|HC|  |TAMS 0x0000000706400000| PB 0x0000000706400000| Untracked 
| 266|0x0000000706800000, 0x0000000706c00000, 0x0000000706c00000|100%|HS|  |TAMS 0x0000000706800000| PB 0x0000000706800000| Untracked 
| 267|0x0000000706c00000, 0x0000000707000000, 0x0000000707000000|100%|HC|  |TAMS 0x0000000706c00000| PB 0x0000000706c00000| Untracked 
| 268|0x0000000707000000, 0x0000000707400000, 0x0000000707400000|100%|HC|  |TAMS 0x0000000707000000| PB 0x0000000707000000| Untracked 
| 269|0x0000000707400000, 0x0000000707800000, 0x0000000707800000|100%|HS|  |TAMS 0x0000000707400000| PB 0x0000000707400000| Untracked 
| 270|0x0000000707800000, 0x0000000707c00000, 0x0000000707c00000|100%|HC|  |TAMS 0x0000000707800000| PB 0x0000000707800000| Untracked 
| 271|0x0000000707c00000, 0x0000000708000000, 0x0000000708000000|100%|HC|  |TAMS 0x0000000707c00000| PB 0x0000000707c00000| Untracked 
| 272|0x0000000708000000, 0x0000000708400000, 0x0000000708400000|100%|HS|  |TAMS 0x0000000708000000| PB 0x0000000708000000| Untracked 
| 273|0x0000000708400000, 0x0000000708800000, 0x0000000708800000|100%|HC|  |TAMS 0x0000000708400000| PB 0x0000000708400000| Untracked 
| 274|0x0000000708800000, 0x0000000708c00000, 0x0000000708c00000|100%|HC|  |TAMS 0x0000000708800000| PB 0x0000000708800000| Untracked 
| 275|0x0000000708c00000, 0x0000000709000000, 0x0000000709000000|100%|HS|  |TAMS 0x0000000708c00000| PB 0x0000000708c00000| Untracked 
| 276|0x0000000709000000, 0x0000000709400000, 0x0000000709400000|100%|HC|  |TAMS 0x0000000709000000| PB 0x0000000709000000| Untracked 
| 277|0x0000000709400000, 0x0000000709800000, 0x0000000709800000|100%|HC|  |TAMS 0x0000000709400000| PB 0x0000000709400000| Untracked 
| 278|0x0000000709800000, 0x0000000709c00000, 0x0000000709c00000|100%|HS|  |TAMS 0x0000000709800000| PB 0x0000000709800000| Untracked 
| 279|0x0000000709c00000, 0x000000070a000000, 0x000000070a000000|100%|HC|  |TAMS 0x0000000709c00000| PB 0x0000000709c00000| Untracked 
| 280|0x000000070a000000, 0x000000070a400000, 0x000000070a400000|100%|HC|  |TAMS 0x000000070a000000| PB 0x000000070a000000| Untracked 
| 281|0x000000070a400000, 0x000000070a800000, 0x000000070a800000|100%|HC|  |TAMS 0x000000070a400000| PB 0x000000070a400000| Untracked 
| 282|0x000000070a800000, 0x000000070ac00000, 0x000000070ac00000|100%|HC|  |TAMS 0x000000070a800000| PB 0x000000070a800000| Untracked 
| 283|0x000000070ac00000, 0x000000070b000000, 0x000000070b000000|100%|HC|  |TAMS 0x000000070ac00000| PB 0x000000070ac00000| Untracked 
| 284|0x000000070b000000, 0x000000070b400000, 0x000000070b400000|100%|HS|  |TAMS 0x000000070b000000| PB 0x000000070b000000| Untracked 
| 285|0x000000070b400000, 0x000000070b800000, 0x000000070b800000|100%|HC|  |TAMS 0x000000070b400000| PB 0x000000070b400000| Untracked 
| 286|0x000000070b800000, 0x000000070bc00000, 0x000000070bc00000|100%|HC|  |TAMS 0x000000070b800000| PB 0x000000070b800000| Untracked 
| 287|0x000000070bc00000, 0x000000070c000000, 0x000000070c000000|100%|HS|  |TAMS 0x000000070bc00000| PB 0x000000070bc00000| Untracked 
| 288|0x000000070c000000, 0x000000070c400000, 0x000000070c400000|100%|HC|  |TAMS 0x000000070c000000| PB 0x000000070c000000| Untracked 
| 289|0x000000070c400000, 0x000000070c800000, 0x000000070c800000|100%|HC|  |TAMS 0x000000070c400000| PB 0x000000070c400000| Untracked 
| 290|0x000000070c800000, 0x000000070cc00000, 0x000000070cc00000|100%|HS|  |TAMS 0x000000070c800000| PB 0x000000070c800000| Untracked 
| 291|0x000000070cc00000, 0x000000070d000000, 0x000000070d000000|100%|HC|  |TAMS 0x000000070cc00000| PB 0x000000070cc00000| Untracked 
| 292|0x000000070d000000, 0x000000070d400000, 0x000000070d400000|100%|HC|  |TAMS 0x000000070d000000| PB 0x000000070d000000| Untracked 
| 293|0x000000070d400000, 0x000000070d800000, 0x000000070d800000|100%|HS|  |TAMS 0x000000070d400000| PB 0x000000070d400000| Untracked 
| 294|0x000000070d800000, 0x000000070dc00000, 0x000000070dc00000|100%|HC|  |TAMS 0x000000070d800000| PB 0x000000070d800000| Untracked 
| 295|0x000000070dc00000, 0x000000070e000000, 0x000000070e000000|100%|HC|  |TAMS 0x000000070dc00000| PB 0x000000070dc00000| Untracked 
| 296|0x000000070e000000, 0x000000070e400000, 0x000000070e400000|100%|HS|  |TAMS 0x000000070e000000| PB 0x000000070e000000| Untracked 
| 297|0x000000070e400000, 0x000000070e800000, 0x000000070e800000|100%|HC|  |TAMS 0x000000070e400000| PB 0x000000070e400000| Untracked 
| 298|0x000000070e800000, 0x000000070ec00000, 0x000000070ec00000|100%|HC|  |TAMS 0x000000070e800000| PB 0x000000070e800000| Untracked 
| 299|0x000000070ec00000, 0x000000070f000000, 0x000000070f000000|100%|HS|  |TAMS 0x000000070ec00000| PB 0x000000070ec00000| Untracked 
| 300|0x000000070f000000, 0x000000070f400000, 0x000000070f400000|100%|HC|  |TAMS 0x000000070f000000| PB 0x000000070f000000| Untracked 
| 301|0x000000070f400000, 0x000000070f800000, 0x000000070f800000|100%|HC|  |TAMS 0x000000070f400000| PB 0x000000070f400000| Untracked 
| 302|0x000000070f800000, 0x000000070fc00000, 0x000000070fc00000|100%|HS|  |TAMS 0x000000070f800000| PB 0x000000070f800000| Untracked 
| 303|0x000000070fc00000, 0x0000000710000000, 0x0000000710000000|100%|HC|  |TAMS 0x000000070fc00000| PB 0x000000070fc00000| Untracked 
| 304|0x0000000710000000, 0x0000000710400000, 0x0000000710400000|100%|HC|  |TAMS 0x0000000710000000| PB 0x0000000710000000| Untracked 
| 305|0x0000000710400000, 0x0000000710800000, 0x0000000710800000|100%|HS|  |TAMS 0x0000000710400000| PB 0x0000000710400000| Untracked 
| 306|0x0000000710800000, 0x0000000710c00000, 0x0000000710c00000|100%|HC|  |TAMS 0x0000000710800000| PB 0x0000000710800000| Untracked 
| 307|0x0000000710c00000, 0x0000000711000000, 0x0000000711000000|100%|HC|  |TAMS 0x0000000710c00000| PB 0x0000000710c00000| Untracked 
| 308|0x0000000711000000, 0x0000000711400000, 0x0000000711400000|100%|HS|  |TAMS 0x0000000711000000| PB 0x0000000711000000| Untracked 
| 309|0x0000000711400000, 0x0000000711800000, 0x0000000711800000|100%|HC|  |TAMS 0x0000000711400000| PB 0x0000000711400000| Untracked 
| 310|0x0000000711800000, 0x0000000711c00000, 0x0000000711c00000|100%|HC|  |TAMS 0x0000000711800000| PB 0x0000000711800000| Untracked 
| 311|0x0000000711c00000, 0x0000000712000000, 0x0000000712000000|100%|HS|  |TAMS 0x0000000711c00000| PB 0x0000000711c00000| Untracked 
| 312|0x0000000712000000, 0x0000000712400000, 0x0000000712400000|100%|HC|  |TAMS 0x0000000712000000| PB 0x0000000712000000| Untracked 
| 313|0x0000000712400000, 0x0000000712800000, 0x0000000712800000|100%|HC|  |TAMS 0x0000000712400000| PB 0x0000000712400000| Untracked 
| 314|0x0000000712800000, 0x0000000712c00000, 0x0000000712c00000|100%|HS|  |TAMS 0x0000000712800000| PB 0x0000000712800000| Untracked 
| 315|0x0000000712c00000, 0x0000000713000000, 0x0000000713000000|100%|HC|  |TAMS 0x0000000712c00000| PB 0x0000000712c00000| Untracked 
| 316|0x0000000713000000, 0x0000000713400000, 0x0000000713400000|100%|HC|  |TAMS 0x0000000713000000| PB 0x0000000713000000| Untracked 
| 317|0x0000000713400000, 0x0000000713800000, 0x0000000713800000|100%|HS|  |TAMS 0x0000000713400000| PB 0x0000000713400000| Untracked 
| 318|0x0000000713800000, 0x0000000713c00000, 0x0000000713c00000|100%|HC|  |TAMS 0x0000000713800000| PB 0x0000000713800000| Untracked 
| 319|0x0000000713c00000, 0x0000000714000000, 0x0000000714000000|100%|HC|  |TAMS 0x0000000713c00000| PB 0x0000000713c00000| Untracked 
| 320|0x0000000714000000, 0x0000000714400000, 0x0000000714400000|100%|HS|  |TAMS 0x0000000714000000| PB 0x0000000714000000| Untracked 
| 321|0x0000000714400000, 0x0000000714800000, 0x0000000714800000|100%|HC|  |TAMS 0x0000000714400000| PB 0x0000000714400000| Untracked 
| 322|0x0000000714800000, 0x0000000714c00000, 0x0000000714c00000|100%|HC|  |TAMS 0x0000000714800000| PB 0x0000000714800000| Untracked 
| 323|0x0000000714c00000, 0x0000000715000000, 0x0000000715000000|100%|HS|  |TAMS 0x0000000714c00000| PB 0x0000000714c00000| Untracked 
| 324|0x0000000715000000, 0x0000000715400000, 0x0000000715400000|100%|HC|  |TAMS 0x0000000715000000| PB 0x0000000715000000| Untracked 
| 325|0x0000000715400000, 0x0000000715800000, 0x0000000715800000|100%|HC|  |TAMS 0x0000000715400000| PB 0x0000000715400000| Untracked 
| 326|0x0000000715800000, 0x0000000715c00000, 0x0000000715c00000|100%|HS|  |TAMS 0x0000000715800000| PB 0x0000000715800000| Untracked 
| 327|0x0000000715c00000, 0x0000000716000000, 0x0000000716000000|100%|HC|  |TAMS 0x0000000715c00000| PB 0x0000000715c00000| Untracked 
| 328|0x0000000716000000, 0x0000000716400000, 0x0000000716400000|100%|HC|  |TAMS 0x0000000716000000| PB 0x0000000716000000| Untracked 
| 329|0x0000000716400000, 0x0000000716800000, 0x0000000716800000|100%|HS|  |TAMS 0x0000000716400000| PB 0x0000000716400000| Untracked 
| 330|0x0000000716800000, 0x0000000716c00000, 0x0000000716c00000|100%|HC|  |TAMS 0x0000000716800000| PB 0x0000000716800000| Untracked 
| 331|0x0000000716c00000, 0x0000000717000000, 0x0000000717000000|100%|HC|  |TAMS 0x0000000716c00000| PB 0x0000000716c00000| Untracked 
| 332|0x0000000717000000, 0x0000000717400000, 0x0000000717400000|100%|HS|  |TAMS 0x0000000717000000| PB 0x0000000717000000| Untracked 
| 333|0x0000000717400000, 0x0000000717800000, 0x0000000717800000|100%|HC|  |TAMS 0x0000000717400000| PB 0x0000000717400000| Untracked 
| 334|0x0000000717800000, 0x0000000717c00000, 0x0000000717c00000|100%|HC|  |TAMS 0x0000000717800000| PB 0x0000000717800000| Untracked 
| 335|0x0000000717c00000, 0x0000000718000000, 0x0000000718000000|100%|HS|  |TAMS 0x0000000717c00000| PB 0x0000000717c00000| Untracked 
| 336|0x0000000718000000, 0x0000000718400000, 0x0000000718400000|100%|HC|  |TAMS 0x0000000718000000| PB 0x0000000718000000| Untracked 
| 337|0x0000000718400000, 0x0000000718800000, 0x0000000718800000|100%|HC|  |TAMS 0x0000000718400000| PB 0x0000000718400000| Untracked 
| 338|0x0000000718800000, 0x0000000718c00000, 0x0000000718c00000|100%|HS|  |TAMS 0x0000000718800000| PB 0x0000000718800000| Untracked 
| 339|0x0000000718c00000, 0x0000000719000000, 0x0000000719000000|100%|HC|  |TAMS 0x0000000718c00000| PB 0x0000000718c00000| Untracked 
| 340|0x0000000719000000, 0x0000000719400000, 0x0000000719400000|100%|HC|  |TAMS 0x0000000719000000| PB 0x0000000719000000| Untracked 
| 341|0x0000000719400000, 0x0000000719800000, 0x0000000719800000|100%|HS|  |TAMS 0x0000000719400000| PB 0x0000000719400000| Untracked 
| 342|0x0000000719800000, 0x0000000719c00000, 0x0000000719c00000|100%|HC|  |TAMS 0x0000000719800000| PB 0x0000000719800000| Untracked 
| 343|0x0000000719c00000, 0x000000071a000000, 0x000000071a000000|100%|HC|  |TAMS 0x0000000719c00000| PB 0x0000000719c00000| Untracked 
| 344|0x000000071a000000, 0x000000071a400000, 0x000000071a400000|100%|HS|  |TAMS 0x000000071a000000| PB 0x000000071a000000| Untracked 
| 345|0x000000071a400000, 0x000000071a800000, 0x000000071a800000|100%|HC|  |TAMS 0x000000071a400000| PB 0x000000071a400000| Untracked 
| 346|0x000000071a800000, 0x000000071ac00000, 0x000000071ac00000|100%|HC|  |TAMS 0x000000071a800000| PB 0x000000071a800000| Untracked 
| 347|0x000000071ac00000, 0x000000071b000000, 0x000000071b000000|100%|HS|  |TAMS 0x000000071ac00000| PB 0x000000071ac00000| Untracked 
| 348|0x000000071b000000, 0x000000071b400000, 0x000000071b400000|100%|HC|  |TAMS 0x000000071b000000| PB 0x000000071b000000| Untracked 
| 349|0x000000071b400000, 0x000000071b800000, 0x000000071b800000|100%|HC|  |TAMS 0x000000071b400000| PB 0x000000071b400000| Untracked 
| 350|0x000000071b800000, 0x000000071bc00000, 0x000000071bc00000|100%|HS|  |TAMS 0x000000071b800000| PB 0x000000071b800000| Untracked 
| 351|0x000000071bc00000, 0x000000071c000000, 0x000000071c000000|100%|HC|  |TAMS 0x000000071bc00000| PB 0x000000071bc00000| Untracked 
| 352|0x000000071c000000, 0x000000071c400000, 0x000000071c400000|100%|HC|  |TAMS 0x000000071c000000| PB 0x000000071c000000| Untracked 
| 353|0x000000071c400000, 0x000000071c800000, 0x000000071c800000|100%|HS|  |TAMS 0x000000071c400000| PB 0x000000071c400000| Untracked 
| 354|0x000000071c800000, 0x000000071cc00000, 0x000000071cc00000|100%|HC|  |TAMS 0x000000071c800000| PB 0x000000071c800000| Untracked 
| 355|0x000000071cc00000, 0x000000071d000000, 0x000000071d000000|100%|HC|  |TAMS 0x000000071cc00000| PB 0x000000071cc00000| Untracked 
| 356|0x000000071d000000, 0x000000071d400000, 0x000000071d400000|100%|HS|  |TAMS 0x000000071d000000| PB 0x000000071d000000| Untracked 
| 357|0x000000071d400000, 0x000000071d800000, 0x000000071d800000|100%|HC|  |TAMS 0x000000071d400000| PB 0x000000071d400000| Untracked 
| 358|0x000000071d800000, 0x000000071dc00000, 0x000000071dc00000|100%|HC|  |TAMS 0x000000071d800000| PB 0x000000071d800000| Untracked 
| 359|0x000000071dc00000, 0x000000071e000000, 0x000000071e000000|100%|HS|  |TAMS 0x000000071dc00000| PB 0x000000071dc00000| Untracked 
| 360|0x000000071e000000, 0x000000071e400000, 0x000000071e400000|100%|HC|  |TAMS 0x000000071e000000| PB 0x000000071e000000| Untracked 
| 361|0x000000071e400000, 0x000000071e800000, 0x000000071e800000|100%|HC|  |TAMS 0x000000071e400000| PB 0x000000071e400000| Untracked 
| 362|0x000000071e800000, 0x000000071ebcfca0, 0x000000071ec00000| 95%| O|  |TAMS 0x000000071e800000| PB 0x000000071e800000| Untracked 
| 363|0x000000071ec00000, 0x000000071f000000, 0x000000071f000000|100%|HS|  |TAMS 0x000000071ec00000| PB 0x000000071ec00000| Untracked 
| 364|0x000000071f000000, 0x000000071f400000, 0x000000071f400000|100%|HC|  |TAMS 0x000000071f000000| PB 0x000000071f000000| Untracked 
| 365|0x000000071f400000, 0x000000071f800000, 0x000000071f800000|100%|HC|  |TAMS 0x000000071f400000| PB 0x000000071f400000| Untracked 
| 366|0x000000071f800000, 0x000000071fc00000, 0x000000071fc00000|100%|HS|  |TAMS 0x000000071f800000| PB 0x000000071f800000| Untracked 
| 367|0x000000071fc00000, 0x0000000720000000, 0x0000000720000000|100%|HC|  |TAMS 0x000000071fc00000| PB 0x000000071fc00000| Untracked 
| 368|0x0000000720000000, 0x0000000720400000, 0x0000000720400000|100%|HC|  |TAMS 0x0000000720000000| PB 0x0000000720000000| Untracked 
| 369|0x0000000720400000, 0x0000000720800000, 0x0000000720800000|100%|HS|  |TAMS 0x0000000720400000| PB 0x0000000720400000| Untracked 
| 370|0x0000000720800000, 0x0000000720c00000, 0x0000000720c00000|100%|HS|  |TAMS 0x0000000720800000| PB 0x0000000720800000| Untracked 
| 371|0x0000000720c00000, 0x0000000721000000, 0x0000000721000000|100%|HC|  |TAMS 0x0000000720c00000| PB 0x0000000720c00000| Untracked 
| 372|0x0000000721000000, 0x0000000721400000, 0x0000000721400000|100%|HC|  |TAMS 0x0000000721000000| PB 0x0000000721000000| Untracked 
| 373|0x0000000721400000, 0x0000000721800000, 0x0000000721800000|100%|HS|  |TAMS 0x0000000721400000| PB 0x0000000721400000| Untracked 
| 374|0x0000000721800000, 0x0000000721c00000, 0x0000000721c00000|100%|HC|  |TAMS 0x0000000721800000| PB 0x0000000721800000| Untracked 
| 375|0x0000000721c00000, 0x0000000722000000, 0x0000000722000000|100%|HC|  |TAMS 0x0000000721c00000| PB 0x0000000721c00000| Untracked 
| 376|0x0000000722000000, 0x00000007223fa088, 0x0000000722400000| 99%| O|  |TAMS 0x0000000722000000| PB 0x0000000722000000| Untracked 
| 377|0x0000000722400000, 0x00000007227dd5f8, 0x0000000722800000| 96%| O|  |TAMS 0x0000000722400000| PB 0x0000000722400000| Untracked 
| 378|0x0000000722800000, 0x0000000722c00000, 0x0000000722c00000|100%|HS|  |TAMS 0x0000000722800000| PB 0x0000000722800000| Untracked 
| 379|0x0000000722c00000, 0x0000000723000000, 0x0000000723000000|100%|HC|  |TAMS 0x0000000722c00000| PB 0x0000000722c00000| Untracked 
| 380|0x0000000723000000, 0x0000000723400000, 0x0000000723400000|100%|HC|  |TAMS 0x0000000723000000| PB 0x0000000723000000| Untracked 
| 381|0x0000000723400000, 0x00000007237ff130, 0x0000000723800000| 99%| O|  |TAMS 0x0000000723400000| PB 0x0000000723400000| Untracked 
| 382|0x0000000723800000, 0x0000000723bfffe8, 0x0000000723c00000| 99%| O|  |TAMS 0x0000000723800000| PB 0x0000000723800000| Untracked 
| 383|0x0000000723c00000, 0x0000000724000000, 0x0000000724000000|100%|HS|  |TAMS 0x0000000723c00000| PB 0x0000000723c00000| Untracked 
| 384|0x0000000724000000, 0x0000000724400000, 0x0000000724400000|100%|HC|  |TAMS 0x0000000724000000| PB 0x0000000724000000| Untracked 
| 385|0x0000000724400000, 0x0000000724800000, 0x0000000724800000|100%|HC|  |TAMS 0x0000000724400000| PB 0x0000000724400000| Untracked 
| 386|0x0000000724800000, 0x0000000724c00000, 0x0000000724c00000|100%|HS|  |TAMS 0x0000000724800000| PB 0x0000000724800000| Untracked 
| 387|0x0000000724c00000, 0x0000000725000000, 0x0000000725000000|100%|HC|  |TAMS 0x0000000724c00000| PB 0x0000000724c00000| Untracked 
| 388|0x0000000725000000, 0x0000000725400000, 0x0000000725400000|100%|HC|  |TAMS 0x0000000725000000| PB 0x0000000725000000| Untracked 
| 389|0x0000000725400000, 0x0000000725800000, 0x0000000725800000|100%|HS|  |TAMS 0x0000000725400000| PB 0x0000000725400000| Untracked 
| 390|0x0000000725800000, 0x0000000725c00000, 0x0000000725c00000|100%|HC|  |TAMS 0x0000000725800000| PB 0x0000000725800000| Untracked 
| 391|0x0000000725c00000, 0x0000000726000000, 0x0000000726000000|100%|HC|  |TAMS 0x0000000725c00000| PB 0x0000000725c00000| Untracked 
| 392|0x0000000726000000, 0x0000000726400000, 0x0000000726400000|100%| O|  |TAMS 0x0000000726000000| PB 0x0000000726000000| Untracked 
| 393|0x0000000726400000, 0x0000000726800000, 0x0000000726800000|100%|HS|  |TAMS 0x0000000726400000| PB 0x0000000726400000| Untracked 
| 394|0x0000000726800000, 0x0000000726c00000, 0x0000000726c00000|100%|HC|  |TAMS 0x0000000726800000| PB 0x0000000726800000| Untracked 
| 395|0x0000000726c00000, 0x0000000727000000, 0x0000000727000000|100%|HC|  |TAMS 0x0000000726c00000| PB 0x0000000726c00000| Untracked 
| 396|0x0000000727000000, 0x0000000727400000, 0x0000000727400000|100%|HS|  |TAMS 0x0000000727000000| PB 0x0000000727000000| Untracked 
| 397|0x0000000727400000, 0x0000000727800000, 0x0000000727800000|100%|HC|  |TAMS 0x0000000727400000| PB 0x0000000727400000| Untracked 
| 398|0x0000000727800000, 0x0000000727c00000, 0x0000000727c00000|100%|HC|  |TAMS 0x0000000727800000| PB 0x0000000727800000| Untracked 
| 399|0x0000000727c00000, 0x0000000728000000, 0x0000000728000000|100%|HS|  |TAMS 0x0000000727c00000| PB 0x0000000727c00000| Untracked 
| 400|0x0000000728000000, 0x0000000728400000, 0x0000000728400000|100%|HC|  |TAMS 0x0000000728000000| PB 0x0000000728000000| Untracked 
| 401|0x0000000728400000, 0x0000000728800000, 0x0000000728800000|100%|HC|  |TAMS 0x0000000728400000| PB 0x0000000728400000| Untracked 
| 402|0x0000000728800000, 0x0000000728c00000, 0x0000000728c00000|100%|HS|  |TAMS 0x0000000728800000| PB 0x0000000728800000| Untracked 
| 403|0x0000000728c00000, 0x0000000729000000, 0x0000000729000000|100%|HC|  |TAMS 0x0000000728c00000| PB 0x0000000728c00000| Untracked 
| 404|0x0000000729000000, 0x0000000729400000, 0x0000000729400000|100%|HC|  |TAMS 0x0000000729000000| PB 0x0000000729000000| Untracked 
| 405|0x0000000729400000, 0x0000000729800000, 0x0000000729800000|100%|HS|  |TAMS 0x0000000729400000| PB 0x0000000729400000| Untracked 
| 406|0x0000000729800000, 0x0000000729c00000, 0x0000000729c00000|100%|HC|  |TAMS 0x0000000729800000| PB 0x0000000729800000| Untracked 
| 407|0x0000000729c00000, 0x000000072a000000, 0x000000072a000000|100%|HC|  |TAMS 0x0000000729c00000| PB 0x0000000729c00000| Untracked 
| 408|0x000000072a000000, 0x000000072a3ffa78, 0x000000072a400000| 99%| O|  |TAMS 0x000000072a000000| PB 0x000000072a000000| Untracked 
| 409|0x000000072a400000, 0x000000072a800000, 0x000000072a800000|100%|HS|  |TAMS 0x000000072a400000| PB 0x000000072a400000| Untracked 
| 410|0x000000072a800000, 0x000000072ac00000, 0x000000072ac00000|100%|HC|  |TAMS 0x000000072a800000| PB 0x000000072a800000| Untracked 
| 411|0x000000072ac00000, 0x000000072b000000, 0x000000072b000000|100%|HC|  |TAMS 0x000000072ac00000| PB 0x000000072ac00000| Untracked 
| 412|0x000000072b000000, 0x000000072b400000, 0x000000072b400000|100%|HS|  |TAMS 0x000000072b000000| PB 0x000000072b000000| Untracked 
| 413|0x000000072b400000, 0x000000072b800000, 0x000000072b800000|100%|HC|  |TAMS 0x000000072b400000| PB 0x000000072b400000| Untracked 
| 414|0x000000072b800000, 0x000000072bc00000, 0x000000072bc00000|100%|HC|  |TAMS 0x000000072b800000| PB 0x000000072b800000| Untracked 
| 415|0x000000072bc00000, 0x000000072c000000, 0x000000072c000000|100%|HS|  |TAMS 0x000000072bc00000| PB 0x000000072bc00000| Untracked 
| 416|0x000000072c000000, 0x000000072c400000, 0x000000072c400000|100%|HC|  |TAMS 0x000000072c000000| PB 0x000000072c000000| Untracked 
| 417|0x000000072c400000, 0x000000072c800000, 0x000000072c800000|100%|HC|  |TAMS 0x000000072c400000| PB 0x000000072c400000| Untracked 
| 418|0x000000072c800000, 0x000000072cc00000, 0x000000072cc00000|100%|HS|  |TAMS 0x000000072c800000| PB 0x000000072c800000| Untracked 
| 419|0x000000072cc00000, 0x000000072d000000, 0x000000072d000000|100%|HC|  |TAMS 0x000000072cc00000| PB 0x000000072cc00000| Untracked 
| 420|0x000000072d000000, 0x000000072d400000, 0x000000072d400000|100%|HC|  |TAMS 0x000000072d000000| PB 0x000000072d000000| Untracked 
| 421|0x000000072d400000, 0x000000072d800000, 0x000000072d800000|100%|HS|  |TAMS 0x000000072d400000| PB 0x000000072d400000| Untracked 
| 422|0x000000072d800000, 0x000000072dc00000, 0x000000072dc00000|100%|HC|  |TAMS 0x000000072d800000| PB 0x000000072d800000| Untracked 
| 423|0x000000072dc00000, 0x000000072e000000, 0x000000072e000000|100%|HC|  |TAMS 0x000000072dc00000| PB 0x000000072dc00000| Untracked 
| 424|0x000000072e000000, 0x000000072e400000, 0x000000072e400000|100%|HS|  |TAMS 0x000000072e000000| PB 0x000000072e000000| Untracked 
| 425|0x000000072e400000, 0x000000072e800000, 0x000000072e800000|100%|HC|  |TAMS 0x000000072e400000| PB 0x000000072e400000| Untracked 
| 426|0x000000072e800000, 0x000000072ec00000, 0x000000072ec00000|100%|HC|  |TAMS 0x000000072e800000| PB 0x000000072e800000| Untracked 
| 427|0x000000072ec00000, 0x000000072f000000, 0x000000072f000000|100%|HS|  |TAMS 0x000000072ec00000| PB 0x000000072ec00000| Untracked 
| 428|0x000000072f000000, 0x000000072f400000, 0x000000072f400000|100%|HC|  |TAMS 0x000000072f000000| PB 0x000000072f000000| Untracked 
| 429|0x000000072f400000, 0x000000072f800000, 0x000000072f800000|100%|HC|  |TAMS 0x000000072f400000| PB 0x000000072f400000| Untracked 
| 430|0x000000072f800000, 0x000000072fc00000, 0x000000072fc00000|100%|HS|  |TAMS 0x000000072f800000| PB 0x000000072f800000| Untracked 
| 431|0x000000072fc00000, 0x0000000730000000, 0x0000000730000000|100%|HC|  |TAMS 0x000000072fc00000| PB 0x000000072fc00000| Untracked 
| 432|0x0000000730000000, 0x0000000730400000, 0x0000000730400000|100%|HC|  |TAMS 0x0000000730000000| PB 0x0000000730000000| Untracked 
| 433|0x0000000730400000, 0x0000000730800000, 0x0000000730800000|100%|HS|  |TAMS 0x0000000730400000| PB 0x0000000730400000| Untracked 
| 434|0x0000000730800000, 0x0000000730c00000, 0x0000000730c00000|100%|HC|  |TAMS 0x0000000730800000| PB 0x0000000730800000| Untracked 
| 435|0x0000000730c00000, 0x0000000731000000, 0x0000000731000000|100%|HC|  |TAMS 0x0000000730c00000| PB 0x0000000730c00000| Untracked 
| 436|0x0000000731000000, 0x0000000731400000, 0x0000000731400000|100%|HS|  |TAMS 0x0000000731000000| PB 0x0000000731000000| Untracked 
| 437|0x0000000731400000, 0x0000000731800000, 0x0000000731800000|100%|HC|  |TAMS 0x0000000731400000| PB 0x0000000731400000| Untracked 
| 438|0x0000000731800000, 0x0000000731c00000, 0x0000000731c00000|100%|HC|  |TAMS 0x0000000731800000| PB 0x0000000731800000| Untracked 
| 439|0x0000000731c00000, 0x0000000732000000, 0x0000000732000000|100%|HS|  |TAMS 0x0000000731c00000| PB 0x0000000731c00000| Untracked 
| 440|0x0000000732000000, 0x0000000732400000, 0x0000000732400000|100%|HC|  |TAMS 0x0000000732000000| PB 0x0000000732000000| Untracked 
| 441|0x0000000732400000, 0x0000000732800000, 0x0000000732800000|100%|HC|  |TAMS 0x0000000732400000| PB 0x0000000732400000| Untracked 
| 442|0x0000000732800000, 0x0000000732c00000, 0x0000000732c00000|100%|HS|  |TAMS 0x0000000732800000| PB 0x0000000732800000| Untracked 
| 443|0x0000000732c00000, 0x0000000733000000, 0x0000000733000000|100%|HC|  |TAMS 0x0000000732c00000| PB 0x0000000732c00000| Untracked 
| 444|0x0000000733000000, 0x0000000733400000, 0x0000000733400000|100%|HC|  |TAMS 0x0000000733000000| PB 0x0000000733000000| Untracked 
| 445|0x0000000733400000, 0x0000000733800000, 0x0000000733800000|100%|HS|  |TAMS 0x0000000733400000| PB 0x0000000733400000| Untracked 
| 446|0x0000000733800000, 0x0000000733c00000, 0x0000000733c00000|100%|HC|  |TAMS 0x0000000733800000| PB 0x0000000733800000| Untracked 
| 447|0x0000000733c00000, 0x0000000734000000, 0x0000000734000000|100%|HC|  |TAMS 0x0000000733c00000| PB 0x0000000733c00000| Untracked 
| 448|0x0000000734000000, 0x0000000734400000, 0x0000000734400000|100%|HS|  |TAMS 0x0000000734000000| PB 0x0000000734000000| Untracked 
| 449|0x0000000734400000, 0x0000000734800000, 0x0000000734800000|100%|HC|  |TAMS 0x0000000734400000| PB 0x0000000734400000| Untracked 
| 450|0x0000000734800000, 0x0000000734c00000, 0x0000000734c00000|100%|HC|  |TAMS 0x0000000734800000| PB 0x0000000734800000| Untracked 
| 451|0x0000000734c00000, 0x0000000735000000, 0x0000000735000000|100%|HS|  |TAMS 0x0000000734c00000| PB 0x0000000734c00000| Untracked 
| 452|0x0000000735000000, 0x0000000735400000, 0x0000000735400000|100%|HC|  |TAMS 0x0000000735000000| PB 0x0000000735000000| Untracked 
| 453|0x0000000735400000, 0x0000000735800000, 0x0000000735800000|100%|HC|  |TAMS 0x0000000735400000| PB 0x0000000735400000| Untracked 
| 454|0x0000000735800000, 0x0000000735c00000, 0x0000000735c00000|100%|HS|  |TAMS 0x0000000735800000| PB 0x0000000735800000| Untracked 
| 455|0x0000000735c00000, 0x0000000736000000, 0x0000000736000000|100%|HC|  |TAMS 0x0000000735c00000| PB 0x0000000735c00000| Untracked 
| 456|0x0000000736000000, 0x0000000736400000, 0x0000000736400000|100%|HC|  |TAMS 0x0000000736000000| PB 0x0000000736000000| Untracked 
| 457|0x0000000736400000, 0x0000000736800000, 0x0000000736800000|100%|HS|  |TAMS 0x0000000736400000| PB 0x0000000736400000| Untracked 
| 458|0x0000000736800000, 0x0000000736c00000, 0x0000000736c00000|100%|HC|  |TAMS 0x0000000736800000| PB 0x0000000736800000| Untracked 
| 459|0x0000000736c00000, 0x0000000737000000, 0x0000000737000000|100%|HC|  |TAMS 0x0000000736c00000| PB 0x0000000736c00000| Untracked 
| 460|0x0000000737000000, 0x0000000737400000, 0x0000000737400000|100%|HS|  |TAMS 0x0000000737000000| PB 0x0000000737000000| Untracked 
| 461|0x0000000737400000, 0x0000000737800000, 0x0000000737800000|100%|HC|  |TAMS 0x0000000737400000| PB 0x0000000737400000| Untracked 
| 462|0x0000000737800000, 0x0000000737c00000, 0x0000000737c00000|100%|HC|  |TAMS 0x0000000737800000| PB 0x0000000737800000| Untracked 
| 463|0x0000000737c00000, 0x0000000738000000, 0x0000000738000000|100%|HS|  |TAMS 0x0000000737c00000| PB 0x0000000737c00000| Untracked 
| 464|0x0000000738000000, 0x0000000738400000, 0x0000000738400000|100%|HC|  |TAMS 0x0000000738000000| PB 0x0000000738000000| Untracked 
| 465|0x0000000738400000, 0x0000000738800000, 0x0000000738800000|100%|HC|  |TAMS 0x0000000738400000| PB 0x0000000738400000| Untracked 
| 466|0x0000000738800000, 0x0000000738c00000, 0x0000000738c00000|100%|HS|  |TAMS 0x0000000738800000| PB 0x0000000738800000| Untracked 
| 467|0x0000000738c00000, 0x0000000739000000, 0x0000000739000000|100%|HC|  |TAMS 0x0000000738c00000| PB 0x0000000738c00000| Untracked 
| 468|0x0000000739000000, 0x0000000739400000, 0x0000000739400000|100%|HC|  |TAMS 0x0000000739000000| PB 0x0000000739000000| Untracked 
| 469|0x0000000739400000, 0x0000000739800000, 0x0000000739800000|100%|HS|  |TAMS 0x0000000739400000| PB 0x0000000739400000| Untracked 
| 470|0x0000000739800000, 0x0000000739c00000, 0x0000000739c00000|100%|HC|  |TAMS 0x0000000739800000| PB 0x0000000739800000| Untracked 
| 471|0x0000000739c00000, 0x000000073a000000, 0x000000073a000000|100%|HC|  |TAMS 0x0000000739c00000| PB 0x0000000739c00000| Untracked 
| 472|0x000000073a000000, 0x000000073a400000, 0x000000073a400000|100%|HS|  |TAMS 0x000000073a000000| PB 0x000000073a000000| Untracked 
| 473|0x000000073a400000, 0x000000073a800000, 0x000000073a800000|100%|HC|  |TAMS 0x000000073a400000| PB 0x000000073a400000| Untracked 
| 474|0x000000073a800000, 0x000000073ac00000, 0x000000073ac00000|100%|HC|  |TAMS 0x000000073a800000| PB 0x000000073a800000| Untracked 
| 475|0x000000073ac00000, 0x000000073b000000, 0x000000073b000000|100%|HS|  |TAMS 0x000000073ac00000| PB 0x000000073ac00000| Untracked 
| 476|0x000000073b000000, 0x000000073b400000, 0x000000073b400000|100%|HC|  |TAMS 0x000000073b000000| PB 0x000000073b000000| Untracked 
| 477|0x000000073b400000, 0x000000073b800000, 0x000000073b800000|100%|HC|  |TAMS 0x000000073b400000| PB 0x000000073b400000| Untracked 
| 478|0x000000073b800000, 0x000000073bc00000, 0x000000073bc00000|100%|HS|  |TAMS 0x000000073b800000| PB 0x000000073b800000| Untracked 
| 479|0x000000073bc00000, 0x000000073c000000, 0x000000073c000000|100%|HC|  |TAMS 0x000000073bc00000| PB 0x000000073bc00000| Untracked 
| 480|0x000000073c000000, 0x000000073c400000, 0x000000073c400000|100%|HC|  |TAMS 0x000000073c000000| PB 0x000000073c000000| Untracked 
| 481|0x000000073c400000, 0x000000073c800000, 0x000000073c800000|100%|HS|  |TAMS 0x000000073c400000| PB 0x000000073c400000| Untracked 
| 482|0x000000073c800000, 0x000000073cc00000, 0x000000073cc00000|100%|HC|  |TAMS 0x000000073c800000| PB 0x000000073c800000| Untracked 
| 483|0x000000073cc00000, 0x000000073d000000, 0x000000073d000000|100%|HC|  |TAMS 0x000000073cc00000| PB 0x000000073cc00000| Untracked 
| 484|0x000000073d000000, 0x000000073d400000, 0x000000073d400000|100%|HS|  |TAMS 0x000000073d000000| PB 0x000000073d000000| Untracked 
| 485|0x000000073d400000, 0x000000073d800000, 0x000000073d800000|100%|HC|  |TAMS 0x000000073d400000| PB 0x000000073d400000| Untracked 
| 486|0x000000073d800000, 0x000000073dc00000, 0x000000073dc00000|100%|HC|  |TAMS 0x000000073d800000| PB 0x000000073d800000| Untracked 
| 487|0x000000073dc00000, 0x000000073e000000, 0x000000073e000000|100%|HS|  |TAMS 0x000000073dc00000| PB 0x000000073dc00000| Untracked 
| 488|0x000000073e000000, 0x000000073e400000, 0x000000073e400000|100%|HC|  |TAMS 0x000000073e000000| PB 0x000000073e000000| Untracked 
| 489|0x000000073e400000, 0x000000073e800000, 0x000000073e800000|100%|HC|  |TAMS 0x000000073e400000| PB 0x000000073e400000| Untracked 
| 490|0x000000073e800000, 0x000000073ec00000, 0x000000073ec00000|100%|HS|  |TAMS 0x000000073e800000| PB 0x000000073e800000| Untracked 
| 491|0x000000073ec00000, 0x000000073f000000, 0x000000073f000000|100%|HC|  |TAMS 0x000000073ec00000| PB 0x000000073ec00000| Untracked 
| 492|0x000000073f000000, 0x000000073f400000, 0x000000073f400000|100%|HC|  |TAMS 0x000000073f000000| PB 0x000000073f000000| Untracked 
| 493|0x000000073f400000, 0x000000073f800000, 0x000000073f800000|100%|HS|  |TAMS 0x000000073f400000| PB 0x000000073f400000| Untracked 
| 494|0x000000073f800000, 0x000000073fc00000, 0x000000073fc00000|100%|HC|  |TAMS 0x000000073f800000| PB 0x000000073f800000| Untracked 
| 495|0x000000073fc00000, 0x0000000740000000, 0x0000000740000000|100%|HC|  |TAMS 0x000000073fc00000| PB 0x000000073fc00000| Untracked 
| 496|0x0000000740000000, 0x0000000740400000, 0x0000000740400000|100%|HS|  |TAMS 0x0000000740000000| PB 0x0000000740000000| Untracked 
| 497|0x0000000740400000, 0x0000000740800000, 0x0000000740800000|100%|HC|  |TAMS 0x0000000740400000| PB 0x0000000740400000| Untracked 
| 498|0x0000000740800000, 0x0000000740c00000, 0x0000000740c00000|100%|HC|  |TAMS 0x0000000740800000| PB 0x0000000740800000| Untracked 
| 499|0x0000000740c00000, 0x0000000741000000, 0x0000000741000000|100%|HS|  |TAMS 0x0000000740c00000| PB 0x0000000740c00000| Untracked 
| 500|0x0000000741000000, 0x0000000741400000, 0x0000000741400000|100%|HC|  |TAMS 0x0000000741000000| PB 0x0000000741000000| Untracked 
| 501|0x0000000741400000, 0x0000000741800000, 0x0000000741800000|100%|HC|  |TAMS 0x0000000741400000| PB 0x0000000741400000| Untracked 
| 502|0x0000000741800000, 0x0000000741c00000, 0x0000000741c00000|100%|HS|  |TAMS 0x0000000741800000| PB 0x0000000741800000| Untracked 
| 503|0x0000000741c00000, 0x0000000742000000, 0x0000000742000000|100%|HC|  |TAMS 0x0000000741c00000| PB 0x0000000741c00000| Untracked 
| 504|0x0000000742000000, 0x0000000742400000, 0x0000000742400000|100%|HC|  |TAMS 0x0000000742000000| PB 0x0000000742000000| Untracked 
| 505|0x0000000742400000, 0x0000000742800000, 0x0000000742800000|100%|HS|  |TAMS 0x0000000742400000| PB 0x0000000742400000| Untracked 
| 506|0x0000000742800000, 0x0000000742c00000, 0x0000000742c00000|100%|HC|  |TAMS 0x0000000742800000| PB 0x0000000742800000| Untracked 
| 507|0x0000000742c00000, 0x0000000743000000, 0x0000000743000000|100%|HC|  |TAMS 0x0000000742c00000| PB 0x0000000742c00000| Untracked 
| 508|0x0000000743000000, 0x0000000743400000, 0x0000000743400000|100%|HS|  |TAMS 0x0000000743000000| PB 0x0000000743000000| Untracked 
| 509|0x0000000743400000, 0x0000000743800000, 0x0000000743800000|100%|HC|  |TAMS 0x0000000743400000| PB 0x0000000743400000| Untracked 
| 510|0x0000000743800000, 0x0000000743c00000, 0x0000000743c00000|100%|HC|  |TAMS 0x0000000743800000| PB 0x0000000743800000| Untracked 
| 511|0x0000000743c00000, 0x0000000744000000, 0x0000000744000000|100%|HS|  |TAMS 0x0000000743c00000| PB 0x0000000743c00000| Untracked 
| 512|0x0000000744000000, 0x0000000744400000, 0x0000000744400000|100%|HC|  |TAMS 0x0000000744000000| PB 0x0000000744000000| Untracked 
| 513|0x0000000744400000, 0x0000000744800000, 0x0000000744800000|100%|HC|  |TAMS 0x0000000744400000| PB 0x0000000744400000| Untracked 
| 514|0x0000000744800000, 0x0000000744c00000, 0x0000000744c00000|100%|HS|  |TAMS 0x0000000744800000| PB 0x0000000744800000| Untracked 
| 515|0x0000000744c00000, 0x0000000745000000, 0x0000000745000000|100%|HC|  |TAMS 0x0000000744c00000| PB 0x0000000744c00000| Untracked 
| 516|0x0000000745000000, 0x0000000745400000, 0x0000000745400000|100%|HC|  |TAMS 0x0000000745000000| PB 0x0000000745000000| Untracked 
| 517|0x0000000745400000, 0x0000000745800000, 0x0000000745800000|100%|HS|  |TAMS 0x0000000745400000| PB 0x0000000745400000| Untracked 
| 518|0x0000000745800000, 0x0000000745c00000, 0x0000000745c00000|100%|HC|  |TAMS 0x0000000745800000| PB 0x0000000745800000| Untracked 
| 519|0x0000000745c00000, 0x0000000746000000, 0x0000000746000000|100%|HC|  |TAMS 0x0000000745c00000| PB 0x0000000745c00000| Untracked 
| 520|0x0000000746000000, 0x0000000746400000, 0x0000000746400000|100%|HS|  |TAMS 0x0000000746000000| PB 0x0000000746000000| Untracked 
| 521|0x0000000746400000, 0x0000000746800000, 0x0000000746800000|100%|HC|  |TAMS 0x0000000746400000| PB 0x0000000746400000| Untracked 
| 522|0x0000000746800000, 0x0000000746c00000, 0x0000000746c00000|100%|HC|  |TAMS 0x0000000746800000| PB 0x0000000746800000| Untracked 
| 523|0x0000000746c00000, 0x0000000747000000, 0x0000000747000000|100%|HS|  |TAMS 0x0000000746c00000| PB 0x0000000746c00000| Untracked 
| 524|0x0000000747000000, 0x0000000747400000, 0x0000000747400000|100%|HC|  |TAMS 0x0000000747000000| PB 0x0000000747000000| Untracked 
| 525|0x0000000747400000, 0x0000000747800000, 0x0000000747800000|100%|HC|  |TAMS 0x0000000747400000| PB 0x0000000747400000| Untracked 
| 526|0x0000000747800000, 0x0000000747c00000, 0x0000000747c00000|100%|HS|  |TAMS 0x0000000747800000| PB 0x0000000747800000| Untracked 
| 527|0x0000000747c00000, 0x0000000748000000, 0x0000000748000000|100%|HC|  |TAMS 0x0000000747c00000| PB 0x0000000747c00000| Untracked 
| 528|0x0000000748000000, 0x0000000748400000, 0x0000000748400000|100%|HC|  |TAMS 0x0000000748000000| PB 0x0000000748000000| Untracked 
| 529|0x0000000748400000, 0x0000000748800000, 0x0000000748800000|100%|HS|  |TAMS 0x0000000748400000| PB 0x0000000748400000| Untracked 
| 530|0x0000000748800000, 0x0000000748c00000, 0x0000000748c00000|100%|HC|  |TAMS 0x0000000748800000| PB 0x0000000748800000| Untracked 
| 531|0x0000000748c00000, 0x0000000749000000, 0x0000000749000000|100%|HC|  |TAMS 0x0000000748c00000| PB 0x0000000748c00000| Untracked 
| 532|0x0000000749000000, 0x0000000749400000, 0x0000000749400000|100%|HS|  |TAMS 0x0000000749000000| PB 0x0000000749000000| Untracked 
| 533|0x0000000749400000, 0x0000000749800000, 0x0000000749800000|100%|HC|  |TAMS 0x0000000749400000| PB 0x0000000749400000| Untracked 
| 534|0x0000000749800000, 0x0000000749c00000, 0x0000000749c00000|100%|HC|  |TAMS 0x0000000749800000| PB 0x0000000749800000| Untracked 
| 535|0x0000000749c00000, 0x000000074a000000, 0x000000074a000000|100%|HS|  |TAMS 0x0000000749c00000| PB 0x0000000749c00000| Untracked 
| 536|0x000000074a000000, 0x000000074a400000, 0x000000074a400000|100%|HC|  |TAMS 0x000000074a000000| PB 0x000000074a000000| Untracked 
| 537|0x000000074a400000, 0x000000074a800000, 0x000000074a800000|100%|HC|  |TAMS 0x000000074a400000| PB 0x000000074a400000| Untracked 
| 538|0x000000074a800000, 0x000000074ac00000, 0x000000074ac00000|100%|HS|  |TAMS 0x000000074a800000| PB 0x000000074a800000| Untracked 
| 539|0x000000074ac00000, 0x000000074b000000, 0x000000074b000000|100%|HC|  |TAMS 0x000000074ac00000| PB 0x000000074ac00000| Untracked 
| 540|0x000000074b000000, 0x000000074b400000, 0x000000074b400000|100%|HC|  |TAMS 0x000000074b000000| PB 0x000000074b000000| Untracked 
| 541|0x000000074b400000, 0x000000074b800000, 0x000000074b800000|100%|HS|  |TAMS 0x000000074b400000| PB 0x000000074b400000| Untracked 
| 542|0x000000074b800000, 0x000000074bc00000, 0x000000074bc00000|100%|HC|  |TAMS 0x000000074b800000| PB 0x000000074b800000| Untracked 
| 543|0x000000074bc00000, 0x000000074c000000, 0x000000074c000000|100%|HC|  |TAMS 0x000000074bc00000| PB 0x000000074bc00000| Untracked 
| 544|0x000000074c000000, 0x000000074c400000, 0x000000074c400000|100%|HS|  |TAMS 0x000000074c000000| PB 0x000000074c000000| Untracked 
| 545|0x000000074c400000, 0x000000074c800000, 0x000000074c800000|100%|HC|  |TAMS 0x000000074c400000| PB 0x000000074c400000| Untracked 
| 546|0x000000074c800000, 0x000000074cc00000, 0x000000074cc00000|100%|HC|  |TAMS 0x000000074c800000| PB 0x000000074c800000| Untracked 
| 547|0x000000074cc00000, 0x000000074d000000, 0x000000074d000000|100%|HS|  |TAMS 0x000000074cc00000| PB 0x000000074cc00000| Untracked 
| 548|0x000000074d000000, 0x000000074d400000, 0x000000074d400000|100%|HC|  |TAMS 0x000000074d000000| PB 0x000000074d000000| Untracked 
| 549|0x000000074d400000, 0x000000074d800000, 0x000000074d800000|100%|HC|  |TAMS 0x000000074d400000| PB 0x000000074d400000| Untracked 
| 550|0x000000074d800000, 0x000000074dc00000, 0x000000074dc00000|100%|HS|  |TAMS 0x000000074d800000| PB 0x000000074d800000| Untracked 
| 551|0x000000074dc00000, 0x000000074e000000, 0x000000074e000000|100%|HC|  |TAMS 0x000000074dc00000| PB 0x000000074dc00000| Untracked 
| 552|0x000000074e000000, 0x000000074e400000, 0x000000074e400000|100%|HC|  |TAMS 0x000000074e000000| PB 0x000000074e000000| Untracked 
| 553|0x000000074e400000, 0x000000074e800000, 0x000000074e800000|100%|HS|  |TAMS 0x000000074e400000| PB 0x000000074e400000| Untracked 
| 554|0x000000074e800000, 0x000000074ec00000, 0x000000074ec00000|100%|HC|  |TAMS 0x000000074e800000| PB 0x000000074e800000| Untracked 
| 555|0x000000074ec00000, 0x000000074f000000, 0x000000074f000000|100%|HC|  |TAMS 0x000000074ec00000| PB 0x000000074ec00000| Untracked 
| 556|0x000000074f000000, 0x000000074f400000, 0x000000074f400000|100%|HS|  |TAMS 0x000000074f000000| PB 0x000000074f000000| Untracked 
| 557|0x000000074f400000, 0x000000074f800000, 0x000000074f800000|100%|HC|  |TAMS 0x000000074f400000| PB 0x000000074f400000| Untracked 
| 558|0x000000074f800000, 0x000000074fc00000, 0x000000074fc00000|100%|HC|  |TAMS 0x000000074f800000| PB 0x000000074f800000| Untracked 
| 559|0x000000074fc00000, 0x0000000750000000, 0x0000000750000000|100%|HS|  |TAMS 0x000000074fc00000| PB 0x000000074fc00000| Untracked 
| 560|0x0000000750000000, 0x0000000750400000, 0x0000000750400000|100%|HC|  |TAMS 0x0000000750000000| PB 0x0000000750000000| Untracked 
| 561|0x0000000750400000, 0x0000000750800000, 0x0000000750800000|100%|HC|  |TAMS 0x0000000750400000| PB 0x0000000750400000| Untracked 
| 562|0x0000000750800000, 0x0000000750c00000, 0x0000000750c00000|100%|HS|  |TAMS 0x0000000750800000| PB 0x0000000750800000| Untracked 
| 563|0x0000000750c00000, 0x0000000751000000, 0x0000000751000000|100%|HC|  |TAMS 0x0000000750c00000| PB 0x0000000750c00000| Untracked 
| 564|0x0000000751000000, 0x0000000751400000, 0x0000000751400000|100%|HC|  |TAMS 0x0000000751000000| PB 0x0000000751000000| Untracked 
| 565|0x0000000751400000, 0x0000000751800000, 0x0000000751800000|100%|HS|  |TAMS 0x0000000751400000| PB 0x0000000751400000| Untracked 
| 566|0x0000000751800000, 0x0000000751c00000, 0x0000000751c00000|100%|HC|  |TAMS 0x0000000751800000| PB 0x0000000751800000| Untracked 
| 567|0x0000000751c00000, 0x0000000752000000, 0x0000000752000000|100%|HC|  |TAMS 0x0000000751c00000| PB 0x0000000751c00000| Untracked 
| 568|0x0000000752000000, 0x0000000752400000, 0x0000000752400000|100%|HS|  |TAMS 0x0000000752000000| PB 0x0000000752000000| Untracked 
| 569|0x0000000752400000, 0x0000000752800000, 0x0000000752800000|100%|HC|  |TAMS 0x0000000752400000| PB 0x0000000752400000| Untracked 
| 570|0x0000000752800000, 0x0000000752c00000, 0x0000000752c00000|100%|HC|  |TAMS 0x0000000752800000| PB 0x0000000752800000| Untracked 
| 571|0x0000000752c00000, 0x0000000753000000, 0x0000000753000000|100%|HS|  |TAMS 0x0000000752c00000| PB 0x0000000752c00000| Untracked 
| 572|0x0000000753000000, 0x0000000753400000, 0x0000000753400000|100%|HC|  |TAMS 0x0000000753000000| PB 0x0000000753000000| Untracked 
| 573|0x0000000753400000, 0x0000000753800000, 0x0000000753800000|100%|HC|  |TAMS 0x0000000753400000| PB 0x0000000753400000| Untracked 
| 574|0x0000000753800000, 0x0000000753c00000, 0x0000000753c00000|100%|HS|  |TAMS 0x0000000753800000| PB 0x0000000753800000| Untracked 
| 575|0x0000000753c00000, 0x0000000754000000, 0x0000000754000000|100%|HC|  |TAMS 0x0000000753c00000| PB 0x0000000753c00000| Untracked 
| 576|0x0000000754000000, 0x0000000754400000, 0x0000000754400000|100%|HC|  |TAMS 0x0000000754000000| PB 0x0000000754000000| Untracked 
| 577|0x0000000754400000, 0x0000000754800000, 0x0000000754800000|100%|HS|  |TAMS 0x0000000754400000| PB 0x0000000754400000| Untracked 
| 578|0x0000000754800000, 0x0000000754c00000, 0x0000000754c00000|100%|HC|  |TAMS 0x0000000754800000| PB 0x0000000754800000| Untracked 
| 579|0x0000000754c00000, 0x0000000755000000, 0x0000000755000000|100%|HC|  |TAMS 0x0000000754c00000| PB 0x0000000754c00000| Untracked 
| 580|0x0000000755000000, 0x0000000755400000, 0x0000000755400000|100%|HS|  |TAMS 0x0000000755000000| PB 0x0000000755000000| Untracked 
| 581|0x0000000755400000, 0x0000000755800000, 0x0000000755800000|100%|HC|  |TAMS 0x0000000755400000| PB 0x0000000755400000| Untracked 
| 582|0x0000000755800000, 0x0000000755c00000, 0x0000000755c00000|100%|HC|  |TAMS 0x0000000755800000| PB 0x0000000755800000| Untracked 
| 583|0x0000000755c00000, 0x0000000756000000, 0x0000000756000000|100%|HS|  |TAMS 0x0000000755c00000| PB 0x0000000755c00000| Untracked 
| 584|0x0000000756000000, 0x0000000756400000, 0x0000000756400000|100%|HC|  |TAMS 0x0000000756000000| PB 0x0000000756000000| Untracked 
| 585|0x0000000756400000, 0x0000000756800000, 0x0000000756800000|100%|HC|  |TAMS 0x0000000756400000| PB 0x0000000756400000| Untracked 
| 586|0x0000000756800000, 0x0000000756c00000, 0x0000000756c00000|100%|HS|  |TAMS 0x0000000756800000| PB 0x0000000756800000| Untracked 
| 587|0x0000000756c00000, 0x0000000757000000, 0x0000000757000000|100%|HC|  |TAMS 0x0000000756c00000| PB 0x0000000756c00000| Untracked 
| 588|0x0000000757000000, 0x0000000757400000, 0x0000000757400000|100%|HC|  |TAMS 0x0000000757000000| PB 0x0000000757000000| Untracked 
| 589|0x0000000757400000, 0x0000000757800000, 0x0000000757800000|100%|HS|  |TAMS 0x0000000757400000| PB 0x0000000757400000| Untracked 
| 590|0x0000000757800000, 0x0000000757c00000, 0x0000000757c00000|100%|HC|  |TAMS 0x0000000757800000| PB 0x0000000757800000| Untracked 
| 591|0x0000000757c00000, 0x0000000758000000, 0x0000000758000000|100%|HC|  |TAMS 0x0000000757c00000| PB 0x0000000757c00000| Untracked 
| 592|0x0000000758000000, 0x0000000758400000, 0x0000000758400000|100%|HS|  |TAMS 0x0000000758000000| PB 0x0000000758000000| Untracked 
| 593|0x0000000758400000, 0x0000000758800000, 0x0000000758800000|100%|HC|  |TAMS 0x0000000758400000| PB 0x0000000758400000| Untracked 
| 594|0x0000000758800000, 0x0000000758c00000, 0x0000000758c00000|100%|HC|  |TAMS 0x0000000758800000| PB 0x0000000758800000| Untracked 
| 595|0x0000000758c00000, 0x0000000759000000, 0x0000000759000000|100%|HS|  |TAMS 0x0000000758c00000| PB 0x0000000758c00000| Untracked 
| 596|0x0000000759000000, 0x0000000759400000, 0x0000000759400000|100%|HC|  |TAMS 0x0000000759000000| PB 0x0000000759000000| Untracked 
| 597|0x0000000759400000, 0x0000000759800000, 0x0000000759800000|100%|HC|  |TAMS 0x0000000759400000| PB 0x0000000759400000| Untracked 
| 598|0x0000000759800000, 0x0000000759c00000, 0x0000000759c00000|100%|HS|  |TAMS 0x0000000759800000| PB 0x0000000759800000| Untracked 
| 599|0x0000000759c00000, 0x000000075a000000, 0x000000075a000000|100%|HC|  |TAMS 0x0000000759c00000| PB 0x0000000759c00000| Untracked 
| 600|0x000000075a000000, 0x000000075a400000, 0x000000075a400000|100%|HC|  |TAMS 0x000000075a000000| PB 0x000000075a000000| Untracked 
| 601|0x000000075a400000, 0x000000075a800000, 0x000000075a800000|100%|HS|  |TAMS 0x000000075a400000| PB 0x000000075a400000| Untracked 
| 602|0x000000075a800000, 0x000000075ac00000, 0x000000075ac00000|100%|HC|  |TAMS 0x000000075a800000| PB 0x000000075a800000| Untracked 
| 603|0x000000075ac00000, 0x000000075b000000, 0x000000075b000000|100%|HC|  |TAMS 0x000000075ac00000| PB 0x000000075ac00000| Untracked 
| 604|0x000000075b000000, 0x000000075b400000, 0x000000075b400000|100%|HS|  |TAMS 0x000000075b000000| PB 0x000000075b000000| Untracked 
| 605|0x000000075b400000, 0x000000075b800000, 0x000000075b800000|100%|HC|  |TAMS 0x000000075b400000| PB 0x000000075b400000| Untracked 
| 606|0x000000075b800000, 0x000000075bc00000, 0x000000075bc00000|100%|HC|  |TAMS 0x000000075b800000| PB 0x000000075b800000| Untracked 
| 607|0x000000075bc00000, 0x000000075c000000, 0x000000075c000000|100%|HS|  |TAMS 0x000000075bc00000| PB 0x000000075bc00000| Untracked 
| 608|0x000000075c000000, 0x000000075c400000, 0x000000075c400000|100%|HC|  |TAMS 0x000000075c000000| PB 0x000000075c000000| Untracked 
| 609|0x000000075c400000, 0x000000075c800000, 0x000000075c800000|100%|HC|  |TAMS 0x000000075c400000| PB 0x000000075c400000| Untracked 
| 610|0x000000075c800000, 0x000000075cc00000, 0x000000075cc00000|100%|HS|  |TAMS 0x000000075c800000| PB 0x000000075c800000| Untracked 
| 611|0x000000075cc00000, 0x000000075d000000, 0x000000075d000000|100%|HC|  |TAMS 0x000000075cc00000| PB 0x000000075cc00000| Untracked 
| 612|0x000000075d000000, 0x000000075d400000, 0x000000075d400000|100%|HC|  |TAMS 0x000000075d000000| PB 0x000000075d000000| Untracked 
| 613|0x000000075d400000, 0x000000075d800000, 0x000000075d800000|100%|HS|  |TAMS 0x000000075d400000| PB 0x000000075d400000| Untracked 
| 614|0x000000075d800000, 0x000000075dc00000, 0x000000075dc00000|100%|HC|  |TAMS 0x000000075d800000| PB 0x000000075d800000| Untracked 
| 615|0x000000075dc00000, 0x000000075e000000, 0x000000075e000000|100%|HC|  |TAMS 0x000000075dc00000| PB 0x000000075dc00000| Untracked 
| 616|0x000000075e000000, 0x000000075e400000, 0x000000075e400000|100%|HS|  |TAMS 0x000000075e000000| PB 0x000000075e000000| Untracked 
| 617|0x000000075e400000, 0x000000075e800000, 0x000000075e800000|100%|HC|  |TAMS 0x000000075e400000| PB 0x000000075e400000| Untracked 
| 618|0x000000075e800000, 0x000000075ec00000, 0x000000075ec00000|100%|HC|  |TAMS 0x000000075e800000| PB 0x000000075e800000| Untracked 
| 619|0x000000075ec00000, 0x000000075f000000, 0x000000075f000000|100%|HS|  |TAMS 0x000000075ec00000| PB 0x000000075ec00000| Untracked 
| 620|0x000000075f000000, 0x000000075f400000, 0x000000075f400000|100%|HC|  |TAMS 0x000000075f000000| PB 0x000000075f000000| Untracked 
| 621|0x000000075f400000, 0x000000075f800000, 0x000000075f800000|100%|HC|  |TAMS 0x000000075f400000| PB 0x000000075f400000| Untracked 
| 622|0x000000075f800000, 0x000000075fc00000, 0x000000075fc00000|100%|HS|  |TAMS 0x000000075f800000| PB 0x000000075f800000| Untracked 
| 623|0x000000075fc00000, 0x0000000760000000, 0x0000000760000000|100%|HC|  |TAMS 0x000000075fc00000| PB 0x000000075fc00000| Untracked 
| 624|0x0000000760000000, 0x0000000760400000, 0x0000000760400000|100%|HC|  |TAMS 0x0000000760000000| PB 0x0000000760000000| Untracked 
| 625|0x0000000760400000, 0x0000000760800000, 0x0000000760800000|100%|HS|  |TAMS 0x0000000760400000| PB 0x0000000760400000| Untracked 
| 626|0x0000000760800000, 0x0000000760c00000, 0x0000000760c00000|100%|HC|  |TAMS 0x0000000760800000| PB 0x0000000760800000| Untracked 
| 627|0x0000000760c00000, 0x0000000761000000, 0x0000000761000000|100%|HC|  |TAMS 0x0000000760c00000| PB 0x0000000760c00000| Untracked 
| 628|0x0000000761000000, 0x0000000761400000, 0x0000000761400000|100%|HS|  |TAMS 0x0000000761000000| PB 0x0000000761000000| Untracked 
| 629|0x0000000761400000, 0x0000000761800000, 0x0000000761800000|100%|HC|  |TAMS 0x0000000761400000| PB 0x0000000761400000| Untracked 
| 630|0x0000000761800000, 0x0000000761c00000, 0x0000000761c00000|100%|HC|  |TAMS 0x0000000761800000| PB 0x0000000761800000| Untracked 
| 631|0x0000000761c00000, 0x0000000762000000, 0x0000000762000000|100%|HS|  |TAMS 0x0000000761c00000| PB 0x0000000761c00000| Untracked 
| 632|0x0000000762000000, 0x0000000762400000, 0x0000000762400000|100%|HC|  |TAMS 0x0000000762000000| PB 0x0000000762000000| Untracked 
| 633|0x0000000762400000, 0x0000000762800000, 0x0000000762800000|100%|HC|  |TAMS 0x0000000762400000| PB 0x0000000762400000| Untracked 
| 634|0x0000000762800000, 0x0000000762c00000, 0x0000000762c00000|100%|HS|  |TAMS 0x0000000762800000| PB 0x0000000762800000| Untracked 
| 635|0x0000000762c00000, 0x0000000763000000, 0x0000000763000000|100%|HC|  |TAMS 0x0000000762c00000| PB 0x0000000762c00000| Untracked 
| 636|0x0000000763000000, 0x0000000763400000, 0x0000000763400000|100%|HC|  |TAMS 0x0000000763000000| PB 0x0000000763000000| Untracked 
| 637|0x0000000763400000, 0x0000000763800000, 0x0000000763800000|100%|HS|  |TAMS 0x0000000763400000| PB 0x0000000763400000| Untracked 
| 638|0x0000000763800000, 0x0000000763c00000, 0x0000000763c00000|100%|HC|  |TAMS 0x0000000763800000| PB 0x0000000763800000| Untracked 
| 639|0x0000000763c00000, 0x0000000764000000, 0x0000000764000000|100%|HC|  |TAMS 0x0000000763c00000| PB 0x0000000763c00000| Untracked 
| 640|0x0000000764000000, 0x0000000764400000, 0x0000000764400000|100%|HS|  |TAMS 0x0000000764000000| PB 0x0000000764000000| Untracked 
| 641|0x0000000764400000, 0x0000000764800000, 0x0000000764800000|100%|HC|  |TAMS 0x0000000764400000| PB 0x0000000764400000| Untracked 
| 642|0x0000000764800000, 0x0000000764c00000, 0x0000000764c00000|100%|HC|  |TAMS 0x0000000764800000| PB 0x0000000764800000| Untracked 
| 643|0x0000000764c00000, 0x0000000765000000, 0x0000000765000000|100%|HS|  |TAMS 0x0000000764c00000| PB 0x0000000764c00000| Untracked 
| 644|0x0000000765000000, 0x0000000765400000, 0x0000000765400000|100%|HC|  |TAMS 0x0000000765000000| PB 0x0000000765000000| Untracked 
| 645|0x0000000765400000, 0x0000000765800000, 0x0000000765800000|100%|HC|  |TAMS 0x0000000765400000| PB 0x0000000765400000| Untracked 
| 646|0x0000000765800000, 0x0000000765c00000, 0x0000000765c00000|100%|HS|  |TAMS 0x0000000765800000| PB 0x0000000765800000| Untracked 
| 647|0x0000000765c00000, 0x0000000766000000, 0x0000000766000000|100%|HC|  |TAMS 0x0000000765c00000| PB 0x0000000765c00000| Untracked 
| 648|0x0000000766000000, 0x0000000766400000, 0x0000000766400000|100%|HC|  |TAMS 0x0000000766000000| PB 0x0000000766000000| Untracked 
| 649|0x0000000766400000, 0x0000000766800000, 0x0000000766800000|100%|HS|  |TAMS 0x0000000766400000| PB 0x0000000766400000| Untracked 
| 650|0x0000000766800000, 0x0000000766c00000, 0x0000000766c00000|100%|HC|  |TAMS 0x0000000766800000| PB 0x0000000766800000| Untracked 
| 651|0x0000000766c00000, 0x0000000767000000, 0x0000000767000000|100%|HC|  |TAMS 0x0000000766c00000| PB 0x0000000766c00000| Untracked 
| 652|0x0000000767000000, 0x0000000767400000, 0x0000000767400000|100%|HS|  |TAMS 0x0000000767000000| PB 0x0000000767000000| Untracked 
| 653|0x0000000767400000, 0x0000000767800000, 0x0000000767800000|100%|HC|  |TAMS 0x0000000767400000| PB 0x0000000767400000| Untracked 
| 654|0x0000000767800000, 0x0000000767c00000, 0x0000000767c00000|100%|HC|  |TAMS 0x0000000767800000| PB 0x0000000767800000| Untracked 
| 655|0x0000000767c00000, 0x0000000768000000, 0x0000000768000000|100%|HS|  |TAMS 0x0000000767c00000| PB 0x0000000767c00000| Untracked 
| 656|0x0000000768000000, 0x0000000768400000, 0x0000000768400000|100%|HC|  |TAMS 0x0000000768000000| PB 0x0000000768000000| Untracked 
| 657|0x0000000768400000, 0x0000000768800000, 0x0000000768800000|100%|HC|  |TAMS 0x0000000768400000| PB 0x0000000768400000| Untracked 
| 658|0x0000000768800000, 0x0000000768c00000, 0x0000000768c00000|100%|HS|  |TAMS 0x0000000768800000| PB 0x0000000768800000| Untracked 
| 659|0x0000000768c00000, 0x0000000769000000, 0x0000000769000000|100%|HC|  |TAMS 0x0000000768c00000| PB 0x0000000768c00000| Untracked 
| 660|0x0000000769000000, 0x0000000769400000, 0x0000000769400000|100%|HC|  |TAMS 0x0000000769000000| PB 0x0000000769000000| Untracked 
| 661|0x0000000769400000, 0x0000000769800000, 0x0000000769800000|100%|HS|  |TAMS 0x0000000769400000| PB 0x0000000769400000| Untracked 
| 662|0x0000000769800000, 0x0000000769c00000, 0x0000000769c00000|100%|HC|  |TAMS 0x0000000769800000| PB 0x0000000769800000| Untracked 
| 663|0x0000000769c00000, 0x000000076a000000, 0x000000076a000000|100%|HC|  |TAMS 0x0000000769c00000| PB 0x0000000769c00000| Untracked 
| 664|0x000000076a000000, 0x000000076a400000, 0x000000076a400000|100%|HS|  |TAMS 0x000000076a000000| PB 0x000000076a000000| Untracked 
| 665|0x000000076a400000, 0x000000076a800000, 0x000000076a800000|100%|HS|  |TAMS 0x000000076a400000| PB 0x000000076a400000| Untracked 
| 666|0x000000076a800000, 0x000000076ac00000, 0x000000076ac00000|100%|HC|  |TAMS 0x000000076a800000| PB 0x000000076a800000| Untracked 
| 667|0x000000076ac00000, 0x000000076b000000, 0x000000076b000000|100%|HC|  |TAMS 0x000000076ac00000| PB 0x000000076ac00000| Untracked 
| 668|0x000000076b000000, 0x000000076b400000, 0x000000076b400000|100%|HS|  |TAMS 0x000000076b000000| PB 0x000000076b000000| Untracked 
| 669|0x000000076b400000, 0x000000076b800000, 0x000000076b800000|100%|HC|  |TAMS 0x000000076b400000| PB 0x000000076b400000| Untracked 
| 670|0x000000076b800000, 0x000000076bc00000, 0x000000076bc00000|100%|HC|  |TAMS 0x000000076b800000| PB 0x000000076b800000| Untracked 
| 671|0x000000076bc00000, 0x000000076c000000, 0x000000076c000000|100%|HS|  |TAMS 0x000000076bc00000| PB 0x000000076bc00000| Untracked 
| 672|0x000000076c000000, 0x000000076c400000, 0x000000076c400000|100%|HC|  |TAMS 0x000000076c000000| PB 0x000000076c000000| Untracked 
| 673|0x000000076c400000, 0x000000076c800000, 0x000000076c800000|100%|HC|  |TAMS 0x000000076c400000| PB 0x000000076c400000| Untracked 
| 674|0x000000076c800000, 0x000000076cc00000, 0x000000076cc00000|100%|HS|  |TAMS 0x000000076c800000| PB 0x000000076c800000| Untracked 
| 675|0x000000076cc00000, 0x000000076d000000, 0x000000076d000000|100%|HC|  |TAMS 0x000000076cc00000| PB 0x000000076cc00000| Untracked 
| 676|0x000000076d000000, 0x000000076d400000, 0x000000076d400000|100%|HC|  |TAMS 0x000000076d000000| PB 0x000000076d000000| Untracked 
| 677|0x000000076d400000, 0x000000076d800000, 0x000000076d800000|100%|HS|  |TAMS 0x000000076d400000| PB 0x000000076d400000| Untracked 
| 678|0x000000076d800000, 0x000000076dc00000, 0x000000076dc00000|100%|HC|  |TAMS 0x000000076d800000| PB 0x000000076d800000| Untracked 
| 679|0x000000076dc00000, 0x000000076e000000, 0x000000076e000000|100%|HC|  |TAMS 0x000000076dc00000| PB 0x000000076dc00000| Untracked 
| 680|0x000000076e000000, 0x000000076e400000, 0x000000076e400000|100%|HS|  |TAMS 0x000000076e000000| PB 0x000000076e000000| Untracked 
| 681|0x000000076e400000, 0x000000076e800000, 0x000000076e800000|100%|HC|  |TAMS 0x000000076e400000| PB 0x000000076e400000| Untracked 
| 682|0x000000076e800000, 0x000000076ec00000, 0x000000076ec00000|100%|HC|  |TAMS 0x000000076e800000| PB 0x000000076e800000| Untracked 
| 683|0x000000076ec00000, 0x000000076f000000, 0x000000076f000000|100%|HS|  |TAMS 0x000000076ec00000| PB 0x000000076ec00000| Untracked 
| 684|0x000000076f000000, 0x000000076f400000, 0x000000076f400000|100%|HC|  |TAMS 0x000000076f000000| PB 0x000000076f000000| Untracked 
| 685|0x000000076f400000, 0x000000076f800000, 0x000000076f800000|100%|HC|  |TAMS 0x000000076f400000| PB 0x000000076f400000| Untracked 
| 686|0x000000076f800000, 0x000000076fc00000, 0x000000076fc00000|100%|HS|  |TAMS 0x000000076f800000| PB 0x000000076f800000| Untracked 
| 687|0x000000076fc00000, 0x0000000770000000, 0x0000000770000000|100%|HC|  |TAMS 0x000000076fc00000| PB 0x000000076fc00000| Untracked 
| 688|0x0000000770000000, 0x0000000770400000, 0x0000000770400000|100%|HC|  |TAMS 0x0000000770000000| PB 0x0000000770000000| Untracked 
| 689|0x0000000770400000, 0x0000000770800000, 0x0000000770800000|100%|HS|  |TAMS 0x0000000770400000| PB 0x0000000770400000| Untracked 
| 690|0x0000000770800000, 0x0000000770c00000, 0x0000000770c00000|100%|HC|  |TAMS 0x0000000770800000| PB 0x0000000770800000| Untracked 
| 691|0x0000000770c00000, 0x0000000771000000, 0x0000000771000000|100%|HC|  |TAMS 0x0000000770c00000| PB 0x0000000770c00000| Untracked 
| 692|0x0000000771000000, 0x0000000771400000, 0x0000000771400000|100%|HS|  |TAMS 0x0000000771000000| PB 0x0000000771000000| Untracked 
| 693|0x0000000771400000, 0x0000000771800000, 0x0000000771800000|100%|HC|  |TAMS 0x0000000771400000| PB 0x0000000771400000| Untracked 
| 694|0x0000000771800000, 0x0000000771c00000, 0x0000000771c00000|100%|HC|  |TAMS 0x0000000771800000| PB 0x0000000771800000| Untracked 
| 695|0x0000000771c00000, 0x0000000772000000, 0x0000000772000000|100%|HS|  |TAMS 0x0000000771c00000| PB 0x0000000771c00000| Untracked 
| 696|0x0000000772000000, 0x0000000772400000, 0x0000000772400000|100%|HC|  |TAMS 0x0000000772000000| PB 0x0000000772000000| Untracked 
| 697|0x0000000772400000, 0x0000000772800000, 0x0000000772800000|100%|HC|  |TAMS 0x0000000772400000| PB 0x0000000772400000| Untracked 
| 698|0x0000000772800000, 0x0000000772c00000, 0x0000000772c00000|100%|HS|  |TAMS 0x0000000772800000| PB 0x0000000772800000| Untracked 
| 699|0x0000000772c00000, 0x0000000773000000, 0x0000000773000000|100%|HC|  |TAMS 0x0000000772c00000| PB 0x0000000772c00000| Untracked 
| 700|0x0000000773000000, 0x0000000773400000, 0x0000000773400000|100%|HC|  |TAMS 0x0000000773000000| PB 0x0000000773000000| Untracked 
| 701|0x0000000773400000, 0x0000000773800000, 0x0000000773800000|100%|HS|  |TAMS 0x0000000773400000| PB 0x0000000773400000| Untracked 
| 702|0x0000000773800000, 0x0000000773c00000, 0x0000000773c00000|100%|HC|  |TAMS 0x0000000773800000| PB 0x0000000773800000| Untracked 
| 703|0x0000000773c00000, 0x0000000774000000, 0x0000000774000000|100%|HC|  |TAMS 0x0000000773c00000| PB 0x0000000773c00000| Untracked 
| 704|0x0000000774000000, 0x0000000774400000, 0x0000000774400000|100%|HS|  |TAMS 0x0000000774000000| PB 0x0000000774000000| Untracked 
| 705|0x0000000774400000, 0x0000000774800000, 0x0000000774800000|100%|HC|  |TAMS 0x0000000774400000| PB 0x0000000774400000| Untracked 
| 706|0x0000000774800000, 0x0000000774c00000, 0x0000000774c00000|100%|HC|  |TAMS 0x0000000774800000| PB 0x0000000774800000| Untracked 
| 707|0x0000000774c00000, 0x0000000775000000, 0x0000000775000000|100%|HS|  |TAMS 0x0000000774c00000| PB 0x0000000774c00000| Untracked 
| 708|0x0000000775000000, 0x0000000775400000, 0x0000000775400000|100%|HC|  |TAMS 0x0000000775000000| PB 0x0000000775000000| Untracked 
| 709|0x0000000775400000, 0x0000000775800000, 0x0000000775800000|100%|HC|  |TAMS 0x0000000775400000| PB 0x0000000775400000| Untracked 
| 710|0x0000000775800000, 0x0000000775c00000, 0x0000000775c00000|100%|HS|  |TAMS 0x0000000775800000| PB 0x0000000775800000| Untracked 
| 711|0x0000000775c00000, 0x0000000776000000, 0x0000000776000000|100%|HC|  |TAMS 0x0000000775c00000| PB 0x0000000775c00000| Untracked 
| 712|0x0000000776000000, 0x0000000776400000, 0x0000000776400000|100%|HC|  |TAMS 0x0000000776000000| PB 0x0000000776000000| Untracked 
| 713|0x0000000776400000, 0x0000000776800000, 0x0000000776800000|100%|HS|  |TAMS 0x0000000776400000| PB 0x0000000776400000| Untracked 
| 714|0x0000000776800000, 0x0000000776c00000, 0x0000000776c00000|100%|HC|  |TAMS 0x0000000776800000| PB 0x0000000776800000| Untracked 
| 715|0x0000000776c00000, 0x0000000777000000, 0x0000000777000000|100%|HC|  |TAMS 0x0000000776c00000| PB 0x0000000776c00000| Untracked 
| 716|0x0000000777000000, 0x0000000777400000, 0x0000000777400000|100%|HS|  |TAMS 0x0000000777000000| PB 0x0000000777000000| Untracked 
| 717|0x0000000777400000, 0x0000000777800000, 0x0000000777800000|100%|HC|  |TAMS 0x0000000777400000| PB 0x0000000777400000| Untracked 
| 718|0x0000000777800000, 0x0000000777c00000, 0x0000000777c00000|100%|HC|  |TAMS 0x0000000777800000| PB 0x0000000777800000| Untracked 
| 719|0x0000000777c00000, 0x0000000778000000, 0x0000000778000000|100%|HS|  |TAMS 0x0000000777c00000| PB 0x0000000777c00000| Untracked 
| 720|0x0000000778000000, 0x0000000778400000, 0x0000000778400000|100%|HC|  |TAMS 0x0000000778000000| PB 0x0000000778000000| Untracked 
| 721|0x0000000778400000, 0x0000000778800000, 0x0000000778800000|100%|HC|  |TAMS 0x0000000778400000| PB 0x0000000778400000| Untracked 
| 722|0x0000000778800000, 0x0000000778c00000, 0x0000000778c00000|100%|HS|  |TAMS 0x0000000778800000| PB 0x0000000778800000| Untracked 
| 723|0x0000000778c00000, 0x0000000779000000, 0x0000000779000000|100%|HC|  |TAMS 0x0000000778c00000| PB 0x0000000778c00000| Untracked 
| 724|0x0000000779000000, 0x0000000779400000, 0x0000000779400000|100%|HC|  |TAMS 0x0000000779000000| PB 0x0000000779000000| Untracked 
| 725|0x0000000779400000, 0x0000000779800000, 0x0000000779800000|100%|HS|  |TAMS 0x0000000779400000| PB 0x0000000779400000| Untracked 
| 726|0x0000000779800000, 0x0000000779c00000, 0x0000000779c00000|100%|HC|  |TAMS 0x0000000779800000| PB 0x0000000779800000| Untracked 
| 727|0x0000000779c00000, 0x000000077a000000, 0x000000077a000000|100%|HC|  |TAMS 0x0000000779c00000| PB 0x0000000779c00000| Untracked 
| 728|0x000000077a000000, 0x000000077a400000, 0x000000077a400000|100%|HS|  |TAMS 0x000000077a000000| PB 0x000000077a000000| Untracked 
| 729|0x000000077a400000, 0x000000077a800000, 0x000000077a800000|100%|HC|  |TAMS 0x000000077a400000| PB 0x000000077a400000| Untracked 
| 730|0x000000077a800000, 0x000000077ac00000, 0x000000077ac00000|100%|HC|  |TAMS 0x000000077a800000| PB 0x000000077a800000| Untracked 
| 731|0x000000077ac00000, 0x000000077b000000, 0x000000077b000000|100%|HS|  |TAMS 0x000000077ac00000| PB 0x000000077ac00000| Untracked 
| 732|0x000000077b000000, 0x000000077b400000, 0x000000077b400000|100%|HS|  |TAMS 0x000000077b000000| PB 0x000000077b000000| Untracked 
| 733|0x000000077b400000, 0x000000077b800000, 0x000000077b800000|100%|HC|  |TAMS 0x000000077b400000| PB 0x000000077b400000| Untracked 
| 734|0x000000077b800000, 0x000000077bc00000, 0x000000077bc00000|100%|HC|  |TAMS 0x000000077b800000| PB 0x000000077b800000| Untracked 
| 735|0x000000077bc00000, 0x000000077c000000, 0x000000077c000000|100%|HS|  |TAMS 0x000000077bc00000| PB 0x000000077bc00000| Untracked 
| 736|0x000000077c000000, 0x000000077c400000, 0x000000077c400000|100%|HC|  |TAMS 0x000000077c000000| PB 0x000000077c000000| Untracked 
| 737|0x000000077c400000, 0x000000077c800000, 0x000000077c800000|100%|HC|  |TAMS 0x000000077c400000| PB 0x000000077c400000| Untracked 
| 738|0x000000077c800000, 0x000000077cc00000, 0x000000077cc00000|100%|HS|  |TAMS 0x000000077c800000| PB 0x000000077c800000| Untracked 
| 739|0x000000077cc00000, 0x000000077d000000, 0x000000077d000000|100%|HC|  |TAMS 0x000000077cc00000| PB 0x000000077cc00000| Untracked 
| 740|0x000000077d000000, 0x000000077d400000, 0x000000077d400000|100%|HC|  |TAMS 0x000000077d000000| PB 0x000000077d000000| Untracked 
| 741|0x000000077d400000, 0x000000077d800000, 0x000000077d800000|100%|HS|  |TAMS 0x000000077d400000| PB 0x000000077d400000| Untracked 
| 742|0x000000077d800000, 0x000000077dc00000, 0x000000077dc00000|100%|HC|  |TAMS 0x000000077d800000| PB 0x000000077d800000| Untracked 
| 743|0x000000077dc00000, 0x000000077e000000, 0x000000077e000000|100%|HC|  |TAMS 0x000000077dc00000| PB 0x000000077dc00000| Untracked 
| 744|0x000000077e000000, 0x000000077e400000, 0x000000077e400000|100%|HS|  |TAMS 0x000000077e000000| PB 0x000000077e000000| Untracked 
| 745|0x000000077e400000, 0x000000077e800000, 0x000000077e800000|100%|HC|  |TAMS 0x000000077e400000| PB 0x000000077e400000| Untracked 
| 746|0x000000077e800000, 0x000000077ec00000, 0x000000077ec00000|100%|HC|  |TAMS 0x000000077e800000| PB 0x000000077e800000| Untracked 
| 747|0x000000077ec00000, 0x000000077f000000, 0x000000077f000000|100%|HS|  |TAMS 0x000000077ec00000| PB 0x000000077ec00000| Untracked 
| 748|0x000000077f000000, 0x000000077f400000, 0x000000077f400000|100%|HC|  |TAMS 0x000000077f000000| PB 0x000000077f000000| Untracked 
| 749|0x000000077f400000, 0x000000077f800000, 0x000000077f800000|100%|HC|  |TAMS 0x000000077f400000| PB 0x000000077f400000| Untracked 
| 750|0x000000077f800000, 0x000000077fc00000, 0x000000077fc00000|100%|HS|  |TAMS 0x000000077f800000| PB 0x000000077f800000| Untracked 
| 751|0x000000077fc00000, 0x0000000780000000, 0x0000000780000000|100%|HC|  |TAMS 0x000000077fc00000| PB 0x000000077fc00000| Untracked 
| 752|0x0000000780000000, 0x0000000780400000, 0x0000000780400000|100%|HC|  |TAMS 0x0000000780000000| PB 0x0000000780000000| Untracked 
| 753|0x0000000780400000, 0x0000000780800000, 0x0000000780800000|100%|HS|  |TAMS 0x0000000780400000| PB 0x0000000780400000| Untracked 
| 754|0x0000000780800000, 0x0000000780c00000, 0x0000000780c00000|100%|HC|  |TAMS 0x0000000780800000| PB 0x0000000780800000| Untracked 
| 755|0x0000000780c00000, 0x0000000781000000, 0x0000000781000000|100%|HC|  |TAMS 0x0000000780c00000| PB 0x0000000780c00000| Untracked 
| 756|0x0000000781000000, 0x0000000781400000, 0x0000000781400000|100%|HS|  |TAMS 0x0000000781000000| PB 0x0000000781000000| Untracked 
| 757|0x0000000781400000, 0x0000000781800000, 0x0000000781800000|100%|HC|  |TAMS 0x0000000781400000| PB 0x0000000781400000| Untracked 
| 758|0x0000000781800000, 0x0000000781c00000, 0x0000000781c00000|100%|HC|  |TAMS 0x0000000781800000| PB 0x0000000781800000| Untracked 
| 759|0x0000000781c00000, 0x0000000782000000, 0x0000000782000000|100%|HS|  |TAMS 0x0000000781c00000| PB 0x0000000781c00000| Untracked 
| 760|0x0000000782000000, 0x0000000782400000, 0x0000000782400000|100%|HC|  |TAMS 0x0000000782000000| PB 0x0000000782000000| Untracked 
| 761|0x0000000782400000, 0x0000000782800000, 0x0000000782800000|100%|HC|  |TAMS 0x0000000782400000| PB 0x0000000782400000| Untracked 
| 762|0x0000000782800000, 0x0000000782c00000, 0x0000000782c00000|100%|HS|  |TAMS 0x0000000782800000| PB 0x0000000782800000| Untracked 
| 763|0x0000000782c00000, 0x0000000783000000, 0x0000000783000000|100%|HC|  |TAMS 0x0000000782c00000| PB 0x0000000782c00000| Untracked 
| 764|0x0000000783000000, 0x0000000783400000, 0x0000000783400000|100%|HC|  |TAMS 0x0000000783000000| PB 0x0000000783000000| Untracked 
| 765|0x0000000783400000, 0x0000000783800000, 0x0000000783800000|100%|HS|  |TAMS 0x0000000783400000| PB 0x0000000783400000| Untracked 
| 766|0x0000000783800000, 0x0000000783c00000, 0x0000000783c00000|100%|HC|  |TAMS 0x0000000783800000| PB 0x0000000783800000| Untracked 
| 767|0x0000000783c00000, 0x0000000784000000, 0x0000000784000000|100%|HC|  |TAMS 0x0000000783c00000| PB 0x0000000783c00000| Untracked 
| 768|0x0000000784000000, 0x0000000784400000, 0x0000000784400000|100%|HS|  |TAMS 0x0000000784000000| PB 0x0000000784000000| Untracked 
| 769|0x0000000784400000, 0x0000000784800000, 0x0000000784800000|100%|HC|  |TAMS 0x0000000784400000| PB 0x0000000784400000| Untracked 
| 770|0x0000000784800000, 0x0000000784c00000, 0x0000000784c00000|100%|HC|  |TAMS 0x0000000784800000| PB 0x0000000784800000| Untracked 
| 771|0x0000000784c00000, 0x0000000785000000, 0x0000000785000000|100%|HS|  |TAMS 0x0000000784c00000| PB 0x0000000784c00000| Untracked 
| 772|0x0000000785000000, 0x0000000785400000, 0x0000000785400000|100%|HC|  |TAMS 0x0000000785000000| PB 0x0000000785000000| Untracked 
| 773|0x0000000785400000, 0x0000000785800000, 0x0000000785800000|100%|HC|  |TAMS 0x0000000785400000| PB 0x0000000785400000| Untracked 
| 774|0x0000000785800000, 0x0000000785c00000, 0x0000000785c00000|100%|HS|  |TAMS 0x0000000785800000| PB 0x0000000785800000| Untracked 
| 775|0x0000000785c00000, 0x0000000786000000, 0x0000000786000000|100%|HC|  |TAMS 0x0000000785c00000| PB 0x0000000785c00000| Untracked 
| 776|0x0000000786000000, 0x0000000786400000, 0x0000000786400000|100%|HC|  |TAMS 0x0000000786000000| PB 0x0000000786000000| Untracked 
| 777|0x0000000786400000, 0x0000000786800000, 0x0000000786800000|100%|HS|  |TAMS 0x0000000786400000| PB 0x0000000786400000| Untracked 
| 778|0x0000000786800000, 0x0000000786c00000, 0x0000000786c00000|100%|HC|  |TAMS 0x0000000786800000| PB 0x0000000786800000| Untracked 
| 779|0x0000000786c00000, 0x0000000787000000, 0x0000000787000000|100%|HC|  |TAMS 0x0000000786c00000| PB 0x0000000786c00000| Untracked 
| 780|0x0000000787000000, 0x0000000787400000, 0x0000000787400000|100%|HS|  |TAMS 0x0000000787000000| PB 0x0000000787000000| Untracked 
| 781|0x0000000787400000, 0x0000000787800000, 0x0000000787800000|100%|HC|  |TAMS 0x0000000787400000| PB 0x0000000787400000| Untracked 
| 782|0x0000000787800000, 0x0000000787c00000, 0x0000000787c00000|100%|HC|  |TAMS 0x0000000787800000| PB 0x0000000787800000| Untracked 
| 783|0x0000000787c00000, 0x0000000788000000, 0x0000000788000000|100%|HS|  |TAMS 0x0000000787c00000| PB 0x0000000787c00000| Untracked 
| 784|0x0000000788000000, 0x0000000788400000, 0x0000000788400000|100%|HC|  |TAMS 0x0000000788000000| PB 0x0000000788000000| Untracked 
| 785|0x0000000788400000, 0x0000000788800000, 0x0000000788800000|100%|HC|  |TAMS 0x0000000788400000| PB 0x0000000788400000| Untracked 
| 786|0x0000000788800000, 0x0000000788c00000, 0x0000000788c00000|100%|HS|  |TAMS 0x0000000788800000| PB 0x0000000788800000| Untracked 
| 787|0x0000000788c00000, 0x0000000789000000, 0x0000000789000000|100%|HC|  |TAMS 0x0000000788c00000| PB 0x0000000788c00000| Untracked 
| 788|0x0000000789000000, 0x0000000789400000, 0x0000000789400000|100%|HC|  |TAMS 0x0000000789000000| PB 0x0000000789000000| Untracked 
| 789|0x0000000789400000, 0x0000000789800000, 0x0000000789800000|100%|HS|  |TAMS 0x0000000789400000| PB 0x0000000789400000| Untracked 
| 790|0x0000000789800000, 0x0000000789c00000, 0x0000000789c00000|100%|HC|  |TAMS 0x0000000789800000| PB 0x0000000789800000| Untracked 
| 791|0x0000000789c00000, 0x000000078a000000, 0x000000078a000000|100%|HC|  |TAMS 0x0000000789c00000| PB 0x0000000789c00000| Untracked 
| 792|0x000000078a000000, 0x000000078a400000, 0x000000078a400000|100%|HS|  |TAMS 0x000000078a000000| PB 0x000000078a000000| Untracked 
| 793|0x000000078a400000, 0x000000078a800000, 0x000000078a800000|100%|HC|  |TAMS 0x000000078a400000| PB 0x000000078a400000| Untracked 
| 794|0x000000078a800000, 0x000000078ac00000, 0x000000078ac00000|100%|HC|  |TAMS 0x000000078a800000| PB 0x000000078a800000| Untracked 
| 795|0x000000078ac00000, 0x000000078b000000, 0x000000078b000000|100%|HC|  |TAMS 0x000000078ac00000| PB 0x000000078ac00000| Untracked 
| 796|0x000000078b000000, 0x000000078b400000, 0x000000078b400000|100%|HC|  |TAMS 0x000000078b000000| PB 0x000000078b000000| Untracked 
| 797|0x000000078b400000, 0x000000078b800000, 0x000000078b800000|100%|HC|  |TAMS 0x000000078b400000| PB 0x000000078b400000| Untracked 
| 798|0x000000078b800000, 0x000000078bc00000, 0x000000078bc00000|100%|HS|  |TAMS 0x000000078b800000| PB 0x000000078b800000| Untracked 
| 799|0x000000078bc00000, 0x000000078c000000, 0x000000078c000000|100%|HC|  |TAMS 0x000000078bc00000| PB 0x000000078bc00000| Untracked 
| 800|0x000000078c000000, 0x000000078c400000, 0x000000078c400000|100%|HC|  |TAMS 0x000000078c000000| PB 0x000000078c000000| Untracked 
| 801|0x000000078c400000, 0x000000078c800000, 0x000000078c800000|100%|HS|  |TAMS 0x000000078c400000| PB 0x000000078c400000| Untracked 
| 802|0x000000078c800000, 0x000000078cc00000, 0x000000078cc00000|100%|HC|  |TAMS 0x000000078c800000| PB 0x000000078c800000| Untracked 
| 803|0x000000078cc00000, 0x000000078d000000, 0x000000078d000000|100%|HC|  |TAMS 0x000000078cc00000| PB 0x000000078cc00000| Untracked 
| 804|0x000000078d000000, 0x000000078d400000, 0x000000078d400000|100%|HS|  |TAMS 0x000000078d000000| PB 0x000000078d000000| Untracked 
| 805|0x000000078d400000, 0x000000078d800000, 0x000000078d800000|100%|HC|  |TAMS 0x000000078d400000| PB 0x000000078d400000| Untracked 
| 806|0x000000078d800000, 0x000000078dc00000, 0x000000078dc00000|100%|HC|  |TAMS 0x000000078d800000| PB 0x000000078d800000| Untracked 
| 807|0x000000078dc00000, 0x000000078e000000, 0x000000078e000000|100%|HS|  |TAMS 0x000000078dc00000| PB 0x000000078dc00000| Untracked 
| 808|0x000000078e000000, 0x000000078e400000, 0x000000078e400000|100%|HC|  |TAMS 0x000000078e000000| PB 0x000000078e000000| Untracked 
| 809|0x000000078e400000, 0x000000078e800000, 0x000000078e800000|100%|HC|  |TAMS 0x000000078e400000| PB 0x000000078e400000| Untracked 
| 810|0x000000078e800000, 0x000000078ec00000, 0x000000078ec00000|100%|HS|  |TAMS 0x000000078e800000| PB 0x000000078e800000| Untracked 
| 811|0x000000078ec00000, 0x000000078f000000, 0x000000078f000000|100%|HC|  |TAMS 0x000000078ec00000| PB 0x000000078ec00000| Untracked 
| 812|0x000000078f000000, 0x000000078f400000, 0x000000078f400000|100%|HC|  |TAMS 0x000000078f000000| PB 0x000000078f000000| Untracked 
| 813|0x000000078f400000, 0x000000078f800000, 0x000000078f800000|100%|HS|  |TAMS 0x000000078f400000| PB 0x000000078f400000| Untracked 
| 814|0x000000078f800000, 0x000000078fc00000, 0x000000078fc00000|100%|HC|  |TAMS 0x000000078f800000| PB 0x000000078f800000| Untracked 
| 815|0x000000078fc00000, 0x0000000790000000, 0x0000000790000000|100%|HC|  |TAMS 0x000000078fc00000| PB 0x000000078fc00000| Untracked 
| 816|0x0000000790000000, 0x0000000790400000, 0x0000000790400000|100%|HS|  |TAMS 0x0000000790000000| PB 0x0000000790000000| Untracked 
| 817|0x0000000790400000, 0x0000000790800000, 0x0000000790800000|100%|HC|  |TAMS 0x0000000790400000| PB 0x0000000790400000| Untracked 
| 818|0x0000000790800000, 0x0000000790c00000, 0x0000000790c00000|100%|HC|  |TAMS 0x0000000790800000| PB 0x0000000790800000| Untracked 
| 819|0x0000000790c00000, 0x0000000791000000, 0x0000000791000000|100%|HS|  |TAMS 0x0000000790c00000| PB 0x0000000790c00000| Untracked 
| 820|0x0000000791000000, 0x0000000791400000, 0x0000000791400000|100%|HC|  |TAMS 0x0000000791000000| PB 0x0000000791000000| Untracked 
| 821|0x0000000791400000, 0x0000000791800000, 0x0000000791800000|100%|HC|  |TAMS 0x0000000791400000| PB 0x0000000791400000| Untracked 
| 822|0x0000000791800000, 0x0000000791c00000, 0x0000000791c00000|100%|HS|  |TAMS 0x0000000791800000| PB 0x0000000791800000| Untracked 
| 823|0x0000000791c00000, 0x0000000792000000, 0x0000000792000000|100%|HC|  |TAMS 0x0000000791c00000| PB 0x0000000791c00000| Untracked 
| 824|0x0000000792000000, 0x0000000792400000, 0x0000000792400000|100%|HC|  |TAMS 0x0000000792000000| PB 0x0000000792000000| Untracked 
| 825|0x0000000792400000, 0x0000000792800000, 0x0000000792800000|100%|HS|  |TAMS 0x0000000792400000| PB 0x0000000792400000| Untracked 
| 826|0x0000000792800000, 0x0000000792c00000, 0x0000000792c00000|100%|HS|  |TAMS 0x0000000792800000| PB 0x0000000792800000| Untracked 
| 827|0x0000000792c00000, 0x0000000793000000, 0x0000000793000000|100%|HC|  |TAMS 0x0000000792c00000| PB 0x0000000792c00000| Untracked 
| 828|0x0000000793000000, 0x0000000793400000, 0x0000000793400000|100%|HC|  |TAMS 0x0000000793000000| PB 0x0000000793000000| Untracked 
| 829|0x0000000793400000, 0x0000000793800000, 0x0000000793800000|100%|HS|  |TAMS 0x0000000793400000| PB 0x0000000793400000| Untracked 
| 830|0x0000000793800000, 0x0000000793c00000, 0x0000000793c00000|100%|HC|  |TAMS 0x0000000793800000| PB 0x0000000793800000| Untracked 
| 831|0x0000000793c00000, 0x0000000794000000, 0x0000000794000000|100%|HC|  |TAMS 0x0000000793c00000| PB 0x0000000793c00000| Untracked 
| 832|0x0000000794000000, 0x0000000794400000, 0x0000000794400000|100%|HS|  |TAMS 0x0000000794000000| PB 0x0000000794000000| Untracked 
| 833|0x0000000794400000, 0x0000000794800000, 0x0000000794800000|100%|HC|  |TAMS 0x0000000794400000| PB 0x0000000794400000| Untracked 
| 834|0x0000000794800000, 0x0000000794c00000, 0x0000000794c00000|100%|HC|  |TAMS 0x0000000794800000| PB 0x0000000794800000| Untracked 
| 835|0x0000000794c00000, 0x0000000795000000, 0x0000000795000000|100%|HS|  |TAMS 0x0000000794c00000| PB 0x0000000794c00000| Untracked 
| 836|0x0000000795000000, 0x0000000795400000, 0x0000000795400000|100%|HC|  |TAMS 0x0000000795000000| PB 0x0000000795000000| Untracked 
| 837|0x0000000795400000, 0x0000000795800000, 0x0000000795800000|100%|HC|  |TAMS 0x0000000795400000| PB 0x0000000795400000| Untracked 
| 838|0x0000000795800000, 0x0000000795c00000, 0x0000000795c00000|100%|HS|  |TAMS 0x0000000795800000| PB 0x0000000795800000| Untracked 
| 839|0x0000000795c00000, 0x0000000796000000, 0x0000000796000000|100%|HC|  |TAMS 0x0000000795c00000| PB 0x0000000795c00000| Untracked 
| 840|0x0000000796000000, 0x0000000796400000, 0x0000000796400000|100%|HC|  |TAMS 0x0000000796000000| PB 0x0000000796000000| Untracked 
| 841|0x0000000796400000, 0x0000000796800000, 0x0000000796800000|100%|HS|  |TAMS 0x0000000796400000| PB 0x0000000796400000| Untracked 
| 842|0x0000000796800000, 0x0000000796c00000, 0x0000000796c00000|100%|HC|  |TAMS 0x0000000796800000| PB 0x0000000796800000| Untracked 
| 843|0x0000000796c00000, 0x0000000797000000, 0x0000000797000000|100%|HC|  |TAMS 0x0000000796c00000| PB 0x0000000796c00000| Untracked 
| 844|0x0000000797000000, 0x0000000797400000, 0x0000000797400000|100%|HS|  |TAMS 0x0000000797000000| PB 0x0000000797000000| Untracked 
| 845|0x0000000797400000, 0x0000000797800000, 0x0000000797800000|100%|HC|  |TAMS 0x0000000797400000| PB 0x0000000797400000| Untracked 
| 846|0x0000000797800000, 0x0000000797c00000, 0x0000000797c00000|100%|HC|  |TAMS 0x0000000797800000| PB 0x0000000797800000| Untracked 
| 847|0x0000000797c00000, 0x0000000798000000, 0x0000000798000000|100%|HS|  |TAMS 0x0000000797c00000| PB 0x0000000797c00000| Untracked 
| 848|0x0000000798000000, 0x0000000798400000, 0x0000000798400000|100%|HC|  |TAMS 0x0000000798000000| PB 0x0000000798000000| Untracked 
| 849|0x0000000798400000, 0x0000000798800000, 0x0000000798800000|100%|HC|  |TAMS 0x0000000798400000| PB 0x0000000798400000| Untracked 
| 850|0x0000000798800000, 0x0000000798c00000, 0x0000000798c00000|100%|HS|  |TAMS 0x0000000798800000| PB 0x0000000798800000| Untracked 
| 851|0x0000000798c00000, 0x0000000799000000, 0x0000000799000000|100%|HC|  |TAMS 0x0000000798c00000| PB 0x0000000798c00000| Untracked 
| 852|0x0000000799000000, 0x0000000799400000, 0x0000000799400000|100%|HC|  |TAMS 0x0000000799000000| PB 0x0000000799000000| Untracked 
| 853|0x0000000799400000, 0x0000000799800000, 0x0000000799800000|100%|HS|  |TAMS 0x0000000799400000| PB 0x0000000799400000| Untracked 
| 854|0x0000000799800000, 0x0000000799c00000, 0x0000000799c00000|100%|HC|  |TAMS 0x0000000799800000| PB 0x0000000799800000| Untracked 
| 855|0x0000000799c00000, 0x000000079a000000, 0x000000079a000000|100%|HC|  |TAMS 0x0000000799c00000| PB 0x0000000799c00000| Untracked 
| 856|0x000000079a000000, 0x000000079a400000, 0x000000079a400000|100%|HS|  |TAMS 0x000000079a000000| PB 0x000000079a000000| Untracked 
| 857|0x000000079a400000, 0x000000079a800000, 0x000000079a800000|100%|HC|  |TAMS 0x000000079a400000| PB 0x000000079a400000| Untracked 
| 858|0x000000079a800000, 0x000000079ac00000, 0x000000079ac00000|100%|HC|  |TAMS 0x000000079a800000| PB 0x000000079a800000| Untracked 
| 859|0x000000079ac00000, 0x000000079b000000, 0x000000079b000000|100%|HS|  |TAMS 0x000000079ac00000| PB 0x000000079ac00000| Untracked 
| 860|0x000000079b000000, 0x000000079b400000, 0x000000079b400000|100%|HC|  |TAMS 0x000000079b000000| PB 0x000000079b000000| Untracked 
| 861|0x000000079b400000, 0x000000079b800000, 0x000000079b800000|100%|HC|  |TAMS 0x000000079b400000| PB 0x000000079b400000| Untracked 
| 862|0x000000079b800000, 0x000000079bc00000, 0x000000079bc00000|100%|HS|  |TAMS 0x000000079b800000| PB 0x000000079b800000| Untracked 
| 863|0x000000079bc00000, 0x000000079c000000, 0x000000079c000000|100%|HC|  |TAMS 0x000000079bc00000| PB 0x000000079bc00000| Untracked 
| 864|0x000000079c000000, 0x000000079c400000, 0x000000079c400000|100%|HC|  |TAMS 0x000000079c000000| PB 0x000000079c000000| Untracked 
| 865|0x000000079c400000, 0x000000079c800000, 0x000000079c800000|100%|HS|  |TAMS 0x000000079c400000| PB 0x000000079c400000| Untracked 
| 866|0x000000079c800000, 0x000000079cc00000, 0x000000079cc00000|100%|HC|  |TAMS 0x000000079c800000| PB 0x000000079c800000| Untracked 
| 867|0x000000079cc00000, 0x000000079d000000, 0x000000079d000000|100%|HC|  |TAMS 0x000000079cc00000| PB 0x000000079cc00000| Untracked 
| 868|0x000000079d000000, 0x000000079d400000, 0x000000079d400000|100%|HS|  |TAMS 0x000000079d000000| PB 0x000000079d000000| Untracked 
| 869|0x000000079d400000, 0x000000079d800000, 0x000000079d800000|100%|HC|  |TAMS 0x000000079d400000| PB 0x000000079d400000| Untracked 
| 870|0x000000079d800000, 0x000000079dc00000, 0x000000079dc00000|100%|HC|  |TAMS 0x000000079d800000| PB 0x000000079d800000| Untracked 
| 871|0x000000079dc00000, 0x000000079e000000, 0x000000079e000000|100%|HS|  |TAMS 0x000000079dc00000| PB 0x000000079dc00000| Untracked 
| 872|0x000000079e000000, 0x000000079e400000, 0x000000079e400000|100%|HC|  |TAMS 0x000000079e000000| PB 0x000000079e000000| Untracked 
| 873|0x000000079e400000, 0x000000079e800000, 0x000000079e800000|100%|HC|  |TAMS 0x000000079e400000| PB 0x000000079e400000| Untracked 
| 874|0x000000079e800000, 0x000000079ec00000, 0x000000079ec00000|100%|HS|  |TAMS 0x000000079e800000| PB 0x000000079e800000| Untracked 
| 875|0x000000079ec00000, 0x000000079f000000, 0x000000079f000000|100%|HC|  |TAMS 0x000000079ec00000| PB 0x000000079ec00000| Untracked 
| 876|0x000000079f000000, 0x000000079f400000, 0x000000079f400000|100%|HC|  |TAMS 0x000000079f000000| PB 0x000000079f000000| Untracked 
| 877|0x000000079f400000, 0x000000079f800000, 0x000000079f800000|100%|HS|  |TAMS 0x000000079f400000| PB 0x000000079f400000| Untracked 
| 878|0x000000079f800000, 0x000000079fc00000, 0x000000079fc00000|100%|HC|  |TAMS 0x000000079f800000| PB 0x000000079f800000| Untracked 
| 879|0x000000079fc00000, 0x00000007a0000000, 0x00000007a0000000|100%|HC|  |TAMS 0x000000079fc00000| PB 0x000000079fc00000| Untracked 
| 880|0x00000007a0000000, 0x00000007a0400000, 0x00000007a0400000|100%|HS|  |TAMS 0x00000007a0000000| PB 0x00000007a0000000| Untracked 
| 881|0x00000007a0400000, 0x00000007a0800000, 0x00000007a0800000|100%|HC|  |TAMS 0x00000007a0400000| PB 0x00000007a0400000| Untracked 
| 882|0x00000007a0800000, 0x00000007a0c00000, 0x00000007a0c00000|100%|HC|  |TAMS 0x00000007a0800000| PB 0x00000007a0800000| Untracked 
| 883|0x00000007a0c00000, 0x00000007a1000000, 0x00000007a1000000|100%|HS|  |TAMS 0x00000007a0c00000| PB 0x00000007a0c00000| Untracked 
| 884|0x00000007a1000000, 0x00000007a1400000, 0x00000007a1400000|100%|HC|  |TAMS 0x00000007a1000000| PB 0x00000007a1000000| Untracked 
| 885|0x00000007a1400000, 0x00000007a1800000, 0x00000007a1800000|100%|HC|  |TAMS 0x00000007a1400000| PB 0x00000007a1400000| Untracked 
| 886|0x00000007a1800000, 0x00000007a1c00000, 0x00000007a1c00000|100%|HS|  |TAMS 0x00000007a1800000| PB 0x00000007a1800000| Untracked 
| 887|0x00000007a1c00000, 0x00000007a2000000, 0x00000007a2000000|100%|HC|  |TAMS 0x00000007a1c00000| PB 0x00000007a1c00000| Untracked 
| 888|0x00000007a2000000, 0x00000007a2400000, 0x00000007a2400000|100%|HC|  |TAMS 0x00000007a2000000| PB 0x00000007a2000000| Untracked 
| 889|0x00000007a2400000, 0x00000007a2800000, 0x00000007a2800000|100%|HS|  |TAMS 0x00000007a2400000| PB 0x00000007a2400000| Untracked 
| 890|0x00000007a2800000, 0x00000007a2c00000, 0x00000007a2c00000|100%|HC|  |TAMS 0x00000007a2800000| PB 0x00000007a2800000| Untracked 
| 891|0x00000007a2c00000, 0x00000007a3000000, 0x00000007a3000000|100%|HC|  |TAMS 0x00000007a2c00000| PB 0x00000007a2c00000| Untracked 
| 892|0x00000007a3000000, 0x00000007a3400000, 0x00000007a3400000|100%|HS|  |TAMS 0x00000007a3000000| PB 0x00000007a3000000| Untracked 
| 893|0x00000007a3400000, 0x00000007a3800000, 0x00000007a3800000|100%|HC|  |TAMS 0x00000007a3400000| PB 0x00000007a3400000| Untracked 
| 894|0x00000007a3800000, 0x00000007a3c00000, 0x00000007a3c00000|100%|HC|  |TAMS 0x00000007a3800000| PB 0x00000007a3800000| Untracked 
| 895|0x00000007a3c00000, 0x00000007a4000000, 0x00000007a4000000|100%|HS|  |TAMS 0x00000007a3c00000| PB 0x00000007a3c00000| Untracked 
| 896|0x00000007a4000000, 0x00000007a4400000, 0x00000007a4400000|100%|HC|  |TAMS 0x00000007a4000000| PB 0x00000007a4000000| Untracked 
| 897|0x00000007a4400000, 0x00000007a4800000, 0x00000007a4800000|100%|HC|  |TAMS 0x00000007a4400000| PB 0x00000007a4400000| Untracked 
| 898|0x00000007a4800000, 0x00000007a4c00000, 0x00000007a4c00000|100%|HS|  |TAMS 0x00000007a4800000| PB 0x00000007a4800000| Untracked 
| 899|0x00000007a4c00000, 0x00000007a5000000, 0x00000007a5000000|100%|HC|  |TAMS 0x00000007a4c00000| PB 0x00000007a4c00000| Untracked 
| 900|0x00000007a5000000, 0x00000007a5400000, 0x00000007a5400000|100%|HC|  |TAMS 0x00000007a5000000| PB 0x00000007a5000000| Untracked 
| 901|0x00000007a5400000, 0x00000007a5800000, 0x00000007a5800000|100%|HS|  |TAMS 0x00000007a5400000| PB 0x00000007a5400000| Untracked 
| 902|0x00000007a5800000, 0x00000007a5c00000, 0x00000007a5c00000|100%|HC|  |TAMS 0x00000007a5800000| PB 0x00000007a5800000| Untracked 
| 903|0x00000007a5c00000, 0x00000007a6000000, 0x00000007a6000000|100%|HC|  |TAMS 0x00000007a5c00000| PB 0x00000007a5c00000| Untracked 
| 904|0x00000007a6000000, 0x00000007a6400000, 0x00000007a6400000|100%|HS|  |TAMS 0x00000007a6000000| PB 0x00000007a6000000| Untracked 
| 905|0x00000007a6400000, 0x00000007a6800000, 0x00000007a6800000|100%|HC|  |TAMS 0x00000007a6400000| PB 0x00000007a6400000| Untracked 
| 906|0x00000007a6800000, 0x00000007a6c00000, 0x00000007a6c00000|100%|HC|  |TAMS 0x00000007a6800000| PB 0x00000007a6800000| Untracked 
| 907|0x00000007a6c00000, 0x00000007a7000000, 0x00000007a7000000|100%|HS|  |TAMS 0x00000007a6c00000| PB 0x00000007a6c00000| Untracked 
| 908|0x00000007a7000000, 0x00000007a7400000, 0x00000007a7400000|100%|HC|  |TAMS 0x00000007a7000000| PB 0x00000007a7000000| Untracked 
| 909|0x00000007a7400000, 0x00000007a7800000, 0x00000007a7800000|100%|HC|  |TAMS 0x00000007a7400000| PB 0x00000007a7400000| Untracked 
| 910|0x00000007a7800000, 0x00000007a7c00000, 0x00000007a7c00000|100%|HS|  |TAMS 0x00000007a7800000| PB 0x00000007a7800000| Untracked 
| 911|0x00000007a7c00000, 0x00000007a8000000, 0x00000007a8000000|100%|HC|  |TAMS 0x00000007a7c00000| PB 0x00000007a7c00000| Untracked 
| 912|0x00000007a8000000, 0x00000007a8400000, 0x00000007a8400000|100%|HC|  |TAMS 0x00000007a8000000| PB 0x00000007a8000000| Untracked 
| 913|0x00000007a8400000, 0x00000007a8800000, 0x00000007a8800000|100%|HS|  |TAMS 0x00000007a8400000| PB 0x00000007a8400000| Untracked 
| 914|0x00000007a8800000, 0x00000007a8c00000, 0x00000007a8c00000|100%|HC|  |TAMS 0x00000007a8800000| PB 0x00000007a8800000| Untracked 
| 915|0x00000007a8c00000, 0x00000007a9000000, 0x00000007a9000000|100%|HC|  |TAMS 0x00000007a8c00000| PB 0x00000007a8c00000| Untracked 
| 916|0x00000007a9000000, 0x00000007a9400000, 0x00000007a9400000|100%|HS|  |TAMS 0x00000007a9000000| PB 0x00000007a9000000| Untracked 
| 917|0x00000007a9400000, 0x00000007a9800000, 0x00000007a9800000|100%|HC|  |TAMS 0x00000007a9400000| PB 0x00000007a9400000| Untracked 
| 918|0x00000007a9800000, 0x00000007a9c00000, 0x00000007a9c00000|100%|HC|  |TAMS 0x00000007a9800000| PB 0x00000007a9800000| Untracked 
| 919|0x00000007a9c00000, 0x00000007aa000000, 0x00000007aa000000|100%|HS|  |TAMS 0x00000007a9c00000| PB 0x00000007a9c00000| Untracked 
| 920|0x00000007aa000000, 0x00000007aa400000, 0x00000007aa400000|100%|HC|  |TAMS 0x00000007aa000000| PB 0x00000007aa000000| Untracked 
| 921|0x00000007aa400000, 0x00000007aa800000, 0x00000007aa800000|100%|HC|  |TAMS 0x00000007aa400000| PB 0x00000007aa400000| Untracked 
| 922|0x00000007aa800000, 0x00000007aac00000, 0x00000007aac00000|100%|HS|  |TAMS 0x00000007aa800000| PB 0x00000007aa800000| Untracked 
| 923|0x00000007aac00000, 0x00000007ab000000, 0x00000007ab000000|100%|HC|  |TAMS 0x00000007aac00000| PB 0x00000007aac00000| Untracked 
| 924|0x00000007ab000000, 0x00000007ab400000, 0x00000007ab400000|100%|HC|  |TAMS 0x00000007ab000000| PB 0x00000007ab000000| Untracked 
| 925|0x00000007ab400000, 0x00000007ab800000, 0x00000007ab800000|100%|HS|  |TAMS 0x00000007ab400000| PB 0x00000007ab400000| Untracked 
| 926|0x00000007ab800000, 0x00000007abc00000, 0x00000007abc00000|100%|HC|  |TAMS 0x00000007ab800000| PB 0x00000007ab800000| Untracked 
| 927|0x00000007abc00000, 0x00000007ac000000, 0x00000007ac000000|100%|HC|  |TAMS 0x00000007abc00000| PB 0x00000007abc00000| Untracked 
| 928|0x00000007ac000000, 0x00000007ac400000, 0x00000007ac400000|100%|HS|  |TAMS 0x00000007ac000000| PB 0x00000007ac000000| Untracked 
| 929|0x00000007ac400000, 0x00000007ac800000, 0x00000007ac800000|100%|HC|  |TAMS 0x00000007ac400000| PB 0x00000007ac400000| Untracked 
| 930|0x00000007ac800000, 0x00000007acc00000, 0x00000007acc00000|100%|HC|  |TAMS 0x00000007ac800000| PB 0x00000007ac800000| Untracked 
| 931|0x00000007acc00000, 0x00000007ad000000, 0x00000007ad000000|100%|HS|  |TAMS 0x00000007acc00000| PB 0x00000007acc00000| Untracked 
| 932|0x00000007ad000000, 0x00000007ad400000, 0x00000007ad400000|100%|HC|  |TAMS 0x00000007ad000000| PB 0x00000007ad000000| Untracked 
| 933|0x00000007ad400000, 0x00000007ad800000, 0x00000007ad800000|100%|HC|  |TAMS 0x00000007ad400000| PB 0x00000007ad400000| Untracked 
| 934|0x00000007ad800000, 0x00000007adc00000, 0x00000007adc00000|100%|HS|  |TAMS 0x00000007ad800000| PB 0x00000007ad800000| Untracked 
| 935|0x00000007adc00000, 0x00000007ae000000, 0x00000007ae000000|100%|HC|  |TAMS 0x00000007adc00000| PB 0x00000007adc00000| Untracked 
| 936|0x00000007ae000000, 0x00000007ae400000, 0x00000007ae400000|100%|HC|  |TAMS 0x00000007ae000000| PB 0x00000007ae000000| Untracked 
| 937|0x00000007ae400000, 0x00000007ae800000, 0x00000007ae800000|100%|HS|  |TAMS 0x00000007ae400000| PB 0x00000007ae400000| Untracked 
| 938|0x00000007ae800000, 0x00000007aec00000, 0x00000007aec00000|100%|HC|  |TAMS 0x00000007ae800000| PB 0x00000007ae800000| Untracked 
| 939|0x00000007aec00000, 0x00000007af000000, 0x00000007af000000|100%|HC|  |TAMS 0x00000007aec00000| PB 0x00000007aec00000| Untracked 
| 940|0x00000007af000000, 0x00000007af400000, 0x00000007af400000|100%|HS|  |TAMS 0x00000007af000000| PB 0x00000007af000000| Untracked 
| 941|0x00000007af400000, 0x00000007af800000, 0x00000007af800000|100%|HC|  |TAMS 0x00000007af400000| PB 0x00000007af400000| Untracked 
| 942|0x00000007af800000, 0x00000007afc00000, 0x00000007afc00000|100%|HC|  |TAMS 0x00000007af800000| PB 0x00000007af800000| Untracked 
| 943|0x00000007afc00000, 0x00000007b0000000, 0x00000007b0000000|100%|HS|  |TAMS 0x00000007afc00000| PB 0x00000007afc00000| Untracked 
| 944|0x00000007b0000000, 0x00000007b0400000, 0x00000007b0400000|100%|HC|  |TAMS 0x00000007b0000000| PB 0x00000007b0000000| Untracked 
| 945|0x00000007b0400000, 0x00000007b0800000, 0x00000007b0800000|100%|HC|  |TAMS 0x00000007b0400000| PB 0x00000007b0400000| Untracked 
| 946|0x00000007b0800000, 0x00000007b0c00000, 0x00000007b0c00000|100%|HS|  |TAMS 0x00000007b0800000| PB 0x00000007b0800000| Untracked 
| 947|0x00000007b0c00000, 0x00000007b1000000, 0x00000007b1000000|100%|HC|  |TAMS 0x00000007b0c00000| PB 0x00000007b0c00000| Untracked 
| 948|0x00000007b1000000, 0x00000007b1400000, 0x00000007b1400000|100%|HC|  |TAMS 0x00000007b1000000| PB 0x00000007b1000000| Untracked 
| 949|0x00000007b1400000, 0x00000007b1800000, 0x00000007b1800000|100%|HS|  |TAMS 0x00000007b1400000| PB 0x00000007b1400000| Untracked 
| 950|0x00000007b1800000, 0x00000007b1c00000, 0x00000007b1c00000|100%|HC|  |TAMS 0x00000007b1800000| PB 0x00000007b1800000| Untracked 
| 951|0x00000007b1c00000, 0x00000007b2000000, 0x00000007b2000000|100%|HC|  |TAMS 0x00000007b1c00000| PB 0x00000007b1c00000| Untracked 
| 952|0x00000007b2000000, 0x00000007b2400000, 0x00000007b2400000|100%|HS|  |TAMS 0x00000007b2000000| PB 0x00000007b2000000| Untracked 
| 953|0x00000007b2400000, 0x00000007b2800000, 0x00000007b2800000|100%|HC|  |TAMS 0x00000007b2400000| PB 0x00000007b2400000| Untracked 
| 954|0x00000007b2800000, 0x00000007b2c00000, 0x00000007b2c00000|100%|HC|  |TAMS 0x00000007b2800000| PB 0x00000007b2800000| Untracked 
| 955|0x00000007b2c00000, 0x00000007b3000000, 0x00000007b3000000|100%|HS|  |TAMS 0x00000007b2c00000| PB 0x00000007b2c00000| Untracked 
| 956|0x00000007b3000000, 0x00000007b3400000, 0x00000007b3400000|100%|HC|  |TAMS 0x00000007b3000000| PB 0x00000007b3000000| Untracked 
| 957|0x00000007b3400000, 0x00000007b3800000, 0x00000007b3800000|100%|HC|  |TAMS 0x00000007b3400000| PB 0x00000007b3400000| Untracked 
| 958|0x00000007b3800000, 0x00000007b3c00000, 0x00000007b3c00000|100%|HS|  |TAMS 0x00000007b3800000| PB 0x00000007b3800000| Untracked 
| 959|0x00000007b3c00000, 0x00000007b4000000, 0x00000007b4000000|100%|HC|  |TAMS 0x00000007b3c00000| PB 0x00000007b3c00000| Untracked 
| 960|0x00000007b4000000, 0x00000007b4400000, 0x00000007b4400000|100%|HC|  |TAMS 0x00000007b4000000| PB 0x00000007b4000000| Untracked 
| 961|0x00000007b4400000, 0x00000007b4800000, 0x00000007b4800000|100%|HS|  |TAMS 0x00000007b4400000| PB 0x00000007b4400000| Untracked 
| 962|0x00000007b4800000, 0x00000007b4c00000, 0x00000007b4c00000|100%|HC|  |TAMS 0x00000007b4800000| PB 0x00000007b4800000| Untracked 
| 963|0x00000007b4c00000, 0x00000007b5000000, 0x00000007b5000000|100%|HC|  |TAMS 0x00000007b4c00000| PB 0x00000007b4c00000| Untracked 
| 964|0x00000007b5000000, 0x00000007b5400000, 0x00000007b5400000|100%|HS|  |TAMS 0x00000007b5000000| PB 0x00000007b5000000| Untracked 
| 965|0x00000007b5400000, 0x00000007b5800000, 0x00000007b5800000|100%|HC|  |TAMS 0x00000007b5400000| PB 0x00000007b5400000| Untracked 
| 966|0x00000007b5800000, 0x00000007b5c00000, 0x00000007b5c00000|100%|HC|  |TAMS 0x00000007b5800000| PB 0x00000007b5800000| Untracked 
| 967|0x00000007b5c00000, 0x00000007b6000000, 0x00000007b6000000|100%|HS|  |TAMS 0x00000007b5c00000| PB 0x00000007b5c00000| Untracked 
| 968|0x00000007b6000000, 0x00000007b6400000, 0x00000007b6400000|100%|HC|  |TAMS 0x00000007b6000000| PB 0x00000007b6000000| Untracked 
| 969|0x00000007b6400000, 0x00000007b6800000, 0x00000007b6800000|100%|HC|  |TAMS 0x00000007b6400000| PB 0x00000007b6400000| Untracked 
| 970|0x00000007b6800000, 0x00000007b6c00000, 0x00000007b6c00000|100%|HS|  |TAMS 0x00000007b6800000| PB 0x00000007b6800000| Untracked 
| 971|0x00000007b6c00000, 0x00000007b7000000, 0x00000007b7000000|100%|HC|  |TAMS 0x00000007b6c00000| PB 0x00000007b6c00000| Untracked 
| 972|0x00000007b7000000, 0x00000007b7400000, 0x00000007b7400000|100%|HC|  |TAMS 0x00000007b7000000| PB 0x00000007b7000000| Untracked 
| 973|0x00000007b7400000, 0x00000007b7800000, 0x00000007b7800000|100%|HS|  |TAMS 0x00000007b7400000| PB 0x00000007b7400000| Untracked 
| 974|0x00000007b7800000, 0x00000007b7c00000, 0x00000007b7c00000|100%|HC|  |TAMS 0x00000007b7800000| PB 0x00000007b7800000| Untracked 
| 975|0x00000007b7c00000, 0x00000007b8000000, 0x00000007b8000000|100%|HC|  |TAMS 0x00000007b7c00000| PB 0x00000007b7c00000| Untracked 
| 976|0x00000007b8000000, 0x00000007b8400000, 0x00000007b8400000|100%|HS|  |TAMS 0x00000007b8000000| PB 0x00000007b8000000| Untracked 
| 977|0x00000007b8400000, 0x00000007b8800000, 0x00000007b8800000|100%|HC|  |TAMS 0x00000007b8400000| PB 0x00000007b8400000| Untracked 
| 978|0x00000007b8800000, 0x00000007b8c00000, 0x00000007b8c00000|100%|HC|  |TAMS 0x00000007b8800000| PB 0x00000007b8800000| Untracked 
| 979|0x00000007b8c00000, 0x00000007b9000000, 0x00000007b9000000|100%|HS|  |TAMS 0x00000007b8c00000| PB 0x00000007b8c00000| Untracked 
| 980|0x00000007b9000000, 0x00000007b9400000, 0x00000007b9400000|100%|HC|  |TAMS 0x00000007b9000000| PB 0x00000007b9000000| Untracked 
| 981|0x00000007b9400000, 0x00000007b9800000, 0x00000007b9800000|100%|HC|  |TAMS 0x00000007b9400000| PB 0x00000007b9400000| Untracked 
| 982|0x00000007b9800000, 0x00000007b9c00000, 0x00000007b9c00000|100%|HS|  |TAMS 0x00000007b9800000| PB 0x00000007b9800000| Untracked 
| 983|0x00000007b9c00000, 0x00000007ba000000, 0x00000007ba000000|100%|HC|  |TAMS 0x00000007b9c00000| PB 0x00000007b9c00000| Untracked 
| 984|0x00000007ba000000, 0x00000007ba400000, 0x00000007ba400000|100%|HC|  |TAMS 0x00000007ba000000| PB 0x00000007ba000000| Untracked 
| 985|0x00000007ba400000, 0x00000007ba800000, 0x00000007ba800000|100%|HS|  |TAMS 0x00000007ba400000| PB 0x00000007ba400000| Untracked 
| 986|0x00000007ba800000, 0x00000007bac00000, 0x00000007bac00000|100%|HC|  |TAMS 0x00000007ba800000| PB 0x00000007ba800000| Untracked 
| 987|0x00000007bac00000, 0x00000007bb000000, 0x00000007bb000000|100%|HC|  |TAMS 0x00000007bac00000| PB 0x00000007bac00000| Untracked 
| 988|0x00000007bb000000, 0x00000007bb400000, 0x00000007bb400000|100%|HS|  |TAMS 0x00000007bb000000| PB 0x00000007bb000000| Untracked 
| 989|0x00000007bb400000, 0x00000007bb800000, 0x00000007bb800000|100%|HC|  |TAMS 0x00000007bb400000| PB 0x00000007bb400000| Untracked 
| 990|0x00000007bb800000, 0x00000007bbc00000, 0x00000007bbc00000|100%|HC|  |TAMS 0x00000007bb800000| PB 0x00000007bb800000| Untracked 
| 991|0x00000007bbc00000, 0x00000007bc000000, 0x00000007bc000000|100%|HS|  |TAMS 0x00000007bbc00000| PB 0x00000007bbc00000| Untracked 
| 992|0x00000007bc000000, 0x00000007bc400000, 0x00000007bc400000|100%|HC|  |TAMS 0x00000007bc000000| PB 0x00000007bc000000| Untracked 
| 993|0x00000007bc400000, 0x00000007bc800000, 0x00000007bc800000|100%|HC|  |TAMS 0x00000007bc400000| PB 0x00000007bc400000| Untracked 
| 994|0x00000007bc800000, 0x00000007bcc00000, 0x00000007bcc00000|100%|HS|  |TAMS 0x00000007bc800000| PB 0x00000007bc800000| Untracked 
| 995|0x00000007bcc00000, 0x00000007bd000000, 0x00000007bd000000|100%|HC|  |TAMS 0x00000007bcc00000| PB 0x00000007bcc00000| Untracked 
| 996|0x00000007bd000000, 0x00000007bd400000, 0x00000007bd400000|100%|HC|  |TAMS 0x00000007bd000000| PB 0x00000007bd000000| Untracked 
| 997|0x00000007bd400000, 0x00000007bd800000, 0x00000007bd800000|100%|HS|  |TAMS 0x00000007bd400000| PB 0x00000007bd400000| Untracked 
| 998|0x00000007bd800000, 0x00000007bdc00000, 0x00000007bdc00000|100%|HC|  |TAMS 0x00000007bd800000| PB 0x00000007bd800000| Untracked 
| 999|0x00000007bdc00000, 0x00000007be000000, 0x00000007be000000|100%|HC|  |TAMS 0x00000007bdc00000| PB 0x00000007bdc00000| Untracked 
|1000|0x00000007be000000, 0x00000007be400000, 0x00000007be400000|100%|HS|  |TAMS 0x00000007be000000| PB 0x00000007be000000| Untracked 
|1001|0x00000007be400000, 0x00000007be800000, 0x00000007be800000|100%|HC|  |TAMS 0x00000007be400000| PB 0x00000007be400000| Untracked 
|1002|0x00000007be800000, 0x00000007bec00000, 0x00000007bec00000|100%|HC|  |TAMS 0x00000007be800000| PB 0x00000007be800000| Untracked 
|1003|0x00000007bec00000, 0x00000007bf000000, 0x00000007bf000000|100%|HS|  |TAMS 0x00000007bec00000| PB 0x00000007bec00000| Untracked 
|1004|0x00000007bf000000, 0x00000007bf400000, 0x00000007bf400000|100%|HC|  |TAMS 0x00000007bf000000| PB 0x00000007bf000000| Untracked 
|1005|0x00000007bf400000, 0x00000007bf800000, 0x00000007bf800000|100%|HC|  |TAMS 0x00000007bf400000| PB 0x00000007bf400000| Untracked 
|1006|0x00000007bf800000, 0x00000007bfc00000, 0x00000007bfc00000|100%|HS|  |TAMS 0x00000007bf800000| PB 0x00000007bf800000| Untracked 
|1007|0x00000007bfc00000, 0x00000007c0000000, 0x00000007c0000000|100%|HC|  |TAMS 0x00000007bfc00000| PB 0x00000007bfc00000| Untracked 
|1008|0x00000007c0000000, 0x00000007c0400000, 0x00000007c0400000|100%|HC|  |TAMS 0x00000007c0000000| PB 0x00000007c0000000| Untracked 
|1009|0x00000007c0400000, 0x00000007c0800000, 0x00000007c0800000|100%|HS|  |TAMS 0x00000007c0400000| PB 0x00000007c0400000| Untracked 
|1010|0x00000007c0800000, 0x00000007c0c00000, 0x00000007c0c00000|100%|HC|  |TAMS 0x00000007c0800000| PB 0x00000007c0800000| Untracked 
|1011|0x00000007c0c00000, 0x00000007c1000000, 0x00000007c1000000|100%|HC|  |TAMS 0x00000007c0c00000| PB 0x00000007c0c00000| Untracked 
|1012|0x00000007c1000000, 0x00000007c1400000, 0x00000007c1400000|100%|HS|  |TAMS 0x00000007c1000000| PB 0x00000007c1000000| Untracked 
|1013|0x00000007c1400000, 0x00000007c1800000, 0x00000007c1800000|100%|HC|  |TAMS 0x00000007c1400000| PB 0x00000007c1400000| Untracked 
|1014|0x00000007c1800000, 0x00000007c1c00000, 0x00000007c1c00000|100%|HC|  |TAMS 0x00000007c1800000| PB 0x00000007c1800000| Untracked 
|1015|0x00000007c1c00000, 0x00000007c2000000, 0x00000007c2000000|100%|HS|  |TAMS 0x00000007c1c00000| PB 0x00000007c1c00000| Untracked 
|1016|0x00000007c2000000, 0x00000007c2400000, 0x00000007c2400000|100%|HC|  |TAMS 0x00000007c2000000| PB 0x00000007c2000000| Untracked 
|1017|0x00000007c2400000, 0x00000007c2800000, 0x00000007c2800000|100%|HC|  |TAMS 0x00000007c2400000| PB 0x00000007c2400000| Untracked 
|1018|0x00000007c2800000, 0x00000007c2c00000, 0x00000007c2c00000|100%|HS|  |TAMS 0x00000007c2800000| PB 0x00000007c2800000| Untracked 
|1019|0x00000007c2c00000, 0x00000007c3000000, 0x00000007c3000000|100%|HC|  |TAMS 0x00000007c2c00000| PB 0x00000007c2c00000| Untracked 
|1020|0x00000007c3000000, 0x00000007c3400000, 0x00000007c3400000|100%|HC|  |TAMS 0x00000007c3000000| PB 0x00000007c3000000| Untracked 
|1021|0x00000007c3400000, 0x00000007c3800000, 0x00000007c3800000|100%|HS|  |TAMS 0x00000007c3400000| PB 0x00000007c3400000| Untracked 
|1022|0x00000007c3800000, 0x00000007c3c00000, 0x00000007c3c00000|100%|HC|  |TAMS 0x00000007c3800000| PB 0x00000007c3800000| Untracked 
|1023|0x00000007c3c00000, 0x00000007c4000000, 0x00000007c4000000|100%|HC|  |TAMS 0x00000007c3c00000| PB 0x00000007c3c00000| Untracked 
|1024|0x00000007c4000000, 0x00000007c4400000, 0x00000007c4400000|100%|HS|  |TAMS 0x00000007c4000000| PB 0x00000007c4000000| Untracked 
|1025|0x00000007c4400000, 0x00000007c4800000, 0x00000007c4800000|100%|HC|  |TAMS 0x00000007c4400000| PB 0x00000007c4400000| Untracked 
|1026|0x00000007c4800000, 0x00000007c4c00000, 0x00000007c4c00000|100%|HC|  |TAMS 0x00000007c4800000| PB 0x00000007c4800000| Untracked 
|1027|0x00000007c4c00000, 0x00000007c5000000, 0x00000007c5000000|100%|HS|  |TAMS 0x00000007c4c00000| PB 0x00000007c4c00000| Untracked 
|1028|0x00000007c5000000, 0x00000007c5400000, 0x00000007c5400000|100%|HC|  |TAMS 0x00000007c5000000| PB 0x00000007c5000000| Untracked 
|1029|0x00000007c5400000, 0x00000007c5800000, 0x00000007c5800000|100%|HC|  |TAMS 0x00000007c5400000| PB 0x00000007c5400000| Untracked 
|1030|0x00000007c5800000, 0x00000007c5c00000, 0x00000007c5c00000|100%|HS|  |TAMS 0x00000007c5800000| PB 0x00000007c5800000| Untracked 
|1031|0x00000007c5c00000, 0x00000007c6000000, 0x00000007c6000000|100%|HC|  |TAMS 0x00000007c5c00000| PB 0x00000007c5c00000| Untracked 
|1032|0x00000007c6000000, 0x00000007c6400000, 0x00000007c6400000|100%|HC|  |TAMS 0x00000007c6000000| PB 0x00000007c6000000| Untracked 
|1033|0x00000007c6400000, 0x00000007c6800000, 0x00000007c6800000|100%|HS|  |TAMS 0x00000007c6400000| PB 0x00000007c6400000| Untracked 
|1034|0x00000007c6800000, 0x00000007c6c00000, 0x00000007c6c00000|100%|HC|  |TAMS 0x00000007c6800000| PB 0x00000007c6800000| Untracked 
|1035|0x00000007c6c00000, 0x00000007c7000000, 0x00000007c7000000|100%|HC|  |TAMS 0x00000007c6c00000| PB 0x00000007c6c00000| Untracked 
|1036|0x00000007c7000000, 0x00000007c7400000, 0x00000007c7400000|100%|HS|  |TAMS 0x00000007c7000000| PB 0x00000007c7000000| Untracked 
|1037|0x00000007c7400000, 0x00000007c7800000, 0x00000007c7800000|100%|HC|  |TAMS 0x00000007c7400000| PB 0x00000007c7400000| Untracked 
|1038|0x00000007c7800000, 0x00000007c7c00000, 0x00000007c7c00000|100%|HC|  |TAMS 0x00000007c7800000| PB 0x00000007c7800000| Untracked 
|1039|0x00000007c7c00000, 0x00000007c8000000, 0x00000007c8000000|100%|HS|  |TAMS 0x00000007c7c00000| PB 0x00000007c7c00000| Untracked 
|1040|0x00000007c8000000, 0x00000007c8400000, 0x00000007c8400000|100%|HC|  |TAMS 0x00000007c8000000| PB 0x00000007c8000000| Untracked 
|1041|0x00000007c8400000, 0x00000007c8800000, 0x00000007c8800000|100%|HC|  |TAMS 0x00000007c8400000| PB 0x00000007c8400000| Untracked 
|1042|0x00000007c8800000, 0x00000007c8c00000, 0x00000007c8c00000|100%|HS|  |TAMS 0x00000007c8800000| PB 0x00000007c8800000| Untracked 
|1043|0x00000007c8c00000, 0x00000007c9000000, 0x00000007c9000000|100%|HC|  |TAMS 0x00000007c8c00000| PB 0x00000007c8c00000| Untracked 
|1044|0x00000007c9000000, 0x00000007c9400000, 0x00000007c9400000|100%|HC|  |TAMS 0x00000007c9000000| PB 0x00000007c9000000| Untracked 
|1045|0x00000007c9400000, 0x00000007c9800000, 0x00000007c9800000|100%|HS|  |TAMS 0x00000007c9400000| PB 0x00000007c9400000| Untracked 
|1046|0x00000007c9800000, 0x00000007c9c00000, 0x00000007c9c00000|100%|HC|  |TAMS 0x00000007c9800000| PB 0x00000007c9800000| Untracked 
|1047|0x00000007c9c00000, 0x00000007ca000000, 0x00000007ca000000|100%|HC|  |TAMS 0x00000007c9c00000| PB 0x00000007c9c00000| Untracked 
|1048|0x00000007ca000000, 0x00000007ca400000, 0x00000007ca400000|100%|HS|  |TAMS 0x00000007ca000000| PB 0x00000007ca000000| Untracked 
|1049|0x00000007ca400000, 0x00000007ca800000, 0x00000007ca800000|100%|HC|  |TAMS 0x00000007ca400000| PB 0x00000007ca400000| Untracked 
|1050|0x00000007ca800000, 0x00000007cac00000, 0x00000007cac00000|100%|HC|  |TAMS 0x00000007ca800000| PB 0x00000007ca800000| Untracked 
|1051|0x00000007cac00000, 0x00000007cb000000, 0x00000007cb000000|100%|HS|  |TAMS 0x00000007cac00000| PB 0x00000007cac00000| Untracked 
|1052|0x00000007cb000000, 0x00000007cb400000, 0x00000007cb400000|100%|HC|  |TAMS 0x00000007cb000000| PB 0x00000007cb000000| Untracked 
|1053|0x00000007cb400000, 0x00000007cb800000, 0x00000007cb800000|100%|HC|  |TAMS 0x00000007cb400000| PB 0x00000007cb400000| Untracked 
|1054|0x00000007cb800000, 0x00000007cbc00000, 0x00000007cbc00000|100%|HS|  |TAMS 0x00000007cb800000| PB 0x00000007cb800000| Untracked 
|1055|0x00000007cbc00000, 0x00000007cc000000, 0x00000007cc000000|100%|HC|  |TAMS 0x00000007cbc00000| PB 0x00000007cbc00000| Untracked 
|1056|0x00000007cc000000, 0x00000007cc400000, 0x00000007cc400000|100%|HC|  |TAMS 0x00000007cc000000| PB 0x00000007cc000000| Untracked 
|1057|0x00000007cc400000, 0x00000007cc800000, 0x00000007cc800000|100%|HS|  |TAMS 0x00000007cc400000| PB 0x00000007cc400000| Untracked 
|1058|0x00000007cc800000, 0x00000007ccc00000, 0x00000007ccc00000|100%|HC|  |TAMS 0x00000007cc800000| PB 0x00000007cc800000| Untracked 
|1059|0x00000007ccc00000, 0x00000007cd000000, 0x00000007cd000000|100%|HC|  |TAMS 0x00000007ccc00000| PB 0x00000007ccc00000| Untracked 
|1060|0x00000007cd000000, 0x00000007cd400000, 0x00000007cd400000|100%|HS|  |TAMS 0x00000007cd000000| PB 0x00000007cd000000| Untracked 
|1061|0x00000007cd400000, 0x00000007cd800000, 0x00000007cd800000|100%|HC|  |TAMS 0x00000007cd400000| PB 0x00000007cd400000| Untracked 
|1062|0x00000007cd800000, 0x00000007cdc00000, 0x00000007cdc00000|100%|HC|  |TAMS 0x00000007cd800000| PB 0x00000007cd800000| Untracked 
|1063|0x00000007cdc00000, 0x00000007ce000000, 0x00000007ce000000|100%|HS|  |TAMS 0x00000007cdc00000| PB 0x00000007cdc00000| Untracked 
|1064|0x00000007ce000000, 0x00000007ce400000, 0x00000007ce400000|100%|HC|  |TAMS 0x00000007ce000000| PB 0x00000007ce000000| Untracked 
|1065|0x00000007ce400000, 0x00000007ce800000, 0x00000007ce800000|100%|HC|  |TAMS 0x00000007ce400000| PB 0x00000007ce400000| Untracked 
|1066|0x00000007ce800000, 0x00000007cec00000, 0x00000007cec00000|100%|HS|  |TAMS 0x00000007ce800000| PB 0x00000007ce800000| Untracked 
|1067|0x00000007cec00000, 0x00000007cf000000, 0x00000007cf000000|100%|HC|  |TAMS 0x00000007cec00000| PB 0x00000007cec00000| Untracked 
|1068|0x00000007cf000000, 0x00000007cf400000, 0x00000007cf400000|100%|HC|  |TAMS 0x00000007cf000000| PB 0x00000007cf000000| Untracked 
|1069|0x00000007cf400000, 0x00000007cf800000, 0x00000007cf800000|100%|HS|  |TAMS 0x00000007cf400000| PB 0x00000007cf400000| Untracked 
|1070|0x00000007cf800000, 0x00000007cfc00000, 0x00000007cfc00000|100%|HC|  |TAMS 0x00000007cf800000| PB 0x00000007cf800000| Untracked 
|1071|0x00000007cfc00000, 0x00000007d0000000, 0x00000007d0000000|100%|HC|  |TAMS 0x00000007cfc00000| PB 0x00000007cfc00000| Untracked 
|1072|0x00000007d0000000, 0x00000007d0400000, 0x00000007d0400000|100%|HS|  |TAMS 0x00000007d0000000| PB 0x00000007d0000000| Untracked 
|1073|0x00000007d0400000, 0x00000007d0800000, 0x00000007d0800000|100%|HC|  |TAMS 0x00000007d0400000| PB 0x00000007d0400000| Untracked 
|1074|0x00000007d0800000, 0x00000007d0c00000, 0x00000007d0c00000|100%|HC|  |TAMS 0x00000007d0800000| PB 0x00000007d0800000| Untracked 
|1075|0x00000007d0c00000, 0x00000007d1000000, 0x00000007d1000000|100%|HS|  |TAMS 0x00000007d0c00000| PB 0x00000007d0c00000| Untracked 
|1076|0x00000007d1000000, 0x00000007d1400000, 0x00000007d1400000|100%|HC|  |TAMS 0x00000007d1000000| PB 0x00000007d1000000| Untracked 
|1077|0x00000007d1400000, 0x00000007d1800000, 0x00000007d1800000|100%|HC|  |TAMS 0x00000007d1400000| PB 0x00000007d1400000| Untracked 
|1078|0x00000007d1800000, 0x00000007d1c00000, 0x00000007d1c00000|100%|HS|  |TAMS 0x00000007d1800000| PB 0x00000007d1800000| Untracked 
|1079|0x00000007d1c00000, 0x00000007d2000000, 0x00000007d2000000|100%|HC|  |TAMS 0x00000007d1c00000| PB 0x00000007d1c00000| Untracked 
|1080|0x00000007d2000000, 0x00000007d2400000, 0x00000007d2400000|100%|HC|  |TAMS 0x00000007d2000000| PB 0x00000007d2000000| Untracked 
|1081|0x00000007d2400000, 0x00000007d2800000, 0x00000007d2800000|100%|HS|  |TAMS 0x00000007d2400000| PB 0x00000007d2400000| Untracked 
|1082|0x00000007d2800000, 0x00000007d2c00000, 0x00000007d2c00000|100%|HC|  |TAMS 0x00000007d2800000| PB 0x00000007d2800000| Untracked 
|1083|0x00000007d2c00000, 0x00000007d3000000, 0x00000007d3000000|100%|HC|  |TAMS 0x00000007d2c00000| PB 0x00000007d2c00000| Untracked 
|1084|0x00000007d3000000, 0x00000007d3400000, 0x00000007d3400000|100%|HS|  |TAMS 0x00000007d3000000| PB 0x00000007d3000000| Untracked 
|1085|0x00000007d3400000, 0x00000007d3800000, 0x00000007d3800000|100%|HC|  |TAMS 0x00000007d3400000| PB 0x00000007d3400000| Untracked 
|1086|0x00000007d3800000, 0x00000007d3c00000, 0x00000007d3c00000|100%|HC|  |TAMS 0x00000007d3800000| PB 0x00000007d3800000| Untracked 
|1087|0x00000007d3c00000, 0x00000007d4000000, 0x00000007d4000000|100%|HS|  |TAMS 0x00000007d3c00000| PB 0x00000007d3c00000| Untracked 
|1088|0x00000007d4000000, 0x00000007d4400000, 0x00000007d4400000|100%|HC|  |TAMS 0x00000007d4000000| PB 0x00000007d4000000| Untracked 
|1089|0x00000007d4400000, 0x00000007d4800000, 0x00000007d4800000|100%|HC|  |TAMS 0x00000007d4400000| PB 0x00000007d4400000| Untracked 
|1090|0x00000007d4800000, 0x00000007d4c00000, 0x00000007d4c00000|100%|HS|  |TAMS 0x00000007d4800000| PB 0x00000007d4800000| Untracked 
|1091|0x00000007d4c00000, 0x00000007d5000000, 0x00000007d5000000|100%|HC|  |TAMS 0x00000007d4c00000| PB 0x00000007d4c00000| Untracked 
|1092|0x00000007d5000000, 0x00000007d5400000, 0x00000007d5400000|100%|HC|  |TAMS 0x00000007d5000000| PB 0x00000007d5000000| Untracked 
|1093|0x00000007d5400000, 0x00000007d5800000, 0x00000007d5800000|100%|HS|  |TAMS 0x00000007d5400000| PB 0x00000007d5400000| Untracked 
|1094|0x00000007d5800000, 0x00000007d5c00000, 0x00000007d5c00000|100%|HC|  |TAMS 0x00000007d5800000| PB 0x00000007d5800000| Untracked 
|1095|0x00000007d5c00000, 0x00000007d6000000, 0x00000007d6000000|100%|HC|  |TAMS 0x00000007d5c00000| PB 0x00000007d5c00000| Untracked 
|1096|0x00000007d6000000, 0x00000007d6400000, 0x00000007d6400000|100%|HS|  |TAMS 0x00000007d6000000| PB 0x00000007d6000000| Untracked 
|1097|0x00000007d6400000, 0x00000007d6800000, 0x00000007d6800000|100%|HC|  |TAMS 0x00000007d6400000| PB 0x00000007d6400000| Untracked 
|1098|0x00000007d6800000, 0x00000007d6c00000, 0x00000007d6c00000|100%|HC|  |TAMS 0x00000007d6800000| PB 0x00000007d6800000| Untracked 
|1099|0x00000007d6c00000, 0x00000007d7000000, 0x00000007d7000000|100%|HS|  |TAMS 0x00000007d6c00000| PB 0x00000007d6c00000| Untracked 
|1100|0x00000007d7000000, 0x00000007d7400000, 0x00000007d7400000|100%|HC|  |TAMS 0x00000007d7000000| PB 0x00000007d7000000| Untracked 
|1101|0x00000007d7400000, 0x00000007d7800000, 0x00000007d7800000|100%|HC|  |TAMS 0x00000007d7400000| PB 0x00000007d7400000| Untracked 
|1102|0x00000007d7800000, 0x00000007d7c00000, 0x00000007d7c00000|100%|HS|  |TAMS 0x00000007d7800000| PB 0x00000007d7800000| Untracked 
|1103|0x00000007d7c00000, 0x00000007d8000000, 0x00000007d8000000|100%|HC|  |TAMS 0x00000007d7c00000| PB 0x00000007d7c00000| Untracked 
|1104|0x00000007d8000000, 0x00000007d8400000, 0x00000007d8400000|100%|HC|  |TAMS 0x00000007d8000000| PB 0x00000007d8000000| Untracked 
|1105|0x00000007d8400000, 0x00000007d8800000, 0x00000007d8800000|100%|HS|  |TAMS 0x00000007d8400000| PB 0x00000007d8400000| Untracked 
|1106|0x00000007d8800000, 0x00000007d8c00000, 0x00000007d8c00000|100%|HC|  |TAMS 0x00000007d8800000| PB 0x00000007d8800000| Untracked 
|1107|0x00000007d8c00000, 0x00000007d9000000, 0x00000007d9000000|100%|HC|  |TAMS 0x00000007d8c00000| PB 0x00000007d8c00000| Untracked 
|1108|0x00000007d9000000, 0x00000007d9400000, 0x00000007d9400000|100%|HS|  |TAMS 0x00000007d9000000| PB 0x00000007d9000000| Untracked 
|1109|0x00000007d9400000, 0x00000007d9800000, 0x00000007d9800000|100%|HC|  |TAMS 0x00000007d9400000| PB 0x00000007d9400000| Untracked 
|1110|0x00000007d9800000, 0x00000007d9c00000, 0x00000007d9c00000|100%|HC|  |TAMS 0x00000007d9800000| PB 0x00000007d9800000| Untracked 
|1111|0x00000007d9c00000, 0x00000007da000000, 0x00000007da000000|100%|HS|  |TAMS 0x00000007d9c00000| PB 0x00000007d9c00000| Untracked 
|1112|0x00000007da000000, 0x00000007da400000, 0x00000007da400000|100%|HC|  |TAMS 0x00000007da000000| PB 0x00000007da000000| Untracked 
|1113|0x00000007da400000, 0x00000007da800000, 0x00000007da800000|100%|HC|  |TAMS 0x00000007da400000| PB 0x00000007da400000| Untracked 
|1114|0x00000007da800000, 0x00000007dac00000, 0x00000007dac00000|100%|HS|  |TAMS 0x00000007da800000| PB 0x00000007da800000| Untracked 
|1115|0x00000007dac00000, 0x00000007db000000, 0x00000007db000000|100%|HS|  |TAMS 0x00000007dac00000| PB 0x00000007dac00000| Untracked 
|1116|0x00000007db000000, 0x00000007db400000, 0x00000007db400000|100%|HS|  |TAMS 0x00000007db000000| PB 0x00000007db000000| Untracked 
|1117|0x00000007db400000, 0x00000007db800000, 0x00000007db800000|100%|HS|  |TAMS 0x00000007db400000| PB 0x00000007db400000| Untracked 
|1118|0x00000007db800000, 0x00000007dbc00000, 0x00000007dbc00000|100%|HS|  |TAMS 0x00000007db800000| PB 0x00000007db800000| Untracked 
|1119|0x00000007dbc00000, 0x00000007dc000000, 0x00000007dc000000|100%|HS|  |TAMS 0x00000007dbc00000| PB 0x00000007dbc00000| Untracked 
|1120|0x00000007dc000000, 0x00000007dc400000, 0x00000007dc400000|100%|HC|  |TAMS 0x00000007dc000000| PB 0x00000007dc000000| Untracked 
|1121|0x00000007dc400000, 0x00000007dc800000, 0x00000007dc800000|100%|HC|  |TAMS 0x00000007dc400000| PB 0x00000007dc400000| Untracked 
|1122|0x00000007dc800000, 0x00000007dcc00000, 0x00000007dcc00000|100%|HS|  |TAMS 0x00000007dc800000| PB 0x00000007dc800000| Untracked 
|1123|0x00000007dcc00000, 0x00000007dd000000, 0x00000007dd000000|100%|HC|  |TAMS 0x00000007dcc00000| PB 0x00000007dcc00000| Untracked 
|1124|0x00000007dd000000, 0x00000007dd400000, 0x00000007dd400000|100%|HC|  |TAMS 0x00000007dd000000| PB 0x00000007dd000000| Untracked 
|1125|0x00000007dd400000, 0x00000007dd800000, 0x00000007dd800000|100%|HS|  |TAMS 0x00000007dd400000| PB 0x00000007dd400000| Untracked 
|1126|0x00000007dd800000, 0x00000007ddc00000, 0x00000007ddc00000|100%|HC|  |TAMS 0x00000007dd800000| PB 0x00000007dd800000| Untracked 
|1127|0x00000007ddc00000, 0x00000007de000000, 0x00000007de000000|100%|HC|  |TAMS 0x00000007ddc00000| PB 0x00000007ddc00000| Untracked 
|1128|0x00000007de000000, 0x00000007de400000, 0x00000007de400000|100%|HS|  |TAMS 0x00000007de000000| PB 0x00000007de000000| Untracked 
|1129|0x00000007de400000, 0x00000007de800000, 0x00000007de800000|100%|HC|  |TAMS 0x00000007de400000| PB 0x00000007de400000| Untracked 
|1130|0x00000007de800000, 0x00000007dec00000, 0x00000007dec00000|100%|HC|  |TAMS 0x00000007de800000| PB 0x00000007de800000| Untracked 
|1131|0x00000007dec00000, 0x00000007df000000, 0x00000007df000000|100%|HS|  |TAMS 0x00000007dec00000| PB 0x00000007dec00000| Untracked 
|1132|0x00000007df000000, 0x00000007df400000, 0x00000007df400000|100%|HC|  |TAMS 0x00000007df000000| PB 0x00000007df000000| Untracked 
|1133|0x00000007df400000, 0x00000007df800000, 0x00000007df800000|100%|HC|  |TAMS 0x00000007df400000| PB 0x00000007df400000| Untracked 
|1134|0x00000007df800000, 0x00000007dfc00000, 0x00000007dfc00000|100%|HC|  |TAMS 0x00000007df800000| PB 0x00000007df800000| Untracked 
|1135|0x00000007dfc00000, 0x00000007e0000000, 0x00000007e0000000|100%|HC|  |TAMS 0x00000007dfc00000| PB 0x00000007dfc00000| Untracked 
|1136|0x00000007e0000000, 0x00000007e0400000, 0x00000007e0400000|100%|HC|  |TAMS 0x00000007e0000000| PB 0x00000007e0000000| Untracked 
|1137|0x00000007e0400000, 0x00000007e0800000, 0x00000007e0800000|100%|HS|  |TAMS 0x00000007e0400000| PB 0x00000007e0400000| Untracked 
|1138|0x00000007e0800000, 0x00000007e0c00000, 0x00000007e0c00000|100%|HS|  |TAMS 0x00000007e0800000| PB 0x00000007e0800000| Untracked 
|1139|0x00000007e0c00000, 0x00000007e1000000, 0x00000007e1000000|100%|HC|  |TAMS 0x00000007e0c00000| PB 0x00000007e0c00000| Untracked 
|1140|0x00000007e1000000, 0x00000007e1400000, 0x00000007e1400000|100%|HC|  |TAMS 0x00000007e1000000| PB 0x00000007e1000000| Untracked 
|1141|0x00000007e1400000, 0x00000007e1800000, 0x00000007e1800000|100%|HS|  |TAMS 0x00000007e1400000| PB 0x00000007e1400000| Untracked 
|1142|0x00000007e1800000, 0x00000007e1c00000, 0x00000007e1c00000|100%|HC|  |TAMS 0x00000007e1800000| PB 0x00000007e1800000| Untracked 
|1143|0x00000007e1c00000, 0x00000007e2000000, 0x00000007e2000000|100%|HC|  |TAMS 0x00000007e1c00000| PB 0x00000007e1c00000| Untracked 
|1144|0x00000007e2000000, 0x00000007e2400000, 0x00000007e2400000|100%|HS|  |TAMS 0x00000007e2000000| PB 0x00000007e2000000| Untracked 
|1145|0x00000007e2400000, 0x00000007e2800000, 0x00000007e2800000|100%|HC|  |TAMS 0x00000007e2400000| PB 0x00000007e2400000| Untracked 
|1146|0x00000007e2800000, 0x00000007e2c00000, 0x00000007e2c00000|100%|HC|  |TAMS 0x00000007e2800000| PB 0x00000007e2800000| Untracked 
|1147|0x00000007e2c00000, 0x00000007e3000000, 0x00000007e3000000|100%|HS|  |TAMS 0x00000007e2c00000| PB 0x00000007e2c00000| Untracked 
|1148|0x00000007e3000000, 0x00000007e3400000, 0x00000007e3400000|100%|HC|  |TAMS 0x00000007e3000000| PB 0x00000007e3000000| Untracked 
|1149|0x00000007e3400000, 0x00000007e3800000, 0x00000007e3800000|100%|HC|  |TAMS 0x00000007e3400000| PB 0x00000007e3400000| Untracked 
|1150|0x00000007e3800000, 0x00000007e3c00000, 0x00000007e3c00000|100%|HS|  |TAMS 0x00000007e3800000| PB 0x00000007e3800000| Untracked 
|1151|0x00000007e3c00000, 0x00000007e4000000, 0x00000007e4000000|100%|HC|  |TAMS 0x00000007e3c00000| PB 0x00000007e3c00000| Untracked 
|1152|0x00000007e4000000, 0x00000007e4400000, 0x00000007e4400000|100%|HC|  |TAMS 0x00000007e4000000| PB 0x00000007e4000000| Untracked 
|1153|0x00000007e4400000, 0x00000007e4800000, 0x00000007e4800000|100%|HS|  |TAMS 0x00000007e4400000| PB 0x00000007e4400000| Untracked 
|1154|0x00000007e4800000, 0x00000007e4c00000, 0x00000007e4c00000|100%|HC|  |TAMS 0x00000007e4800000| PB 0x00000007e4800000| Untracked 
|1155|0x00000007e4c00000, 0x00000007e5000000, 0x00000007e5000000|100%|HC|  |TAMS 0x00000007e4c00000| PB 0x00000007e4c00000| Untracked 
|1156|0x00000007e5000000, 0x00000007e5400000, 0x00000007e5400000|100%|HS|  |TAMS 0x00000007e5000000| PB 0x00000007e5000000| Untracked 
|1157|0x00000007e5400000, 0x00000007e5800000, 0x00000007e5800000|100%|HS|  |TAMS 0x00000007e5400000| PB 0x00000007e5400000| Untracked 
|1158|0x00000007e5800000, 0x00000007e5c00000, 0x00000007e5c00000|100%|HC|  |TAMS 0x00000007e5800000| PB 0x00000007e5800000| Untracked 
|1159|0x00000007e5c00000, 0x00000007e6000000, 0x00000007e6000000|100%|HC|  |TAMS 0x00000007e5c00000| PB 0x00000007e5c00000| Untracked 
|1160|0x00000007e6000000, 0x00000007e6400000, 0x00000007e6400000|100%|HS|  |TAMS 0x00000007e6000000| PB 0x00000007e6000000| Untracked 
|1161|0x00000007e6400000, 0x00000007e6800000, 0x00000007e6800000|100%|HC|  |TAMS 0x00000007e6400000| PB 0x00000007e6400000| Untracked 
|1162|0x00000007e6800000, 0x00000007e6c00000, 0x00000007e6c00000|100%|HC|  |TAMS 0x00000007e6800000| PB 0x00000007e6800000| Untracked 
|1163|0x00000007e6c00000, 0x00000007e7000000, 0x00000007e7000000|100%|HS|  |TAMS 0x00000007e6c00000| PB 0x00000007e6c00000| Untracked 
|1164|0x00000007e7000000, 0x00000007e7400000, 0x00000007e7400000|100%|HC|  |TAMS 0x00000007e7000000| PB 0x00000007e7000000| Untracked 
|1165|0x00000007e7400000, 0x00000007e7800000, 0x00000007e7800000|100%|HC|  |TAMS 0x00000007e7400000| PB 0x00000007e7400000| Untracked 
|1166|0x00000007e7800000, 0x00000007e7c00000, 0x00000007e7c00000|100%|HS|  |TAMS 0x00000007e7800000| PB 0x00000007e7800000| Untracked 
|1167|0x00000007e7c00000, 0x00000007e8000000, 0x00000007e8000000|100%|HC|  |TAMS 0x00000007e7c00000| PB 0x00000007e7c00000| Untracked 
|1168|0x00000007e8000000, 0x00000007e8400000, 0x00000007e8400000|100%|HC|  |TAMS 0x00000007e8000000| PB 0x00000007e8000000| Untracked 
|1169|0x00000007e8400000, 0x00000007e8800000, 0x00000007e8800000|100%|HS|  |TAMS 0x00000007e8400000| PB 0x00000007e8400000| Untracked 
|1170|0x00000007e8800000, 0x00000007e8c00000, 0x00000007e8c00000|100%|HC|  |TAMS 0x00000007e8800000| PB 0x00000007e8800000| Untracked 
|1171|0x00000007e8c00000, 0x00000007e9000000, 0x00000007e9000000|100%|HC|  |TAMS 0x00000007e8c00000| PB 0x00000007e8c00000| Untracked 
|1172|0x00000007e9000000, 0x00000007e9400000, 0x00000007e9400000|100%|HS|  |TAMS 0x00000007e9000000| PB 0x00000007e9000000| Untracked 
|1173|0x00000007e9400000, 0x00000007e9800000, 0x00000007e9800000|100%|HC|  |TAMS 0x00000007e9400000| PB 0x00000007e9400000| Untracked 
|1174|0x00000007e9800000, 0x00000007e9c00000, 0x00000007e9c00000|100%|HC|  |TAMS 0x00000007e9800000| PB 0x00000007e9800000| Untracked 
|1175|0x00000007e9c00000, 0x00000007ea000000, 0x00000007ea000000|100%|HS|  |TAMS 0x00000007e9c00000| PB 0x00000007e9c00000| Untracked 
|1176|0x00000007ea000000, 0x00000007ea400000, 0x00000007ea400000|100%|HC|  |TAMS 0x00000007ea000000| PB 0x00000007ea000000| Untracked 
|1177|0x00000007ea400000, 0x00000007ea800000, 0x00000007ea800000|100%|HC|  |TAMS 0x00000007ea400000| PB 0x00000007ea400000| Untracked 
|1178|0x00000007ea800000, 0x00000007eac00000, 0x00000007eac00000|100%|HS|  |TAMS 0x00000007ea800000| PB 0x00000007ea800000| Untracked 
|1179|0x00000007eac00000, 0x00000007eb000000, 0x00000007eb000000|100%|HC|  |TAMS 0x00000007eac00000| PB 0x00000007eac00000| Untracked 
|1180|0x00000007eb000000, 0x00000007eb400000, 0x00000007eb400000|100%|HC|  |TAMS 0x00000007eb000000| PB 0x00000007eb000000| Untracked 
|1181|0x00000007eb400000, 0x00000007eb800000, 0x00000007eb800000|100%|HS|  |TAMS 0x00000007eb400000| PB 0x00000007eb400000| Untracked 
|1182|0x00000007eb800000, 0x00000007ebc00000, 0x00000007ebc00000|100%|HC|  |TAMS 0x00000007eb800000| PB 0x00000007eb800000| Untracked 
|1183|0x00000007ebc00000, 0x00000007ec000000, 0x00000007ec000000|100%|HC|  |TAMS 0x00000007ebc00000| PB 0x00000007ebc00000| Untracked 
|1184|0x00000007ec000000, 0x00000007ec400000, 0x00000007ec400000|100%|HS|  |TAMS 0x00000007ec000000| PB 0x00000007ec000000| Untracked 
|1185|0x00000007ec400000, 0x00000007ec800000, 0x00000007ec800000|100%|HC|  |TAMS 0x00000007ec400000| PB 0x00000007ec400000| Untracked 
|1186|0x00000007ec800000, 0x00000007ecc00000, 0x00000007ecc00000|100%|HC|  |TAMS 0x00000007ec800000| PB 0x00000007ec800000| Untracked 
|1187|0x00000007ecc00000, 0x00000007ed000000, 0x00000007ed000000|100%|HS|  |TAMS 0x00000007ecc00000| PB 0x00000007ecc00000| Untracked 
|1188|0x00000007ed000000, 0x00000007ed400000, 0x00000007ed400000|100%|HC|  |TAMS 0x00000007ed000000| PB 0x00000007ed000000| Untracked 
|1189|0x00000007ed400000, 0x00000007ed800000, 0x00000007ed800000|100%|HC|  |TAMS 0x00000007ed400000| PB 0x00000007ed400000| Untracked 
|1190|0x00000007ed800000, 0x00000007edc00000, 0x00000007edc00000|100%|HS|  |TAMS 0x00000007ed800000| PB 0x00000007ed800000| Untracked 
|1191|0x00000007edc00000, 0x00000007ee000000, 0x00000007ee000000|100%|HC|  |TAMS 0x00000007edc00000| PB 0x00000007edc00000| Untracked 
|1192|0x00000007ee000000, 0x00000007ee400000, 0x00000007ee400000|100%|HC|  |TAMS 0x00000007ee000000| PB 0x00000007ee000000| Untracked 
|1193|0x00000007ee400000, 0x00000007ee800000, 0x00000007ee800000|100%|HS|  |TAMS 0x00000007ee400000| PB 0x00000007ee400000| Untracked 
|1194|0x00000007ee800000, 0x00000007eec00000, 0x00000007eec00000|100%|HC|  |TAMS 0x00000007ee800000| PB 0x00000007ee800000| Untracked 
|1195|0x00000007eec00000, 0x00000007ef000000, 0x00000007ef000000|100%|HC|  |TAMS 0x00000007eec00000| PB 0x00000007eec00000| Untracked 
|1196|0x00000007ef000000, 0x00000007ef400000, 0x00000007ef400000|100%|HS|  |TAMS 0x00000007ef000000| PB 0x00000007ef000000| Untracked 
|1197|0x00000007ef400000, 0x00000007ef800000, 0x00000007ef800000|100%|HC|  |TAMS 0x00000007ef400000| PB 0x00000007ef400000| Untracked 
|1198|0x00000007ef800000, 0x00000007efc00000, 0x00000007efc00000|100%|HC|  |TAMS 0x00000007ef800000| PB 0x00000007ef800000| Untracked 
|1199|0x00000007efc00000, 0x00000007f0000000, 0x00000007f0000000|100%|HS|  |TAMS 0x00000007efc00000| PB 0x00000007efc00000| Untracked 
|1200|0x00000007f0000000, 0x00000007f0400000, 0x00000007f0400000|100%|HC|  |TAMS 0x00000007f0000000| PB 0x00000007f0000000| Untracked 
|1201|0x00000007f0400000, 0x00000007f0800000, 0x00000007f0800000|100%|HC|  |TAMS 0x00000007f0400000| PB 0x00000007f0400000| Untracked 
|1202|0x00000007f0800000, 0x00000007f0c00000, 0x00000007f0c00000|100%|HS|  |TAMS 0x00000007f0800000| PB 0x00000007f0800000| Untracked 
|1203|0x00000007f0c00000, 0x00000007f1000000, 0x00000007f1000000|100%|HC|  |TAMS 0x00000007f0c00000| PB 0x00000007f0c00000| Untracked 
|1204|0x00000007f1000000, 0x00000007f1400000, 0x00000007f1400000|100%|HC|  |TAMS 0x00000007f1000000| PB 0x00000007f1000000| Untracked 
|1205|0x00000007f1400000, 0x00000007f1800000, 0x00000007f1800000|100%|HS|  |TAMS 0x00000007f1400000| PB 0x00000007f1400000| Untracked 
|1206|0x00000007f1800000, 0x00000007f1c00000, 0x00000007f1c00000|100%|HC|  |TAMS 0x00000007f1800000| PB 0x00000007f1800000| Untracked 
|1207|0x00000007f1c00000, 0x00000007f2000000, 0x00000007f2000000|100%|HC|  |TAMS 0x00000007f1c00000| PB 0x00000007f1c00000| Untracked 
|1208|0x00000007f2000000, 0x00000007f2400000, 0x00000007f2400000|100%|HS|  |TAMS 0x00000007f2000000| PB 0x00000007f2000000| Untracked 
|1209|0x00000007f2400000, 0x00000007f2800000, 0x00000007f2800000|100%|HC|  |TAMS 0x00000007f2400000| PB 0x00000007f2400000| Untracked 
|1210|0x00000007f2800000, 0x00000007f2c00000, 0x00000007f2c00000|100%|HC|  |TAMS 0x00000007f2800000| PB 0x00000007f2800000| Untracked 
|1211|0x00000007f2c00000, 0x00000007f3000000, 0x00000007f3000000|100%|HS|  |TAMS 0x00000007f2c00000| PB 0x00000007f2c00000| Untracked 
|1212|0x00000007f3000000, 0x00000007f3400000, 0x00000007f3400000|100%|HC|  |TAMS 0x00000007f3000000| PB 0x00000007f3000000| Untracked 
|1213|0x00000007f3400000, 0x00000007f3800000, 0x00000007f3800000|100%|HC|  |TAMS 0x00000007f3400000| PB 0x00000007f3400000| Untracked 
|1214|0x00000007f3800000, 0x00000007f3c00000, 0x00000007f3c00000|100%|HS|  |TAMS 0x00000007f3800000| PB 0x00000007f3800000| Untracked 
|1215|0x00000007f3c00000, 0x00000007f4000000, 0x00000007f4000000|100%|HC|  |TAMS 0x00000007f3c00000| PB 0x00000007f3c00000| Untracked 
|1216|0x00000007f4000000, 0x00000007f4400000, 0x00000007f4400000|100%|HC|  |TAMS 0x00000007f4000000| PB 0x00000007f4000000| Untracked 
|1217|0x00000007f4400000, 0x00000007f4800000, 0x00000007f4800000|100%|HS|  |TAMS 0x00000007f4400000| PB 0x00000007f4400000| Untracked 
|1218|0x00000007f4800000, 0x00000007f4c00000, 0x00000007f4c00000|100%|HC|  |TAMS 0x00000007f4800000| PB 0x00000007f4800000| Untracked 
|1219|0x00000007f4c00000, 0x00000007f5000000, 0x00000007f5000000|100%|HC|  |TAMS 0x00000007f4c00000| PB 0x00000007f4c00000| Untracked 
|1220|0x00000007f5000000, 0x00000007f5400000, 0x00000007f5400000|100%|HS|  |TAMS 0x00000007f5000000| PB 0x00000007f5000000| Untracked 
|1221|0x00000007f5400000, 0x00000007f5800000, 0x00000007f5800000|100%|HC|  |TAMS 0x00000007f5400000| PB 0x00000007f5400000| Untracked 
|1222|0x00000007f5800000, 0x00000007f5c00000, 0x00000007f5c00000|100%|HC|  |TAMS 0x00000007f5800000| PB 0x00000007f5800000| Untracked 
|1223|0x00000007f5c00000, 0x00000007f6000000, 0x00000007f6000000|100%|HS|  |TAMS 0x00000007f5c00000| PB 0x00000007f5c00000| Untracked 
|1224|0x00000007f6000000, 0x00000007f6400000, 0x00000007f6400000|100%|HC|  |TAMS 0x00000007f6000000| PB 0x00000007f6000000| Untracked 
|1225|0x00000007f6400000, 0x00000007f6800000, 0x00000007f6800000|100%|HC|  |TAMS 0x00000007f6400000| PB 0x00000007f6400000| Untracked 
|1226|0x00000007f6800000, 0x00000007f6c00000, 0x00000007f6c00000|100%|HS|  |TAMS 0x00000007f6800000| PB 0x00000007f6800000| Untracked 
|1227|0x00000007f6c00000, 0x00000007f7000000, 0x00000007f7000000|100%|HC|  |TAMS 0x00000007f6c00000| PB 0x00000007f6c00000| Untracked 
|1228|0x00000007f7000000, 0x00000007f7400000, 0x00000007f7400000|100%|HC|  |TAMS 0x00000007f7000000| PB 0x00000007f7000000| Untracked 
|1229|0x00000007f7400000, 0x00000007f7800000, 0x00000007f7800000|100%|HS|  |TAMS 0x00000007f7400000| PB 0x00000007f7400000| Untracked 
|1230|0x00000007f7800000, 0x00000007f7c00000, 0x00000007f7c00000|100%|HC|  |TAMS 0x00000007f7800000| PB 0x00000007f7800000| Untracked 
|1231|0x00000007f7c00000, 0x00000007f8000000, 0x00000007f8000000|100%|HC|  |TAMS 0x00000007f7c00000| PB 0x00000007f7c00000| Untracked 
|1232|0x00000007f8000000, 0x00000007f8400000, 0x00000007f8400000|100%|HS|  |TAMS 0x00000007f8000000| PB 0x00000007f8000000| Untracked 
|1233|0x00000007f8400000, 0x00000007f8800000, 0x00000007f8800000|100%|HC|  |TAMS 0x00000007f8400000| PB 0x00000007f8400000| Untracked 
|1234|0x00000007f8800000, 0x00000007f8c00000, 0x00000007f8c00000|100%|HC|  |TAMS 0x00000007f8800000| PB 0x00000007f8800000| Untracked 
|1235|0x00000007f8c00000, 0x00000007f9000000, 0x00000007f9000000|100%|HS|  |TAMS 0x00000007f8c00000| PB 0x00000007f8c00000| Untracked 
|1236|0x00000007f9000000, 0x00000007f9400000, 0x00000007f9400000|100%|HC|  |TAMS 0x00000007f9000000| PB 0x00000007f9000000| Untracked 
|1237|0x00000007f9400000, 0x00000007f9800000, 0x00000007f9800000|100%|HC|  |TAMS 0x00000007f9400000| PB 0x00000007f9400000| Untracked 
|1238|0x00000007f9800000, 0x00000007f9c00000, 0x00000007f9c00000|100%|HS|  |TAMS 0x00000007f9800000| PB 0x00000007f9800000| Untracked 
|1239|0x00000007f9c00000, 0x00000007fa000000, 0x00000007fa000000|100%|HC|  |TAMS 0x00000007f9c00000| PB 0x00000007f9c00000| Untracked 
|1240|0x00000007fa000000, 0x00000007fa400000, 0x00000007fa400000|100%|HC|  |TAMS 0x00000007fa000000| PB 0x00000007fa000000| Untracked 
|1241|0x00000007fa400000, 0x00000007fa800000, 0x00000007fa800000|100%|HS|  |TAMS 0x00000007fa400000| PB 0x00000007fa400000| Untracked 
|1242|0x00000007fa800000, 0x00000007fac00000, 0x00000007fac00000|100%|HC|  |TAMS 0x00000007fa800000| PB 0x00000007fa800000| Untracked 
|1243|0x00000007fac00000, 0x00000007fb000000, 0x00000007fb000000|100%|HC|  |TAMS 0x00000007fac00000| PB 0x00000007fac00000| Untracked 
|1244|0x00000007fb000000, 0x00000007fb400000, 0x00000007fb400000|100%|HS|  |TAMS 0x00000007fb000000| PB 0x00000007fb000000| Untracked 
|1245|0x00000007fb400000, 0x00000007fb800000, 0x00000007fb800000|100%|HC|  |TAMS 0x00000007fb400000| PB 0x00000007fb400000| Untracked 
|1246|0x00000007fb800000, 0x00000007fbc00000, 0x00000007fbc00000|100%|HC|  |TAMS 0x00000007fb800000| PB 0x00000007fb800000| Untracked 
|1247|0x00000007fbc00000, 0x00000007fc000000, 0x00000007fc000000|100%|HS|  |TAMS 0x00000007fbc00000| PB 0x00000007fbc00000| Untracked 
|1248|0x00000007fc000000, 0x00000007fc400000, 0x00000007fc400000|100%|HC|  |TAMS 0x00000007fc000000| PB 0x00000007fc000000| Untracked 
|1249|0x00000007fc400000, 0x00000007fc800000, 0x00000007fc800000|100%|HC|  |TAMS 0x00000007fc400000| PB 0x00000007fc400000| Untracked 
|1250|0x00000007fc800000, 0x00000007fcc00000, 0x00000007fcc00000|100%|HS|  |TAMS 0x00000007fc800000| PB 0x00000007fc800000| Untracked 
|1251|0x00000007fcc00000, 0x00000007fd000000, 0x00000007fd000000|100%|HC|  |TAMS 0x00000007fcc00000| PB 0x00000007fcc00000| Untracked 
|1252|0x00000007fd000000, 0x00000007fd400000, 0x00000007fd400000|100%|HC|  |TAMS 0x00000007fd000000| PB 0x00000007fd000000| Untracked 
|1253|0x00000007fd400000, 0x00000007fd800000, 0x00000007fd800000|100%|HS|  |TAMS 0x00000007fd400000| PB 0x00000007fd400000| Untracked 
|1254|0x00000007fd800000, 0x00000007fdc00000, 0x00000007fdc00000|100%|HC|  |TAMS 0x00000007fd800000| PB 0x00000007fd800000| Untracked 
|1255|0x00000007fdc00000, 0x00000007fe000000, 0x00000007fe000000|100%|HC|  |TAMS 0x00000007fdc00000| PB 0x00000007fdc00000| Untracked 
|1256|0x00000007fe000000, 0x00000007fe400000, 0x00000007fe400000|100%|HS|  |TAMS 0x00000007fe000000| PB 0x00000007fe000000| Untracked 
|1257|0x00000007fe400000, 0x00000007fe800000, 0x00000007fe800000|100%|HC|  |TAMS 0x00000007fe400000| PB 0x00000007fe400000| Untracked 
|1258|0x00000007fe800000, 0x00000007fec00000, 0x00000007fec00000|100%|HC|  |TAMS 0x00000007fe800000| PB 0x00000007fe800000| Untracked 
|1259|0x00000007fec00000, 0x00000007ff000000, 0x00000007ff000000|100%|HS|  |TAMS 0x00000007fec00000| PB 0x00000007fec00000| Untracked 
|1260|0x00000007ff000000, 0x00000007ff400000, 0x00000007ff400000|100%|HS|  |TAMS 0x00000007ff000000| PB 0x00000007ff000000| Untracked 
|1261|0x00000007ff400000, 0x00000007ff800000, 0x00000007ff800000|100%|HS|  |TAMS 0x00000007ff400000| PB 0x00000007ff400000| Untracked 
|1262|0x00000007ff800000, 0x00000007ffc00000, 0x00000007ffc00000|100%|HC|  |TAMS 0x00000007ff800000| PB 0x00000007ff800000| Untracked 
|1263|0x00000007ffc00000, 0x0000000800000000, 0x0000000800000000|100%|HC|  |TAMS 0x00000007ffc00000| PB 0x00000007ffc00000| Untracked 

Card table byte_map: [0x00000205a3030000,0x00000205a3a10000] _byte_map_base: 0x000002059fa10000

Marking Bits: (CMBitMap*) 0x000002058f9efdb0
 Bits: [0x00000205a3a10000, 0x00000205a8910000)

Polling page: 0x000002058d720000

Metaspace:

Usage:
  Non-class:     23.65 MB used.
      Class:      3.30 MB used.
       Both:     26.95 MB used.

Virtual space:
  Non-class space:       64.00 MB reserved,      24.06 MB ( 38%) committed,  1 nodes.
      Class space:        1.00 GB reserved,       3.62 MB ( <1%) committed,  1 nodes.
             Both:        1.06 GB reserved,      27.69 MB (  3%) committed. 

Chunk freelists:
   Non-Class:  7.75 MB
       Class:  12.51 MB
        Both:  20.26 MB

MaxMetaspaceSize: unlimited
CompressedClassSpaceSize: 1.00 GB
Initial GC threshold: 21.00 MB
Current GC threshold: 46.19 MB
CDS: on
 - commit_granule_bytes: 65536.
 - commit_granule_words: 8192.
 - virtual_space_node_default_size: 8388608.
 - enlarge_chunks_in_place: 1.
 - use_allocation_guard: 0.


Internal statistics:

num_allocs_failed_limit: 3.
num_arena_births: 612.
num_arena_deaths: 282.
num_vsnodes_births: 2.
num_vsnodes_deaths: 0.
num_space_committed: 443.
num_space_uncommitted: 0.
num_chunks_returned_to_freelist: 350.
num_chunks_taken_from_freelist: 1675.
num_chunk_merges: 98.
num_chunk_splits: 1094.
num_chunks_enlarged: 719.
num_inconsistent_stats: 0.

CodeHeap 'non-profiled nmethods': size=120000Kb used=8792Kb max_used=9018Kb free=111207Kb
 bounds [0x000002059adf0000, 0x000002059b6f0000, 0x00000205a2320000]
CodeHeap 'profiled nmethods': size=120000Kb used=14685Kb max_used=18140Kb free=105314Kb
 bounds [0x0000020593320000, 0x0000020594500000, 0x000002059a850000]
CodeHeap 'non-nmethods': size=5760Kb used=2193Kb max_used=2301Kb free=3566Kb
 bounds [0x000002059a850000, 0x000002059aac0000, 0x000002059adf0000]
CodeCache: size=245760Kb, used=25670Kb, max_used=29459Kb, free=220087Kb
 total_blobs=9251, nmethods=8339, adapters=815, full_count=0
Compilation: enabled, stopped_count=0, restarted_count=0

Compilation events (20 events):
Event: 197.205 Thread 0x00000205ab34fd00 11451       2       com.sun.scenario.effect.impl.prism.ps.PPSDrawable::getCompatibleHeight (11 bytes)
Event: 197.206 Thread 0x00000205ab34fd00 nmethod 11451 0x00000205934bb690 code [0x00000205934bb820, 0x00000205934bb948]
Event: 197.206 Thread 0x00000205ab34fd00 11452       2       com.sun.prism.d3d.D3DResourceFactory::getRTTHeight (2 bytes)
Event: 197.206 Thread 0x00000205ab34fd00 nmethod 11452 0x0000020593d61290 code [0x0000020593d61420, 0x0000020593d61528]
Event: 197.213 Thread 0x00000205ab34fd00 11453       3       java.util.concurrent.ConcurrentHashMap::addCount (280 bytes)
Event: 197.215 Thread 0x00000205ab34fd00 nmethod 11453 0x0000020593437290 code [0x00000205934374e0, 0x0000020593437dd8]
Event: 197.240 Thread 0x00000205ab34ee60 11454   !   4       java.util.concurrent.locks.AbstractQueuedSynchronizer::acquire (424 bytes)
Event: 197.280 Thread 0x00000205ab34ee60 nmethod 11454 0x000002059b670210 code [0x000002059b670460, 0x000002059b671dc8]
Event: 197.390 Thread 0x00000205ab34ee60 11455       4       java.lang.ref.SoftReference::get (29 bytes)
Event: 197.391 Thread 0x00000205ab34ee60 nmethod 11455 0x000002059b34dd90 code [0x000002059b34df20, 0x000002059b34e020]
Event: 197.906 Thread 0x00000205ab34ee60 11456       4       javafx.scene.Scene$ClickCounter::stopTimeout (20 bytes)
Event: 197.907 Thread 0x00000205ab34fd00 11458       3       jdk.internal.reflect.MethodHandleAccessorFactory::useNativeAccessor (74 bytes)
Event: 197.907 Thread 0x00000205ab34ee60 nmethod 11456 0x000002059af0fa90 code [0x000002059af0fc20, 0x000002059af0fd38]
Event: 197.907 Thread 0x00000205ab34fd00 nmethod 11458 0x0000020593f51610 code [0x0000020593f51860, 0x0000020593f52080]
Event: 198.052 Thread 0x00000205ab34fd00 11459       3       javafx.scene.layout.BorderStrokeStyle::equals (163 bytes)
Event: 198.053 Thread 0x00000205ab34fd00 nmethod 11459 0x0000020593368e10 code [0x0000020593369060, 0x00000205933698e8]
Event: 198.054 Thread 0x00000205ab34ee60 11460       4       javafx.scene.Node$StyleableProperties$16::isSettable (9 bytes)
Event: 198.056 Thread 0x00000205ab34ee60 nmethod 11460 0x000002059b410790 code [0x000002059b410920, 0x000002059b410a68]
Event: 198.056 Thread 0x00000205ab34ee60 11461       4       com.sun.javafx.font.PrismFont::getStyleName (10 bytes)
Event: 198.057 Thread 0x00000205ab34ee60 nmethod 11461 0x000002059b3e5090 code [0x000002059b3e5220, 0x000002059b3e5330]

GC Heap History (20 events):
Event: 202.429 GC heap before
{Heap before GC invocations=262 (full 70):
 garbage-first heap   total 5177344K, used 5175647K [0x00000006c4000000, 0x0000000800000000)
  region size 4096K, 0 young (0K), 0 survivors (0K)
 Metaspace       used 27600K, committed 28352K, reserved 1114112K
  class space    used 3383K, committed 3712K, reserved 1048576K
}
Event: 202.514 GC heap after
{Heap after GC invocations=263 (full 71):
 garbage-first heap   total 5177344K, used 5175647K [0x00000006c4000000, 0x0000000800000000)
  region size 4096K, 0 young (0K), 0 survivors (0K)
 Metaspace       used 27600K, committed 28352K, reserved 1114112K
  class space    used 3383K, committed 3712K, reserved 1048576K
}
Event: 202.514 GC heap before
{Heap before GC invocations=263 (full 71):
 garbage-first heap   total 5177344K, used 5175647K [0x00000006c4000000, 0x0000000800000000)
  region size 4096K, 0 young (0K), 0 survivors (0K)
 Metaspace       used 27600K, committed 28352K, reserved 1114112K
  class space    used 3383K, committed 3712K, reserved 1048576K
}
Event: 202.515 GC heap after
{Heap after GC invocations=264 (full 71):
 garbage-first heap   total 5177344K, used 5175647K [0x00000006c4000000, 0x0000000800000000)
  region size 4096K, 0 young (0K), 0 survivors (0K)
 Metaspace       used 27600K, committed 28352K, reserved 1114112K
  class space    used 3383K, committed 3712K, reserved 1048576K
}
Event: 202.515 GC heap before
{Heap before GC invocations=264 (full 71):
 garbage-first heap   total 5177344K, used 5175647K [0x00000006c4000000, 0x0000000800000000)
  region size 4096K, 0 young (0K), 0 survivors (0K)
 Metaspace       used 27600K, committed 28352K, reserved 1114112K
  class space    used 3383K, committed 3712K, reserved 1048576K
}
Event: 202.572 GC heap after
{Heap after GC invocations=265 (full 72):
 garbage-first heap   total 5177344K, used 5175647K [0x00000006c4000000, 0x0000000800000000)
  region size 4096K, 0 young (0K), 0 survivors (0K)
 Metaspace       used 27600K, committed 28352K, reserved 1114112K
  class space    used 3383K, committed 3712K, reserved 1048576K
}
Event: 202.573 GC heap before
{Heap before GC invocations=265 (full 72):
 garbage-first heap   total 5177344K, used 5175647K [0x00000006c4000000, 0x0000000800000000)
  region size 4096K, 0 young (0K), 0 survivors (0K)
 Metaspace       used 27600K, committed 28352K, reserved 1114112K
  class space    used 3383K, committed 3712K, reserved 1048576K
}
Event: 202.643 GC heap after
{Heap after GC invocations=266 (full 73):
 garbage-first heap   total 5177344K, used 5175647K [0x00000006c4000000, 0x0000000800000000)
  region size 4096K, 0 young (0K), 0 survivors (0K)
 Metaspace       used 27600K, committed 28352K, reserved 1114112K
  class space    used 3383K, committed 3712K, reserved 1048576K
}
Event: 202.644 GC heap before
{Heap before GC invocations=266 (full 73):
 garbage-first heap   total 5177344K, used 5175647K [0x00000006c4000000, 0x0000000800000000)
  region size 4096K, 0 young (0K), 0 survivors (0K)
 Metaspace       used 27600K, committed 28352K, reserved 1114112K
  class space    used 3383K, committed 3712K, reserved 1048576K
}
Event: 202.645 GC heap after
{Heap after GC invocations=267 (full 73):
 garbage-first heap   total 5177344K, used 5175647K [0x00000006c4000000, 0x0000000800000000)
  region size 4096K, 0 young (0K), 0 survivors (0K)
 Metaspace       used 27600K, committed 28352K, reserved 1114112K
  class space    used 3383K, committed 3712K, reserved 1048576K
}
Event: 202.645 GC heap before
{Heap before GC invocations=267 (full 73):
 garbage-first heap   total 5177344K, used 5175647K [0x00000006c4000000, 0x0000000800000000)
  region size 4096K, 0 young (0K), 0 survivors (0K)
 Metaspace       used 27600K, committed 28352K, reserved 1114112K
  class space    used 3383K, committed 3712K, reserved 1048576K
}
Event: 202.712 GC heap after
{Heap after GC invocations=268 (full 74):
 garbage-first heap   total 5177344K, used 5175647K [0x00000006c4000000, 0x0000000800000000)
  region size 4096K, 0 young (0K), 0 survivors (0K)
 Metaspace       used 27600K, committed 28352K, reserved 1114112K
  class space    used 3383K, committed 3712K, reserved 1048576K
}
Event: 202.712 GC heap before
{Heap before GC invocations=268 (full 74):
 garbage-first heap   total 5177344K, used 5175647K [0x00000006c4000000, 0x0000000800000000)
  region size 4096K, 0 young (0K), 0 survivors (0K)
 Metaspace       used 27600K, committed 28352K, reserved 1114112K
  class space    used 3383K, committed 3712K, reserved 1048576K
}
Event: 202.800 GC heap after
{Heap after GC invocations=269 (full 75):
 garbage-first heap   total 5177344K, used 5175647K [0x00000006c4000000, 0x0000000800000000)
  region size 4096K, 0 young (0K), 0 survivors (0K)
 Metaspace       used 27600K, committed 28352K, reserved 1114112K
  class space    used 3383K, committed 3712K, reserved 1048576K
}
Event: 202.800 GC heap before
{Heap before GC invocations=269 (full 75):
 garbage-first heap   total 5177344K, used 5175647K [0x00000006c4000000, 0x0000000800000000)
  region size 4096K, 0 young (0K), 0 survivors (0K)
 Metaspace       used 27600K, committed 28352K, reserved 1114112K
  class space    used 3383K, committed 3712K, reserved 1048576K
}
Event: 202.801 GC heap after
{Heap after GC invocations=270 (full 75):
 garbage-first heap   total 5177344K, used 5175647K [0x00000006c4000000, 0x0000000800000000)
  region size 4096K, 0 young (0K), 0 survivors (0K)
 Metaspace       used 27600K, committed 28352K, reserved 1114112K
  class space    used 3383K, committed 3712K, reserved 1048576K
}
Event: 202.801 GC heap before
{Heap before GC invocations=270 (full 75):
 garbage-first heap   total 5177344K, used 5175647K [0x00000006c4000000, 0x0000000800000000)
  region size 4096K, 0 young (0K), 0 survivors (0K)
 Metaspace       used 27600K, committed 28352K, reserved 1114112K
  class space    used 3383K, committed 3712K, reserved 1048576K
}
Event: 202.859 GC heap after
{Heap after GC invocations=271 (full 76):
 garbage-first heap   total 5177344K, used 5175647K [0x00000006c4000000, 0x0000000800000000)
  region size 4096K, 0 young (0K), 0 survivors (0K)
 Metaspace       used 27600K, committed 28352K, reserved 1114112K
  class space    used 3383K, committed 3712K, reserved 1048576K
}
Event: 202.859 GC heap before
{Heap before GC invocations=271 (full 76):
 garbage-first heap   total 5177344K, used 5175647K [0x00000006c4000000, 0x0000000800000000)
  region size 4096K, 0 young (0K), 0 survivors (0K)
 Metaspace       used 27600K, committed 28352K, reserved 1114112K
  class space    used 3383K, committed 3712K, reserved 1048576K
}
Event: 202.936 GC heap after
{Heap after GC invocations=272 (full 77):
 garbage-first heap   total 5177344K, used 5175647K [0x00000006c4000000, 0x0000000800000000)
  region size 4096K, 0 young (0K), 0 survivors (0K)
 Metaspace       used 27600K, committed 28352K, reserved 1114112K
  class space    used 3383K, committed 3712K, reserved 1048576K
}

Dll operation events (20 events):
Event: 0.347 Loaded shared library C:\Users\user\.openjfx\cache\21+31\amd64\api-ms-win-crt-stdio-l1-1-0.dll
Event: 0.351 Loaded shared library C:\Users\user\.openjfx\cache\21+31\amd64\api-ms-win-crt-string-l1-1-0.dll
Event: 0.353 Loaded shared library C:\Users\user\.openjfx\cache\21+31\amd64\api-ms-win-crt-time-l1-1-0.dll
Event: 0.355 Loaded shared library C:\Users\user\.openjfx\cache\21+31\amd64\api-ms-win-crt-utility-l1-1-0.dll
Event: 0.368 Loaded shared library C:\Users\user\.openjfx\cache\21+31\amd64\ucrtbase.dll
Event: 0.372 Loaded shared library C:\Users\user\.openjfx\cache\21+31\amd64\vcruntime140.dll
Event: 0.374 Loaded shared library C:\Users\user\.openjfx\cache\21+31\amd64\vcruntime140_1.dll
Event: 0.383 Loaded shared library C:\Users\user\.openjfx\cache\21+31\amd64\msvcp140.dll
Event: 0.385 Loaded shared library C:\Users\user\.openjfx\cache\21+31\amd64\msvcp140_1.dll
Event: 0.389 Loaded shared library C:\Users\user\.openjfx\cache\21+31\amd64\msvcp140_2.dll
Event: 0.423 Loaded shared library C:\Users\user\.openjfx\cache\21+31\amd64\prism_d3d.dll
Event: 1.138 Loaded shared library C:\Users\user\.openjfx\cache\21+31\amd64\glass.dll
Event: 1.238 Loaded shared library C:\Users\user\.p2\pool\plugins\org.eclipse.justj.openjdk.hotspot.jre.full.win32.x86_64_21.0.8.v20250724-1412\jre\bin\jimage.dll
Event: 1.382 Loaded shared library C:\Users\user\.openjfx\cache\21+31\amd64\javafx_font.dll
Event: 1.855 Loaded shared library C:\Users\user\.openjfx\cache\21+31\amd64\glib-lite.dll
Event: 1.873 Loaded shared library C:\Users\user\.openjfx\cache\21+31\amd64\gstreamer-lite.dll
Event: 1.891 Loaded shared library C:\Users\user\.openjfx\cache\21+31\amd64\jfxmedia.dll
Event: 93.923 Loaded shared library C:\Users\user\.p2\pool\plugins\org.eclipse.justj.openjdk.hotspot.jre.full.win32.x86_64_21.0.8.v20250724-1412\jre\bin\extnet.dll
Event: 150.443 Loaded shared library C:\Users\user\.p2\pool\plugins\org.eclipse.justj.openjdk.hotspot.jre.full.win32.x86_64_21.0.8.v20250724-1412\jre\bin\verify.dll
Event: 152.602 Loaded shared library C:\Users\user\.openjfx\cache\21+31\amd64\javafx_iio.dll

Deoptimization events (20 events):
Event: 198.050 Thread 0x00000205ab9adf80 Uncommon trap: trap_request=0xffffff45 fr.pc=0x000002059b297a54 relative=0x00000000000002f4
Event: 198.050 Thread 0x00000205ab9adf80 Uncommon trap: reason=unstable_if action=reinterpret pc=0x000002059b297a54 method=java.lang.ref.SoftReference.get()Ljava/lang/Object; @ 6 c2
Event: 198.050 Thread 0x00000205ab9adf80 DEOPT PACKING pc=0x000002059b297a54 sp=0x0000009656afdcc0
Event: 198.050 Thread 0x00000205ab9adf80 DEOPT UNPACKING pc=0x000002059a8a7da2 sp=0x0000009656afdc20 mode 2
Event: 199.005 Thread 0x00000205f3e8caa0 DEOPT PACKING pc=0x000002059b0d40b4 sp=0x00000096576ff390
Event: 199.005 Thread 0x00000205f3e8caa0 DEOPT UNPACKING pc=0x000002059a8a88e2 sp=0x00000096576fe848 mode 1
Event: 199.635 Thread 0x00000205f3e8caa0 DEOPT PACKING pc=0x000002059b0d40b4 sp=0x00000096576ff390
Event: 199.635 Thread 0x00000205f3e8caa0 DEOPT UNPACKING pc=0x000002059a8a88e2 sp=0x00000096576fe848 mode 1
Event: 199.764 Thread 0x00000205abef91d0 DEOPT PACKING pc=0x000002059b6a90a8 sp=0x00000096568fdae0
Event: 199.764 Thread 0x00000205abef91d0 DEOPT UNPACKING pc=0x000002059a8a88e2 sp=0x00000096568fcfa8 mode 1
Event: 200.445 Thread 0x00000205abef8b70 DEOPT PACKING pc=0x000002059b2f1464 sp=0x00000096567ff1d0
Event: 200.445 Thread 0x00000205abef8b70 DEOPT UNPACKING pc=0x000002059a8a88e2 sp=0x00000096567fe678 mode 1
Event: 201.514 Thread 0x00000205abef8b70 Uncommon trap: trap_request=0xffffff45 fr.pc=0x000002059afecf2c relative=0x000000000000010c
Event: 201.514 Thread 0x00000205abef8b70 Uncommon trap: reason=unstable_if action=reinterpret pc=0x000002059afecf2c method=java.lang.ThreadLocal$ThreadLocalMap.getEntry(Ljava/lang/ThreadLocal;)Ljava/lang/ThreadLocal$ThreadLocalMap$Entry; @ 21 c2
Event: 201.657 Thread 0x00000205abef8b70 DEOPT PACKING pc=0x000002059afecf2c sp=0x00000096567fefc0
Event: 201.657 Thread 0x00000205f3a0c020 DEOPT PACKING pc=0x000002059b11da9c sp=0x00000096574ff210
Event: 201.657 Thread 0x00000205abef8b70 DEOPT UNPACKING pc=0x000002059a8a7da2 sp=0x00000096567fef60 mode 2
Event: 201.657 Thread 0x00000205f3a0c020 DEOPT UNPACKING pc=0x000002059a8a88e2 sp=0x00000096574fe6b8 mode 1
Event: 202.936 Thread 0x00000205f3e8caa0 DEOPT PACKING pc=0x000002059b0d40b4 sp=0x00000096576ff390
Event: 202.936 Thread 0x00000205f3e8caa0 DEOPT UNPACKING pc=0x000002059a8a88e2 sp=0x00000096576fe848 mode 1

Classes loaded (20 events):
Event: 152.431 Loading class jdk/internal/icu/impl/UCharacterProperty done
Event: 152.431 Loading class jdk/internal/icu/impl/UCharacterProperty$1
Event: 152.431 Loading class jdk/internal/icu/impl/UCharacterProperty$BiDiIntProperty
Event: 152.431 Loading class jdk/internal/icu/impl/UCharacterProperty$IntProperty
Event: 152.431 Loading class jdk/internal/icu/impl/UCharacterProperty$IntProperty done
Event: 152.431 Loading class jdk/internal/icu/impl/UCharacterProperty$BiDiIntProperty done
Event: 152.431 Loading class jdk/internal/icu/impl/UCharacterProperty$1 done
Event: 152.433 Loading class jdk/internal/icu/impl/UCharacterProperty$IsAcceptable
Event: 152.433 Loading class jdk/internal/icu/impl/UCharacterProperty$IsAcceptable done
Event: 152.433 Loading class jdk/internal/icu/util/VersionInfo
Event: 152.433 Loading class jdk/internal/icu/util/VersionInfo done
Event: 152.443 Loading class java/lang/CharacterData01
Event: 152.443 Loading class java/lang/CharacterData01 done
Event: 159.712 Loading class java/lang/FdLibm$Cbrt
Event: 159.712 Loading class java/lang/FdLibm$Cbrt done
Event: 199.297 Loading class java/util/zip/DataFormatException
Event: 201.787 Loading class java/lang/Throwable$WrappedPrintStream
Event: 201.788 Loading class java/lang/Throwable$PrintStreamOrWriter
Event: 202.514 Loading class java/lang/Throwable$PrintStreamOrWriter done
Event: 202.514 Loading class java/lang/Throwable$WrappedPrintStream done

Classes unloaded (20 events):
Event: 196.637 Thread 0x00000205ab31a6b0 Unloading class 0x00000205ad143000 'java/lang/invoke/LambdaForm$MH+0x00000205ad143000'
Event: 196.637 Thread 0x00000205ab31a6b0 Unloading class 0x00000205ad142c00 'java/lang/invoke/LambdaForm$MH+0x00000205ad142c00'
Event: 196.637 Thread 0x00000205ab31a6b0 Unloading class 0x00000205ad142400 'java/lang/invoke/LambdaForm$MH+0x00000205ad142400'
Event: 196.637 Thread 0x00000205ab31a6b0 Unloading class 0x00000205ad140c00 'java/lang/invoke/LambdaForm$MH+0x00000205ad140c00'
Event: 196.637 Thread 0x00000205ab31a6b0 Unloading class 0x00000205ad140000 'java/lang/invoke/LambdaForm$DMH+0x00000205ad140000'
Event: 196.637 Thread 0x00000205ab31a6b0 Unloading class 0x00000205ad13a800 'java/lang/invoke/LambdaForm$DMH+0x00000205ad13a800'
Event: 196.638 Thread 0x00000205ab31a6b0 Unloading class 0x00000205ad12b400 'java/lang/invoke/LambdaForm$MH+0x00000205ad12b400'
Event: 196.638 Thread 0x00000205ab31a6b0 Unloading class 0x00000205ad12b000 'java/lang/invoke/LambdaForm$MH+0x00000205ad12b000'
Event: 196.638 Thread 0x00000205ab31a6b0 Unloading class 0x00000205ad12a000 'java/lang/invoke/LambdaForm$MH+0x00000205ad12a000'
Event: 196.638 Thread 0x00000205ab31a6b0 Unloading class 0x00000205ad129c00 'java/lang/invoke/LambdaForm$MH+0x00000205ad129c00'
Event: 196.638 Thread 0x00000205ab31a6b0 Unloading class 0x00000205ad124c00 'java/lang/invoke/LambdaForm$MH+0x00000205ad124c00'
Event: 196.638 Thread 0x00000205ab31a6b0 Unloading class 0x00000205ad10c400 'java/lang/invoke/LambdaForm$MH+0x00000205ad10c400'
Event: 196.638 Thread 0x00000205ab31a6b0 Unloading class 0x00000205ad10c000 'java/lang/invoke/LambdaForm$MH+0x00000205ad10c000'
Event: 196.638 Thread 0x00000205ab31a6b0 Unloading class 0x00000205ad024400 'java/lang/invoke/LambdaForm$MH+0x00000205ad024400'
Event: 196.638 Thread 0x00000205ab31a6b0 Unloading class 0x00000205ad017000 'java/lang/invoke/LambdaForm$MH+0x00000205ad017000'
Event: 196.638 Thread 0x00000205ab31a6b0 Unloading class 0x00000205ad016000 'java/lang/invoke/LambdaForm$MH+0x00000205ad016000'
Event: 196.638 Thread 0x00000205ab31a6b0 Unloading class 0x00000205ad015c00 'java/lang/invoke/LambdaForm$MH+0x00000205ad015c00'
Event: 196.638 Thread 0x00000205ab31a6b0 Unloading class 0x00000205ad015400 'java/lang/invoke/LambdaForm$MH+0x00000205ad015400'
Event: 196.638 Thread 0x00000205ab31a6b0 Unloading class 0x00000205ad014400 'java/lang/invoke/LambdaForm$MH+0x00000205ad014400'
Event: 196.638 Thread 0x00000205ab31a6b0 Unloading class 0x00000205ad000400 'java/lang/invoke/LambdaForm$MH+0x00000205ad000400'

Classes redefined (0 events):
No events

Internal exceptions (20 events):
Event: 197.502 Thread 0x00000205f76d66b0 Exception <a 'java/lang/OutOfMemoryError'{0x00000006c42c2940}> (0x00000006c42c2940) 
thrown [s\src\hotspot\share\gc\shared\memAllocator.cpp, line 136]
Event: 197.905 Thread 0x00000205ab9adf80 Implicit null exception at 0x000002059b32e759 to 0x000002059b330084
Event: 197.906 Thread 0x00000205f76d66b0 Implicit null exception at 0x000002059b410993 to 0x000002059b410a80
Event: 198.050 Thread 0x00000205ab9adf80 Implicit null exception at 0x000002059b297839 to 0x000002059b297a48
Event: 198.872 Thread 0x00000205f3e8caa0 Exception <a 'java/lang/OutOfMemoryError'{0x00000006c42c2918}> (0x00000006c42c2918) 
thrown [s\src\hotspot\share\gc\shared\memAllocator.cpp, line 136]
Event: 199.149 Thread 0x00000205f76d6d40 Exception <a 'java/lang/OutOfMemoryError'{0x00000006c42c2bf0}> (0x00000006c42c2bf0) 
thrown [s\src\hotspot\share\gc\shared\memAllocator.cpp, line 136]
Event: 199.635 Thread 0x00000205f3e8caa0 Exception <a 'java/lang/OutOfMemoryError'{0x00000006c4347f68}> (0x00000006c4347f68) 
thrown [s\src\hotspot\share\gc\shared\memAllocator.cpp, line 136]
Event: 199.764 Thread 0x00000205abef91d0 Exception <a 'java/lang/OutOfMemoryError'{0x00000006c4347f68}> (0x00000006c4347f68) 
thrown [s\src\hotspot\share\gc\shared\memAllocator.cpp, line 136]
Event: 200.034 Thread 0x00000205f429c2b0 Exception <a 'java/lang/OutOfMemoryError'{0x00000006c4347f68}> (0x00000006c4347f68) 
thrown [s\src\hotspot\share\gc\shared\memAllocator.cpp, line 136]
Event: 200.445 Thread 0x00000205abef8b70 Exception <a 'java/lang/OutOfMemoryError'{0x00000006c4347f68}> (0x00000006c4347f68) 
thrown [s\src\hotspot\share\gc\shared\memAllocator.cpp, line 136]
Event: 200.852 Thread 0x00000205abef91d0 Exception <a 'java/lang/OutOfMemoryError'{0x00000006c4347f68}> (0x00000006c4347f68) 
thrown [s\src\hotspot\share\gc\shared\memAllocator.cpp, line 136]
Event: 201.116 Thread 0x00000205abef8b70 Exception <a 'java/lang/OutOfMemoryError'{0x00000006c4347f68}> (0x00000006c4347f68) 
thrown [s\src\hotspot\share\gc\shared\memAllocator.cpp, line 136]
Event: 201.388 Thread 0x00000205abef91d0 Exception <a 'java/lang/OutOfMemoryError'{0x00000006c4347f68}> (0x00000006c4347f68) 
thrown [s\src\hotspot\share\gc\shared\memAllocator.cpp, line 136]
Event: 201.513 Thread 0x00000205f3a0c020 Exception <a 'java/lang/OutOfMemoryError'{0x00000006c4347f68}> (0x00000006c4347f68) 
thrown [s\src\hotspot\share\gc\shared\memAllocator.cpp, line 136]
Event: 201.513 Thread 0x00000205abef8b70 Implicit null exception at 0x000002059afece80 to 0x000002059afecf14
Event: 201.787 Thread 0x00000205abef91d0 Exception <a 'java/lang/OutOfMemoryError'{0x00000006c4347f68}> (0x00000006c4347f68) 
thrown [s\src\hotspot\share\gc\shared\memAllocator.cpp, line 136]
Event: 202.215 Thread 0x00000205abef91d0 Exception <a 'java/lang/OutOfMemoryError'{0x00000006c4347f68}> (0x00000006c4347f68) 
thrown [s\src\hotspot\share\gc\shared\memAllocator.cpp, line 136]
Event: 202.514 Thread 0x00000205f3a0c020 Exception <a 'java/lang/OutOfMemoryError'{0x00000006c4347f68}> (0x00000006c4347f68) 
thrown [s\src\hotspot\share\gc\shared\memAllocator.cpp, line 136]
Event: 202.800 Thread 0x00000205abef91d0 Exception <a 'java/lang/OutOfMemoryError'{0x00000006c4347f68}> (0x00000006c4347f68) 
thrown [s\src\hotspot\share\gc\shared\memAllocator.cpp, line 136]
Event: 202.936 Thread 0x00000205f3e8caa0 Exception <a 'java/lang/OutOfMemoryError'{0x00000006c4347f68}> (0x00000006c4347f68) 
thrown [s\src\hotspot\share\gc\shared\memAllocator.cpp, line 136]

ZGC Phase Switch (0 events):
No events

VM Operations (20 events):
Event: 201.657 Executing VM operation: G1CollectForAllocation (G1 Evacuation Pause) done
Event: 201.657 Executing VM operation: G1CollectForAllocation (G1 Evacuation Pause)
Event: 201.787 Executing VM operation: G1CollectForAllocation (G1 Evacuation Pause) done
Event: 201.787 Executing VM operation: G1CollectForAllocation (G1 Evacuation Pause)
Event: 201.939 Executing VM operation: G1CollectForAllocation (G1 Evacuation Pause) done
Event: 201.939 Executing VM operation: G1CollectForAllocation (G1 Evacuation Pause)
Event: 202.069 Executing VM operation: G1CollectForAllocation (G1 Evacuation Pause) done
Event: 202.069 Executing VM operation: G1CollectForAllocation (G1 Evacuation Pause)
Event: 202.215 Executing VM operation: G1CollectForAllocation (G1 Evacuation Pause) done
Event: 202.215 Executing VM operation: G1CollectForAllocation (G1 Evacuation Pause)
Event: 202.350 Executing VM operation: G1CollectForAllocation (G1 Evacuation Pause) done
Event: 202.350 Executing VM operation: G1CollectForAllocation (G1 Evacuation Pause)
Event: 202.514 Executing VM operation: G1CollectForAllocation (G1 Evacuation Pause) done
Event: 202.514 Executing VM operation: G1CollectForAllocation (G1 Evacuation Pause)
Event: 202.644 Executing VM operation: G1CollectForAllocation (G1 Evacuation Pause) done
Event: 202.644 Executing VM operation: G1CollectForAllocation (G1 Evacuation Pause)
Event: 202.800 Executing VM operation: G1CollectForAllocation (G1 Evacuation Pause) done
Event: 202.800 Executing VM operation: G1CollectForAllocation (G1 Evacuation Pause)
Event: 202.936 Executing VM operation: G1CollectForAllocation (G1 Evacuation Pause) done
Event: 202.936 Executing VM operation: G1CollectForAllocation (G1 Evacuation Pause)

Memory protections (0 events):
No events

Nmethod flushes (20 events):
Event: 196.643 Thread 0x00000205ab31a6b0 flushing  nmethod 0x0000020593f11a10
Event: 196.643 Thread 0x00000205ab31a6b0 flushing  nmethod 0x000002059419cf10
Event: 196.643 Thread 0x00000205ab31a6b0 flushing  nmethod 0x0000020593982010
Event: 196.643 Thread 0x00000205ab31a6b0 flushing  nmethod 0x0000020593fcd890
Event: 197.461 Thread 0x00000205ab31a6b0 flushing  nmethod 0x000002059af0fa90
Event: 197.461 Thread 0x00000205ab31a6b0 flushing  nmethod 0x000002059aed1a90
Event: 197.545 Thread 0x00000205ab31a6b0 flushing  nmethod 0x000002059341fb10
Event: 197.545 Thread 0x00000205ab31a6b0 flushing  nmethod 0x000002059aeb3510
Event: 197.545 Thread 0x00000205ab31a6b0 flushing  nmethod 0x000002059af33710
Event: 197.545 Thread 0x00000205ab31a6b0 flushing  nmethod 0x000002059b2ec610
Event: 197.545 Thread 0x00000205ab31a6b0 flushing  nmethod 0x000002059b26b590
Event: 197.545 Thread 0x00000205ab31a6b0 flushing  nmethod 0x000002059b088810
Event: 197.545 Thread 0x00000205ab31a6b0 flushing  nmethod 0x0000020593b12290
Event: 197.545 Thread 0x00000205ab31a6b0 flushing  nmethod 0x000002059b49fb90
Event: 197.545 Thread 0x00000205ab31a6b0 flushing  nmethod 0x000002059b65cf10
Event: 198.009 Thread 0x00000205ab31a6b0 flushing  nmethod 0x000002059b410790
Event: 198.009 Thread 0x00000205ab31a6b0 flushing  nmethod 0x000002059b32e210
Event: 198.161 Thread 0x00000205ab31a6b0 flushing  nmethod 0x000002059438ce10
Event: 198.161 Thread 0x00000205ab31a6b0 flushing  nmethod 0x000002059b297590
Event: 201.742 Thread 0x00000205ab31a6b0 flushing  nmethod 0x000002059afecc90

Events (20 events):
Event: 181.881 Thread 0x00000205f46bf820 Thread exited: 0x00000205f46bf820
Event: 181.965 Thread 0x00000205ab6fe2a0 Thread exited: 0x00000205ab6fe2a0
Event: 186.057 Thread 0x00000205ab34ee60 Thread added: 0x00000205ab6fb2f0
Event: 186.059 Thread 0x00000205ab6fb2f0 Thread added: 0x00000205ab6fd500
Event: 186.169 Thread 0x00000205abef91d0 Thread added: 0x00000205f76d4c70
Event: 186.923 Thread 0x00000205ab6fd500 Thread exited: 0x00000205ab6fd500
Event: 186.923 Thread 0x00000205ab6fb2f0 Thread exited: 0x00000205ab6fb2f0
Event: 188.128 Thread 0x00000205f76d4c70 Thread exited: 0x00000205f76d4c70
Event: 193.913 Thread 0x00000205abef91d0 Thread added: 0x00000205f76d5990
Event: 195.051 Thread 0x00000205abef91d0 Thread added: 0x00000205f76d45e0
Event: 195.056 Thread 0x00000205abef91d0 Thread added: 0x00000205f76d66b0
Event: 195.063 Thread 0x00000205abef91d0 Thread added: 0x00000205f76d4c70
Event: 195.096 Thread 0x00000205ab34fd00 Thread added: 0x00000205ab6fc090
Event: 195.436 Thread 0x00000205ab34fd00 Thread added: 0x00000205ab6fb2f0
Event: 196.195 Thread 0x00000205abef91d0 Thread added: 0x00000205f76d6d40
Event: 197.196 Thread 0x00000205f76d4c70 Thread exited: 0x00000205f76d4c70
Event: 197.197 Thread 0x00000205ab6fc090 Thread exited: 0x00000205ab6fc090
Event: 197.197 Thread 0x00000205ab6fb2f0 Thread exited: 0x00000205ab6fb2f0
Event: 199.635 Thread 0x00000205f76d5990 Thread exited: 0x00000205f76d5990
Event: 201.787 Thread 0x00000205abef8b70 Thread exited: 0x00000205abef8b70


Dynamic libraries:
0x00007ff7e09f0000 - 0x00007ff7e09fe000 	C:\Users\user\.p2\pool\plugins\org.eclipse.justj.openjdk.hotspot.jre.full.win32.x86_64_21.0.8.v20250724-1412\jre\bin\java.exe
0x00007ff830060000 - 0x00007ff8302c7000 	C:\WINDOWS\SYSTEM32\ntdll.dll
0x00007ff82f4c0000 - 0x00007ff82f589000 	C:\WINDOWS\System32\KERNEL32.DLL
0x00007ff82cda0000 - 0x00007ff82d191000 	C:\WINDOWS\System32\KERNELBASE.dll
0x00007ff82d320000 - 0x00007ff82d46b000 	C:\WINDOWS\System32\ucrtbase.dll
0x00007ffff12f0000 - 0x00007ffff1308000 	C:\Users\user\.p2\pool\plugins\org.eclipse.justj.openjdk.hotspot.jre.full.win32.x86_64_21.0.8.v20250724-1412\jre\bin\jli.dll
0x00007ffff1310000 - 0x00007ffff132e000 	C:\Users\user\.p2\pool\plugins\org.eclipse.justj.openjdk.hotspot.jre.full.win32.x86_64_21.0.8.v20250724-1412\jre\bin\VCRUNTIME140.dll
0x00007ff82f2f0000 - 0x00007ff82f4b5000 	C:\WINDOWS\System32\USER32.dll
0x00007ff80f3d0000 - 0x00007ff80f663000 	C:\WINDOWS\WinSxS\amd64_microsoft.windows.common-controls_6595b64144ccf1df_6.0.26100.8037_none_3e092faae333b53b\COMCTL32.dll
0x00007ff82d470000 - 0x00007ff82d497000 	C:\WINDOWS\System32\win32u.dll
0x00007ff82fa30000 - 0x00007ff82fad9000 	C:\WINDOWS\System32\msvcrt.dll
0x00007ff82f1b0000 - 0x00007ff82f1db000 	C:\WINDOWS\System32\GDI32.dll
0x00007ff82cbe0000 - 0x00007ff82cd0b000 	C:\WINDOWS\System32\gdi32full.dll
0x00007ff82cb30000 - 0x00007ff82cbd3000 	C:\WINDOWS\System32\msvcp_win.dll
0x00007ff82f790000 - 0x00007ff82f7c1000 	C:\WINDOWS\System32\IMM32.DLL
0x00007ff801b90000 - 0x00007ff801b9c000 	C:\Users\user\.p2\pool\plugins\org.eclipse.justj.openjdk.hotspot.jre.full.win32.x86_64_21.0.8.v20250724-1412\jre\bin\vcruntime140_1.dll
0x00007fffd0e30000 - 0x00007fffd0ebd000 	C:\Users\user\.p2\pool\plugins\org.eclipse.justj.openjdk.hotspot.jre.full.win32.x86_64_21.0.8.v20250724-1412\jre\bin\msvcp140.dll
0x00007fffd3ef0000 - 0x00007fffd4c87000 	C:\Users\user\.p2\pool\plugins\org.eclipse.justj.openjdk.hotspot.jre.full.win32.x86_64_21.0.8.v20250724-1412\jre\bin\server\jvm.dll
0x00007ff82de90000 - 0x00007ff82df4b000 	C:\WINDOWS\System32\ADVAPI32.dll
0x00007ff82f1e0000 - 0x00007ff82f287000 	C:\WINDOWS\System32\sechost.dll
0x00007ff82e270000 - 0x00007ff82e388000 	C:\WINDOWS\System32\RPCRT4.dll
0x00007ff82f7d0000 - 0x00007ff82f844000 	C:\WINDOWS\System32\WS2_32.dll
0x00007ff82c770000 - 0x00007ff82c7ce000 	C:\WINDOWS\SYSTEM32\POWRPROF.dll
0x00007ff8248e0000 - 0x00007ff824915000 	C:\WINDOWS\SYSTEM32\WINMM.dll
0x00007ff81d1e0000 - 0x00007ff81d1eb000 	C:\WINDOWS\SYSTEM32\VERSION.dll
0x00007ff82c750000 - 0x00007ff82c764000 	C:\WINDOWS\SYSTEM32\UMPDC.dll
0x00007ff82b6a0000 - 0x00007ff82b6bb000 	C:\WINDOWS\SYSTEM32\kernel.appcore.dll
0x00007ff80fe20000 - 0x00007ff80fe2a000 	C:\Users\user\.p2\pool\plugins\org.eclipse.justj.openjdk.hotspot.jre.full.win32.x86_64_21.0.8.v20250724-1412\jre\bin\jimage.dll
0x00007ff82a7c0000 - 0x00007ff82aa02000 	C:\WINDOWS\SYSTEM32\DBGHELP.DLL
0x00007ff82eb10000 - 0x00007ff82ee92000 	C:\WINDOWS\System32\combase.dll
0x00007ff82f680000 - 0x00007ff82f757000 	C:\WINDOWS\System32\OLEAUT32.dll
0x00007ff807790000 - 0x00007ff8077cb000 	C:\WINDOWS\SYSTEM32\dbgcore.DLL
0x00007ff82c910000 - 0x00007ff82c9b5000 	C:\WINDOWS\System32\bcryptPrimitives.dll
0x00007ffffa720000 - 0x00007ffffa73f000 	C:\Users\user\.p2\pool\plugins\org.eclipse.justj.openjdk.hotspot.jre.full.win32.x86_64_21.0.8.v20250724-1412\jre\bin\java.dll
0x00007ff82e3a0000 - 0x00007ff82eaff000 	C:\WINDOWS\System32\SHELL32.dll
0x00007ff82c9c0000 - 0x00007ff82cb2a000 	C:\WINDOWS\System32\wintypes.dll
0x00007ff82d560000 - 0x00007ff82ddc4000 	C:\WINDOWS\System32\windows.storage.dll
0x00007ff82f000000 - 0x00007ff82f0f7000 	C:\WINDOWS\System32\SHCORE.dll
0x00007ff82f610000 - 0x00007ff82f677000 	C:\WINDOWS\System32\shlwapi.dll
0x00007ff82c830000 - 0x00007ff82c859000 	C:\WINDOWS\SYSTEM32\profapi.dll
0x00007ff806b20000 - 0x00007ff806b30000 	C:\Users\user\.p2\pool\plugins\org.eclipse.justj.openjdk.hotspot.jre.full.win32.x86_64_21.0.8.v20250724-1412\jre\bin\net.dll
0x00007ff826be0000 - 0x00007ff826d07000 	C:\WINDOWS\SYSTEM32\WINHTTP.dll
0x00007ff82bc10000 - 0x00007ff82bc7b000 	C:\WINDOWS\system32\mswsock.dll
0x00007ffff6fc0000 - 0x00007ffff6fd6000 	C:\Users\user\.p2\pool\plugins\org.eclipse.justj.openjdk.hotspot.jre.full.win32.x86_64_21.0.8.v20250724-1412\jre\bin\nio.dll
0x00007ffff9a50000 - 0x00007ffff9a68000 	C:\Users\user\.p2\pool\plugins\org.eclipse.justj.openjdk.hotspot.jre.full.win32.x86_64_21.0.8.v20250724-1412\jre\bin\zip.dll
0x000002058d9d0000 - 0x000002058d9d3000 	C:\Users\user\.openjfx\cache\21+31\amd64\api-ms-win-core-console-l1-1-0.dll
0x000002058d9e0000 - 0x000002058d9e3000 	C:\Users\user\.openjfx\cache\21+31\amd64\api-ms-win-core-console-l1-2-0.dll
0x000002058d9f0000 - 0x000002058d9f3000 	C:\Users\user\.openjfx\cache\21+31\amd64\api-ms-win-core-datetime-l1-1-0.dll
0x000002058da00000 - 0x000002058da03000 	C:\Users\user\.openjfx\cache\21+31\amd64\api-ms-win-core-debug-l1-1-0.dll
0x000002058da10000 - 0x000002058da13000 	C:\Users\user\.openjfx\cache\21+31\amd64\api-ms-win-core-errorhandling-l1-1-0.dll
0x000002058da20000 - 0x000002058da24000 	C:\Users\user\.openjfx\cache\21+31\amd64\api-ms-win-core-file-l1-1-0.dll
0x000002058da30000 - 0x000002058da33000 	C:\Users\user\.openjfx\cache\21+31\amd64\api-ms-win-core-file-l1-2-0.dll
0x000002058da40000 - 0x000002058da43000 	C:\Users\user\.openjfx\cache\21+31\amd64\api-ms-win-core-file-l2-1-0.dll
0x000002058f880000 - 0x000002058f883000 	C:\Users\user\.openjfx\cache\21+31\amd64\api-ms-win-core-handle-l1-1-0.dll
0x000002058f890000 - 0x000002058f893000 	C:\Users\user\.openjfx\cache\21+31\amd64\api-ms-win-core-heap-l1-1-0.dll
0x000002058f8a0000 - 0x000002058f8a3000 	C:\Users\user\.openjfx\cache\21+31\amd64\api-ms-win-core-interlocked-l1-1-0.dll
0x000002058f8b0000 - 0x000002058f8b3000 	C:\Users\user\.openjfx\cache\21+31\amd64\api-ms-win-core-libraryloader-l1-1-0.dll
0x000002058f8c0000 - 0x000002058f8c3000 	C:\Users\user\.openjfx\cache\21+31\amd64\api-ms-win-core-localization-l1-2-0.dll
0x000002058f8d0000 - 0x000002058f8d3000 	C:\Users\user\.openjfx\cache\21+31\amd64\api-ms-win-core-memory-l1-1-0.dll
0x000002058f8e0000 - 0x000002058f8e3000 	C:\Users\user\.openjfx\cache\21+31\amd64\api-ms-win-core-namedpipe-l1-1-0.dll
0x000002058f8f0000 - 0x000002058f8f3000 	C:\Users\user\.openjfx\cache\21+31\amd64\api-ms-win-core-processenvironment-l1-1-0.dll
0x000002058f900000 - 0x000002058f903000 	C:\Users\user\.openjfx\cache\21+31\amd64\api-ms-win-core-processthreads-l1-1-0.dll
0x000002058f910000 - 0x000002058f913000 	C:\Users\user\.openjfx\cache\21+31\amd64\api-ms-win-core-processthreads-l1-1-1.dll
0x000002058f920000 - 0x000002058f923000 	C:\Users\user\.openjfx\cache\21+31\amd64\api-ms-win-core-profile-l1-1-0.dll
0x000002058f930000 - 0x000002058f933000 	C:\Users\user\.openjfx\cache\21+31\amd64\api-ms-win-core-rtlsupport-l1-1-0.dll
0x00000205abf90000 - 0x00000205abf93000 	C:\Users\user\.openjfx\cache\21+31\amd64\api-ms-win-core-string-l1-1-0.dll
0x00000205abfa0000 - 0x00000205abfa3000 	C:\Users\user\.openjfx\cache\21+31\amd64\api-ms-win-core-synch-l1-1-0.dll
0x00000205abfb0000 - 0x00000205abfb3000 	C:\Users\user\.openjfx\cache\21+31\amd64\api-ms-win-core-synch-l1-2-0.dll
0x00000205abfc0000 - 0x00000205abfc3000 	C:\Users\user\.openjfx\cache\21+31\amd64\api-ms-win-core-sysinfo-l1-1-0.dll
0x00000205abfd0000 - 0x00000205abfd3000 	C:\Users\user\.openjfx\cache\21+31\amd64\api-ms-win-core-timezone-l1-1-0.dll
0x00000205abfe0000 - 0x00000205abfe3000 	C:\Users\user\.openjfx\cache\21+31\amd64\api-ms-win-core-util-l1-1-0.dll
0x00000205abff0000 - 0x00000205abff3000 	C:\Users\user\.openjfx\cache\21+31\amd64\api-ms-win-crt-conio-l1-1-0.dll
0x00000205f1000000 - 0x00000205f1004000 	C:\Users\user\.openjfx\cache\21+31\amd64\api-ms-win-crt-convert-l1-1-0.dll
0x00000205f1010000 - 0x00000205f1013000 	C:\Users\user\.openjfx\cache\21+31\amd64\api-ms-win-crt-environment-l1-1-0.dll
0x00000205f1020000 - 0x00000205f1023000 	C:\Users\user\.openjfx\cache\21+31\amd64\api-ms-win-crt-filesystem-l1-1-0.dll
0x00000205f1030000 - 0x00000205f1033000 	C:\Users\user\.openjfx\cache\21+31\amd64\api-ms-win-crt-heap-l1-1-0.dll
0x00000205f1040000 - 0x00000205f1043000 	C:\Users\user\.openjfx\cache\21+31\amd64\api-ms-win-crt-locale-l1-1-0.dll
0x00000205f1050000 - 0x00000205f1055000 	C:\Users\user\.openjfx\cache\21+31\amd64\api-ms-win-crt-math-l1-1-0.dll
0x00000205f1060000 - 0x00000205f1065000 	C:\Users\user\.openjfx\cache\21+31\amd64\api-ms-win-crt-multibyte-l1-1-0.dll
0x00000205f1070000 - 0x00000205f1080000 	C:\Users\user\.openjfx\cache\21+31\amd64\api-ms-win-crt-private-l1-1-0.dll
0x00000205f1080000 - 0x00000205f1083000 	C:\Users\user\.openjfx\cache\21+31\amd64\api-ms-win-crt-process-l1-1-0.dll
0x00000205f1090000 - 0x00000205f1094000 	C:\Users\user\.openjfx\cache\21+31\amd64\api-ms-win-crt-runtime-l1-1-0.dll
0x00000205f10a0000 - 0x00000205f10a4000 	C:\Users\user\.openjfx\cache\21+31\amd64\api-ms-win-crt-stdio-l1-1-0.dll
0x00000205f10b0000 - 0x00000205f10b4000 	C:\Users\user\.openjfx\cache\21+31\amd64\api-ms-win-crt-string-l1-1-0.dll
0x00000205f10c0000 - 0x00000205f10c3000 	C:\Users\user\.openjfx\cache\21+31\amd64\api-ms-win-crt-time-l1-1-0.dll
0x00000205f10d0000 - 0x00000205f10d3000 	C:\Users\user\.openjfx\cache\21+31\amd64\api-ms-win-crt-utility-l1-1-0.dll
0x00007ff8035f0000 - 0x00007ff8036ec000 	C:\Users\user\.openjfx\cache\21+31\amd64\ucrtbase.dll
0x00007ff8037b0000 - 0x00007ff8037cb000 	C:\Users\user\.openjfx\cache\21+31\amd64\vcruntime140.dll
0x00007ff827c00000 - 0x00007ff827c0c000 	C:\Users\user\.openjfx\cache\21+31\amd64\vcruntime140_1.dll
0x00007ff8034b0000 - 0x00007ff80353e000 	C:\Users\user\.openjfx\cache\21+31\amd64\msvcp140.dll
0x00007ff82df80000 - 0x00007ff82e115000 	C:\WINDOWS\System32\ole32.dll
0x00007ff81ea30000 - 0x00007ff81ea39000 	C:\Users\user\.openjfx\cache\21+31\amd64\msvcp140_1.dll
0x00007ff803780000 - 0x00007ff8037af000 	C:\Users\user\.openjfx\cache\21+31\amd64\msvcp140_2.dll
0x00007ff803750000 - 0x00007ff80377f000 	C:\Users\user\.openjfx\cache\21+31\amd64\prism_d3d.dll
0x00007fffcd880000 - 0x00007fffcda32000 	C:\WINDOWS\system32\d3d9.dll
0x00007ff82a200000 - 0x00007ff82a22e000 	C:\WINDOWS\SYSTEM32\dwmapi.dll
0x00007ff82a020000 - 0x00007ff82a063000 	C:\WINDOWS\SYSTEM32\dxcore.dll
0x00007ff829f20000 - 0x00007ff829fca000 	C:\WINDOWS\system32\uxtheme.dll
0x00007fffcd5e0000 - 0x00007fffcd87f000 	C:\WINDOWS\System32\DriverStore\FileRepository\iigd_dch.inf_amd64_54754d77b2c2ee59\igdumdim64.dll
0x00007fffbe500000 - 0x00007fffbfc6b000 	C:\WINDOWS\System32\DriverStore\FileRepository\iigd_dch.inf_amd64_54754d77b2c2ee59\igd9dxva64.dll
0x00007ff82fb60000 - 0x00007ff82ffe7000 	C:\WINDOWS\System32\SETUPAPI.dll
0x00007ff82c480000 - 0x00007ff82c4d7000 	C:\WINDOWS\SYSTEM32\cfgmgr32.dll
0x00007ff8142f0000 - 0x00007ff8163c3000 	C:\WINDOWS\System32\DriverStore\FileRepository\iigd_dch.inf_amd64_54754d77b2c2ee59\media_bin_64.dll
0x00007ff8240b0000 - 0x00007ff82465b000 	C:\WINDOWS\System32\DriverStore\FileRepository\iigd_dch.inf_amd64_54754d77b2c2ee59\igdgmm64.dll
0x00007ff827020000 - 0x00007ff827080000 	C:\WINDOWS\SYSTEM32\directxdatabasehelper.dll
0x00007ff8035a0000 - 0x00007ff8035e2000 	C:\Users\user\.openjfx\cache\21+31\amd64\glass.dll
0x00007ff82e170000 - 0x00007ff82e25e000 	C:\WINDOWS\System32\COMDLG32.dll
0x00007ff82eea0000 - 0x00007ff82effd000 	C:\WINDOWS\System32\MSCTF.dll
0x00007ff829cd0000 - 0x00007ff829cf8000 	C:\WINDOWS\System32\DriverStore\FileRepository\iigd_dch.inf_amd64_54754d77b2c2ee59\igdinfo64.dll
0x00007ff81edf0000 - 0x00007ff8240a4000 	C:\WINDOWS\System32\DriverStore\FileRepository\iigd_dch.inf_amd64_54754d77b2c2ee59\igc64.dll
0x00007ff803490000 - 0x00007ff8034a4000 	C:\Users\user\.openjfx\cache\21+31\amd64\javafx_font.dll
0x00007fffe8b80000 - 0x00007fffe8c1f000 	C:\Users\user\.openjfx\cache\21+31\amd64\glib-lite.dll
0x00007fffdce40000 - 0x00007fffdcf2e000 	C:\Users\user\.openjfx\cache\21+31\amd64\gstreamer-lite.dll
0x00007fffe6df0000 - 0x00007fffe6e84000 	C:\WINDOWS\SYSTEM32\DSOUND.dll
0x00007ff8078d0000 - 0x00007ff807907000 	C:\WINDOWS\SYSTEM32\winmmbase.dll
0x00007fffdcd80000 - 0x00007fffdce31000 	C:\WINDOWS\SYSTEM32\ResampleDmo.DLL
0x00007ffff3810000 - 0x00007ffff381e000 	C:\WINDOWS\SYSTEM32\msdmo.dll
0x00007ff803f10000 - 0x00007ff803f34000 	C:\Users\user\.openjfx\cache\21+31\amd64\jfxmedia.dll
0x00007ff8037d0000 - 0x00007ff8037f4000 	C:\Users\user\.openjfx\cache\21+31\amd64\fxplugins.dll
0x00007ff81dd40000 - 0x00007ff81df5a000 	C:\WINDOWS\SYSTEM32\MFPlat.DLL
0x00007ff81dc30000 - 0x00007ff81dc6c000 	C:\WINDOWS\SYSTEM32\RTWorkQ.DLL
0x00007ff82ddd0000 - 0x00007ff82de7e000 	C:\WINDOWS\System32\clbcatq.dll
0x00007ff8247e0000 - 0x00007ff824878000 	C:\WINDOWS\System32\MMDevApi.dll
0x00007ff82c450000 - 0x00007ff82c47d000 	C:\WINDOWS\System32\DEVOBJ.dll
0x00007ff82bf10000 - 0x00007ff82bf1c000 	C:\WINDOWS\SYSTEM32\CRYPTBASE.DLL
0x00007fffd00b0000 - 0x00007fffd0316000 	C:\Windows\System32\msmpeg2vdec.dll
0x00007fffdcc40000 - 0x00007fffdcd70000 	C:\Windows\System32\mfperfhelper.dll
0x00007fffd3850000 - 0x00007fffd390a000 	C:\Windows\System32\msmpeg2adec.dll

JVMTI agents: none

dbghelp: loaded successfully - version: 4.0.5 - missing functions: none
symbol engine: initialized successfully - sym options: 0x614 - pdb path: .;C:\Users\user\.p2\pool\plugins\org.eclipse.justj.openjdk.hotspot.jre.full.win32.x86_64_21.0.8.v20250724-1412\jre\bin;C:\WINDOWS\SYSTEM32;C:\WINDOWS\WinSxS\amd64_microsoft.windows.common-controls_6595b64144ccf1df_6.0.26100.8037_none_3e092faae333b53b;C:\Users\user\.p2\pool\plugins\org.eclipse.justj.openjdk.hotspot.jre.full.win32.x86_64_21.0.8.v20250724-1412\jre\bin\server;C:\Users\user\.openjfx\cache\21+31\amd64;C:\WINDOWS\System32\DriverStore\FileRepository\iigd_dch.inf_amd64_54754d77b2c2ee59;C:\Program Files\Common Files\Microsoft Shared\Ink

VM Arguments:
jvm_args: --add-opens=java.base/java.lang.reflect=ALL-UNNAMED --module-path=C:\Users\user\.m2\repository\org\openjfx\javafx-base\21\javafx-base-21-win.jar;C:\Users\user\.m2\repository\org\openjfx\javafx-base\21\javafx-base-21.jar;C:\Users\user\.m2\repository\org\openjfx\javafx-controls\21\javafx-controls-21-win.jar;C:\Users\user\.m2\repository\org\openjfx\javafx-controls\21\javafx-controls-21.jar;C:\Users\user\.m2\repository\org\openjfx\javafx-fxml\21\javafx-fxml-21-win.jar;C:\Users\user\.m2\repository\org\openjfx\javafx-fxml\21\javafx-fxml-21.jar;C:\Users\user\.m2\repository\org\openjfx\javafx-graphics\21\javafx-graphics-21-win.jar;C:\Users\user\.m2\repository\org\openjfx\javafx-graphics\21\javafx-graphics-21.jar;C:\Users\user\.m2\repository\org\openjfx\javafx-media\21\javafx-media-21-win.jar;C:\Users\user\.m2\repository\org\openjfx\javafx-media\21\javafx-media-21.jar;C:\Users\user\.m2\repository\org\openjfx\javafx-web\21\javafx-web-21-win.jar;C:\Users\user\.m2\repository\org\openjfx\javafx-web\21\javafx-web-21.jar --add-modules=javafx.base,javafx.controls,javafx.fxml,javafx.graphics,javafx.media,javafx.web 
java_command: JStream.application
java_class_path (initial): C:\Users\user\git\ProjectS2\JStream\target\classes;C:\Users\user\.m2\repository\com\google\protobuf\protobuf-java\4.31.1\protobuf-java-4.31.1.jar;C:\Users\user\.m2\repository\com\jfoenix\jfoenix\9.0.10\jfoenix-9.0.10.jar;C:\Users\user\.m2\repository\com\mysql\mysql-connector-j\9.6.0\mysql-connector-j-9.6.0.jar;C:\Users\user\.m2\repository\com\sun\activation\jakarta.activation\2.0.1\jakarta.activation-2.0.1.jar;C:\Users\user\.m2\repository\com\sun\mail\jakarta.mail\2.0.1\jakarta.mail-2.0.1.jar;C:\Users\user\.m2\repository\de\jensd\fontawesomefx\8.9\fontawesomefx-8.9.jar;C:\Users\user\.m2\repository\de\jensd\fontawesomefx-commons\9.1.2\fontawesomefx-commons-9.1.2.jar;C:\Users\user\.m2\repository\de\jensd\fontawesomefx-controls\9.1.2\fontawesomefx-controls-9.1.2.jar;C:\Users\user\.m2\repository\io\github\palexdev\materialfx-all\11.25.0\materialfx-all-11.25.0.jar;C:\Users\user\.m2\repository\io\github\palexdev\mfxcomponents\11.25.0\mfxcomponents-11.25.0.jar;C:\Users\user\.m2\repository\io\github\palexdev\mfxcore\11.10.0\mfxcore-11.10.0.jar;C:\Users\user\.m2\repository\io\github\palexdev\mfxeffects\11.4.0\mfxeffects-11.4.0.jar;C:\Users\user\.m2\repository\io\github\palexdev\mfxlocalization\11.1.0\mfxlocalization-11.1.0.jar;C:\Users\user\.m2\repository\io\github\palexdev\mfxresources\11.10.0\mfxresources-11.10.0.jar;C:\Users\user\.m2\repository\io\github\palexdev\virtualizedfx\11.9.6\virtualizedfx-11.9.6.jar;C:\Users\user\.m2\repository\org\controlsfx\controlsfx\11.1.1\controlsfx-11.1.1.jar;C:\Users\user\.m2\repository\org\mindrot\jbcrypt\0.4\jbcrypt-0.4.jar
Launcher Type: SUN_STANDARD

[Global flags]
     intx CICompilerCount                          = 4                                         {product} {ergonomic}
     uint ConcGCThreads                            = 2                                         {product} {ergonomic}
     uint G1ConcRefinementThreads                  = 8                                         {product} {ergonomic}
   size_t G1HeapRegionSize                         = 4194304                                   {product} {ergonomic}
    uintx GCDrainStackTargetSize                   = 64                                        {product} {ergonomic}
   size_t InitialHeapSize                          = 331350016                                 {product} {ergonomic}
   size_t MarkStackSize                            = 4194304                                   {product} {ergonomic}
   size_t MaxHeapSize                              = 5301600256                                {product} {ergonomic}
   size_t MaxNewSize                               = 3179282432                                {product} {ergonomic}
   size_t MinHeapDeltaBytes                        = 4194304                                   {product} {ergonomic}
   size_t MinHeapSize                              = 8388608                                   {product} {ergonomic}
    uintx NonNMethodCodeHeapSize                   = 5839372                                {pd product} {ergonomic}
    uintx NonProfiledCodeHeapSize                  = 122909434                              {pd product} {ergonomic}
    uintx ProfiledCodeHeapSize                     = 122909434                              {pd product} {ergonomic}
    uintx ReservedCodeCacheSize                    = 251658240                              {pd product} {ergonomic}
     bool SegmentedCodeCache                       = true                                      {product} {ergonomic}
   size_t SoftMaxHeapSize                          = 5301600256                             {manageable} {ergonomic}
     bool UseCompressedOops                        = true                           {product lp64_product} {ergonomic}
     bool UseG1GC                                  = true                                      {product} {ergonomic}
     bool UseLargePagesIndividualAllocation        = false                                  {pd product} {ergonomic}

Logging:
Log output configuration:
 #0: stdout all=warning uptime,level,tags foldmultilines=false
 #1: stderr all=off uptime,level,tags foldmultilines=false

Environment Variables:
PATH=C:/Users/user/.p2/pool/plugins/org.eclipse.justj.openjdk.hotspot.jre.full.win32.x86_64_21.0.8.v20250724-1412/jre/bin/server;C:/Users/user/.p2/pool/plugins/org.eclipse.justj.openjdk.hotspot.jre.full.win32.x86_64_21.0.8.v20250724-1412/jre/bin;C:\Program Files\Common Files\Oracle\Java\javapath;C:\Program Files (x86)\EasyPHP-DevServer-14.1VC9\binaries\php\php_runningversion;C:\PySchool\3.10-32-bit\Scripts;C:\PySchool\3.10-32-bit;C:\WINDOWS\system32;C:\WINDOWS;C:\WINDOWS\System32\Wbem;C:\WINDOWS\System32\WindowsPowerShell\v1.0\;C:\WINDOWS\System32\OpenSSH\;C:\Program Files (x86)\Windows Kits\10\Windows Performance Toolkit\;C:\Program Files\dotnet\;C:\Users\user\AppData\Local\Programs\Python\Python313\Scripts\;C:\Users\user\AppData\Local\Programs\Python\Python313\;C:\Users\user\AppData\Local\Microsoft\WindowsApps;;C:\Users\user\AppData\Local\Programs\Microsoft VS Code\bin;C:\Program Files\JetBrains\PyCharm 2024.1.4\bin;;C:\Users\user\OneDrive\Desktop;
USERNAME=user
OS=Windows_NT
PROCESSOR_IDENTIFIER=Intel64 Family 6 Model 140 Stepping 1, GenuineIntel
TMP=C:\Users\user\AppData\Local\Temp
TEMP=C:\Users\user\AppData\Local\Temp




Periodic native trim disabled

---------------  S Y S T E M  ---------------

OS:
 Windows 11 , 64 bit Build 26100 (10.0.26100.7920)
OS uptime: 3 days 12:26 hours

CPU: total 8 (initial active 8) (4 cores per cpu, 2 threads per core) family 6 model 140 stepping 1 microcode 0xbe, cx8, cmov, fxsr, ht, mmx, 3dnowpref, sse, sse2, sse3, ssse3, sse4.1, sse4.2, popcnt, lzcnt, tsc, tscinvbit, avx, avx2, aes, erms, clmul, bmi1, bmi2, adx, avx512f, avx512dq, avx512cd, avx512bw, avx512vl, sha, fma, vzeroupper, avx512_vpopcntdq, avx512_vpclmulqdq, avx512_vaes, avx512_vnni, clflush, clflushopt, clwb, avx512_vbmi2, avx512_vbmi, rdtscp, rdpid, fsrm, gfni, avx512_bitalg, f16c, pku, cet_ibt, cet_ss, avx512_ifma
Processor Information for processor 0
  Max Mhz: 2419, Current Mhz: 2419, Mhz Limit: 2419
Processor Information for processor 1
  Max Mhz: 2419, Current Mhz: 1209, Mhz Limit: 2419
Processor Information for processor 2
  Max Mhz: 2419, Current Mhz: 2419, Mhz Limit: 2419
Processor Information for processor 3
  Max Mhz: 2419, Current Mhz: 2419, Mhz Limit: 2419
Processor Information for processor 4
  Max Mhz: 2419, Current Mhz: 2419, Mhz Limit: 2419
Processor Information for processor 5
  Max Mhz: 2419, Current Mhz: 2419, Mhz Limit: 2419
Processor Information for processor 6
  Max Mhz: 2419, Current Mhz: 2419, Mhz Limit: 2419
Processor Information for processor 7
  Max Mhz: 2419, Current Mhz: 2419, Mhz Limit: 2419

Memory: 4k page, system-wide physical 20222M (3083M free)
TotalPageFile size 33043M (AvailPageFile size 1429M)
current process WorkingSet (physical memory assigned to process): 5443M, peak: 5770M
current process commit charge ("private bytes"): 5858M, peak: 6305M

vm_info: OpenJDK 64-Bit Server VM (21.0.8+9-LTS) for windows-amd64 JRE (21.0.8+9-LTS), built on 2025-07-15T00:00:00Z by "admin" with MS VC++ 17.7 (VS2022)

END.
