#
# There is insufficient memory for the Java Runtime Environment to continue.
# Native memory allocation (malloc) failed to allocate 722672 bytes. Error detail: Chunk::new
# Possible reasons:
#   The system is out of physical RAM or swap space
#   This process is running with CompressedOops enabled, and the Java Heap may be blocking the growth of the native heap
# Possible solutions:
#   Reduce memory load on the system
#   Increase physical memory or swap space
#   Check if swap backing store is full
#   Decrease Java heap size (-Xmx/-Xms)
#   Decrease number of Java threads
#   Decrease Java thread stack sizes (-Xss)
#   Set larger code cache with -XX:ReservedCodeCacheSize=
#   JVM is running with Zero Based Compressed Oops mode in which the Java heap is
#     placed in the first 32GB address space. The Java Heap base address is the
#     maximum limit for the native heap growth. Please use -XX:HeapBaseMinAddress
#     to set the Java Heap base and to place the Java Heap above 32GB virtual address.
# This output file may be truncated or incomplete.
#
#  Out of Memory Error (arena.cpp:168), pid=21048, tid=7616
#
# JRE version: OpenJDK Runtime Environment Temurin-21.0.8+9 (21.0.8+9) (build 21.0.8+9-LTS)
# Java VM: OpenJDK 64-Bit Server VM Temurin-21.0.8+9 (21.0.8+9-LTS, mixed mode, sharing, tiered, compressed oops, compressed class ptrs, g1 gc, windows-amd64)
# No core dump will be written. Minidumps are not enabled by default on client versions of Windows
#

---------------  S U M M A R Y ------------

Command Line: --add-opens=java.base/java.lang.reflect=ALL-UNNAMED --module-path=C:\Users\user\.m2\repository\org\openjfx\javafx-base\21\javafx-base-21-win.jar;C:\Users\user\.m2\repository\org\openjfx\javafx-base\21\javafx-base-21.jar;C:\Users\user\.m2\repository\org\openjfx\javafx-controls\21\javafx-controls-21-win.jar;C:\Users\user\.m2\repository\org\openjfx\javafx-controls\21\javafx-controls-21.jar;C:\Users\user\.m2\repository\org\openjfx\javafx-fxml\21\javafx-fxml-21-win.jar;C:\Users\user\.m2\repository\org\openjfx\javafx-fxml\21\javafx-fxml-21.jar;C:\Users\user\.m2\repository\org\openjfx\javafx-graphics\21\javafx-graphics-21-win.jar;C:\Users\user\.m2\repository\org\openjfx\javafx-graphics\21\javafx-graphics-21.jar;C:\Users\user\.m2\repository\org\openjfx\javafx-media\21\javafx-media-21-win.jar;C:\Users\user\.m2\repository\org\openjfx\javafx-media\21\javafx-media-21.jar;C:\Users\user\.m2\repository\org\openjfx\javafx-web\21\javafx-web-21-win.jar;C:\Users\user\.m2\repository\org\openjfx\javafx-web\21\javafx-web-21.jar --add-modules=javafx.base,javafx.controls,javafx.fxml,javafx.graphics,javafx.media,javafx.web JStream.application

Host: 11th Gen Intel(R) Core(TM) i5-1135G7 @ 2.40GHz, 8 cores, 19G,  Windows 11 , 64 bit Build 26100 (10.0.26100.7920)
Time: Sat Apr 11 18:36:41 2026 Paris, Madrid elapsed time: 108.942046 seconds (0d 0h 1m 48s)

---------------  T H R E A D  ---------------

Current thread (0x000001baa6f21e90):  JavaThread "C2 CompilerThread0" daemon [_thread_in_native, id=7616, stack(0x00000076a2900000,0x00000076a2a00000) (1024K)]


Current CompileTask:
C2:108942 10077       4       com.sun.prism.d3d.D3DResourceFactory::createPresentable (140 bytes)

Stack: [0x00000076a2900000,0x00000076a2a00000]
Native frames: (J=compiled Java code, j=interpreted, Vv=VM code, C=native code)
V  [jvm.dll+0x6d2449]
V  [jvm.dll+0x8ae341]
V  [jvm.dll+0x8b08be]
V  [jvm.dll+0x8b0fa3]
V  [jvm.dll+0x280c96]
V  [jvm.dll+0xc581d]
V  [jvm.dll+0xc5d53]
V  [jvm.dll+0x3b919c]
V  [jvm.dll+0x385315]
V  [jvm.dll+0x38477a]
V  [jvm.dll+0x248ed0]
V  [jvm.dll+0x2484af]
V  [jvm.dll+0x1c89ee]
V  [jvm.dll+0x257d4d]
V  [jvm.dll+0x2562ea]
V  [jvm.dll+0x3f2d16]
V  [jvm.dll+0x857e6b]
V  [jvm.dll+0x6d0b0d]
C  [ucrtbase.dll+0x37b0]
C  [KERNEL32.DLL+0x2e8d7]
C  [ntdll.dll+0x8c48c]


---------------  P R O C E S S  ---------------

Threads class SMR info:
_java_thread_list=0x000001bafa16c3a0, length=22, elements={
0x000001ba89224000, 0x000001baa6f11380, 0x000001baa6f14a50, 0x000001baa6f18110,
0x000001baa6f1ac60, 0x000001baa6f1c310, 0x000001baa6f1e890, 0x000001baa6f21e90,
0x000001baa6f250c0, 0x000001baec08c9e0, 0x000001baec723840, 0x000001baec90f510,
0x000001baec903b30, 0x000001baecd64ce0, 0x000001baecf85900, 0x000001baed093ac0,
0x000001baf2d67e80, 0x000001baf2d67160, 0x000001baf2d66ad0, 0x000001baf2d677f0,
0x000001baecbad530, 0x000001baecbabaf0
}

Java Threads: ( => current thread )
  0x000001ba89224000 JavaThread "main"                              [_thread_blocked, id=3888, stack(0x00000076a1b00000,0x00000076a1c00000) (1024K)]
  0x000001baa6f11380 JavaThread "Reference Handler"          daemon [_thread_blocked, id=20672, stack(0x00000076a2300000,0x00000076a2400000) (1024K)]
  0x000001baa6f14a50 JavaThread "Finalizer"                  daemon [_thread_blocked, id=11972, stack(0x00000076a2400000,0x00000076a2500000) (1024K)]
  0x000001baa6f18110 JavaThread "Signal Dispatcher"          daemon [_thread_blocked, id=3080, stack(0x00000076a2500000,0x00000076a2600000) (1024K)]
  0x000001baa6f1ac60 JavaThread "Attach Listener"            daemon [_thread_blocked, id=27872, stack(0x00000076a2600000,0x00000076a2700000) (1024K)]
  0x000001baa6f1c310 JavaThread "Service Thread"             daemon [_thread_blocked, id=2312, stack(0x00000076a2700000,0x00000076a2800000) (1024K)]
  0x000001baa6f1e890 JavaThread "Monitor Deflation Thread"   daemon [_thread_blocked, id=18888, stack(0x00000076a2800000,0x00000076a2900000) (1024K)]
=>0x000001baa6f21e90 JavaThread "C2 CompilerThread0"         daemon [_thread_in_native, id=7616, stack(0x00000076a2900000,0x00000076a2a00000) (1024K)]
  0x000001baa6f250c0 JavaThread "C1 CompilerThread0"         daemon [_thread_blocked, id=9920, stack(0x00000076a2a00000,0x00000076a2b00000) (1024K)]
  0x000001baec08c9e0 JavaThread "Common-Cleaner"             daemon [_thread_blocked, id=21424, stack(0x00000076a2b00000,0x00000076a2c00000) (1024K)]
  0x000001baec723840 JavaThread "Notification Thread"        daemon [_thread_blocked, id=25816, stack(0x00000076a2e00000,0x00000076a2f00000) (1024K)]
  0x000001baec90f510 JavaThread "QuantumRenderer-0"          daemon [_thread_in_native, id=31932, stack(0x00000076a2f00000,0x00000076a3000000) (1024K)]
  0x000001baec903b30 JavaThread "InvokeLaterDispatcher"      daemon [_thread_blocked, id=28884, stack(0x00000076a2c00000,0x00000076a2d00000) (1024K)]
  0x000001baecd64ce0 JavaThread "JavaFX Application Thread"         [_thread_in_native, id=2772, stack(0x00000076a2d00000,0x00000076a2e00000) (1024K)]
  0x000001baecf85900 JavaThread "JavaFX-Launcher"                   [_thread_blocked, id=3236, stack(0x00000076a3a00000,0x00000076a3b00000) (1024K)]
  0x000001baed093ac0 JavaThread "Thread-2"                   daemon [_thread_in_native, id=9500, stack(0x00000076a3900000,0x00000076a3a00000) (1024K)]
  0x000001baf2d67e80 JavaThread "Media Resource Disposer"    daemon [_thread_blocked, id=25696, stack(0x00000076a5000000,0x00000076a5100000) (1024K)]
  0x000001baf2d67160 JavaThread "Prism Font Disposer"        daemon [_thread_blocked, id=4436, stack(0x00000076a5100000,0x00000076a5200000) (1024K)]
  0x000001baf2d66ad0 JavaThread "Cleaner-0"                  daemon [_thread_blocked, id=23668, stack(0x00000076a5400000,0x00000076a5500000) (1024K)]
  0x000001baf2d677f0 JavaThread "mysql-cj-abandoned-connection-cleanup" daemon [_thread_blocked, id=4348, stack(0x00000076a5600000,0x00000076a5700000) (1024K)]
  0x000001baecbad530 JavaThread "HikariPool-1 housekeeper"   daemon [_thread_blocked, id=22588, stack(0x00000076a5a00000,0x00000076a5b00000) (1024K)]
  0x000001baecbabaf0 JavaThread "JFXMedia Player EventQueueThread" daemon [_thread_blocked, id=32264, stack(0x00000076a1800000,0x00000076a1900000) (1024K)]
Total: 22

Other Threads:
  0x000001baa6ef5540 VMThread "VM Thread"                           [id=21880, stack(0x00000076a2200000,0x00000076a2300000) (1024K)]
  0x000001baa6ee0ba0 WatcherThread "VM Periodic Task Thread"        [id=29564, stack(0x00000076a2100000,0x00000076a2200000) (1024K)]
  0x000001ba8b5cf580 WorkerThread "GC Thread#0"                     [id=21416, stack(0x00000076a1c00000,0x00000076a1d00000) (1024K)]
  0x000001baecfa38c0 WorkerThread "GC Thread#1"                     [id=16828, stack(0x00000076a3300000,0x00000076a3400000) (1024K)]
  0x000001baecfd8300 WorkerThread "GC Thread#2"                     [id=3420, stack(0x00000076a3400000,0x00000076a3500000) (1024K)]
  0x000001baecfd86a0 WorkerThread "GC Thread#3"                     [id=31212, stack(0x00000076a3500000,0x00000076a3600000) (1024K)]
  0x000001baecf89120 WorkerThread "GC Thread#4"                     [id=13784, stack(0x00000076a3600000,0x00000076a3700000) (1024K)]
  0x000001baecfb3ee0 WorkerThread "GC Thread#5"                     [id=12568, stack(0x00000076a3700000,0x00000076a3800000) (1024K)]
  0x000001baecff6a00 WorkerThread "GC Thread#6"                     [id=30308, stack(0x00000076a3800000,0x00000076a3900000) (1024K)]
  0x000001baed487320 WorkerThread "GC Thread#7"                     [id=30420, stack(0x00000076a4700000,0x00000076a4800000) (1024K)]
  0x000001ba8b5dbb80 ConcurrentGCThread "G1 Main Marker"            [id=30944, stack(0x00000076a1d00000,0x00000076a1e00000) (1024K)]
  0x000001ba8b5dd500 WorkerThread "G1 Conc#0"                       [id=30712, stack(0x00000076a1e00000,0x00000076a1f00000) (1024K)]
  0x000001baf31ebcd0 WorkerThread "G1 Conc#1"                       [id=22428, stack(0x00000076a5800000,0x00000076a5900000) (1024K)]
  0x000001ba8b61e3e0 ConcurrentGCThread "G1 Refine#0"               [id=10100, stack(0x00000076a1f00000,0x00000076a2000000) (1024K)]
  0x000001baa6db0510 ConcurrentGCThread "G1 Service"                [id=11516, stack(0x00000076a2000000,0x00000076a2100000) (1024K)]
Total: 15

Threads with active compile tasks:
C2 CompilerThread0  108979 10077       4       com.sun.prism.d3d.D3DResourceFactory::createPresentable (140 bytes)
Total: 1

VM state: not at safepoint (normal execution)

VM Mutex/Monitor currently owned by a thread: None

Heap address: 0x00000006c4000000, size: 5056 MB, Compressed Oops mode: Zero based, Oop shift amount: 3

CDS archive(s) mapped at: [0x000001baa7000000-0x000001baa7c80000-0x000001baa7c80000), size 13107200, SharedBaseAddress: 0x000001baa7000000, ArchiveRelocationMode: 1.
Compressed class space mapped at: 0x000001baa8000000-0x000001bae8000000, reserved size: 1073741824
Narrow klass base: 0x000001baa7000000, Narrow klass shift: 0, Narrow klass range: 0x100000000

GC Precious Log:
 CardTable entry size: 512
 Card Set container configuration: InlinePtr #cards 4 size 8 Array Of Cards #cards 32 size 80 Howl #buckets 8 coarsen threshold 7372 Howl Bitmap #cards 1024 size 144 coarsen threshold 921 Card regions per heap region 1 cards per card region 8192
 CPUs: 8 total, 8 available
 Memory: 20222M
 Large Page Support: Disabled
 NUMA Support: Disabled
 Compressed Oops: Enabled (Zero based)
 Heap Region Size: 4M
 Heap Min Capacity: 8M
 Heap Initial Capacity: 316M
 Heap Max Capacity: 5056M
 Pre-touch: Disabled
 Parallel Workers: 8
 Concurrent Workers: 2
 Concurrent Refinement Workers: 8
 Periodic GC: Disabled

Heap:
 garbage-first heap   total 1818624K, used 1707976K [0x00000006c4000000, 0x0000000800000000)
  region size 4096K, 145 young (593920K), 1 survivors (4096K)
 Metaspace       used 33890K, committed 34432K, reserved 1114112K
  class space    used 4296K, committed 4544K, reserved 1048576K

Heap Regions: E=young(eden), S=young(survivor), O=old, HS=humongous(starts), HC=humongous(continues), CS=collection set, F=free, TAMS=top-at-mark-start, PB=parsable bottom
|   0|0x00000006c4000000, 0x00000006c4400000, 0x00000006c4400000|100%|HS|  |TAMS 0x00000006c4000000| PB 0x00000006c4000000| Complete 
|   1|0x00000006c4400000, 0x00000006c476e5c0, 0x00000006c4800000| 85%| O|  |TAMS 0x00000006c4400000| PB 0x00000006c4400000| Untracked 
|   2|0x00000006c4800000, 0x00000006c4bc9038, 0x00000006c4c00000| 94%| O|  |TAMS 0x00000006c4800000| PB 0x00000006c4800000| Untracked 
|   3|0x00000006c4c00000, 0x00000006c4fcb5d8, 0x00000006c5000000| 94%| O|  |TAMS 0x00000006c4c00000| PB 0x00000006c4c00000| Untracked 
|   4|0x00000006c5000000, 0x00000006c53a00f8, 0x00000006c5400000| 90%| O|  |TAMS 0x00000006c5000000| PB 0x00000006c5000000| Untracked 
|   5|0x00000006c5400000, 0x00000006c57ae740, 0x00000006c5800000| 92%| O|  |TAMS 0x00000006c5400000| PB 0x00000006c5400000| Untracked 
|   6|0x00000006c5800000, 0x00000006c5c00000, 0x00000006c5c00000|100%|HS|  |TAMS 0x00000006c5800000| PB 0x00000006c5800000| Complete 
|   7|0x00000006c5c00000, 0x00000006c6000000, 0x00000006c6000000|100%|HS|  |TAMS 0x00000006c5c00000| PB 0x00000006c5c00000| Complete 
|   8|0x00000006c6000000, 0x00000006c6400000, 0x00000006c6400000|100%|HS|  |TAMS 0x00000006c6000000| PB 0x00000006c6000000| Complete 
|   9|0x00000006c6400000, 0x00000006c6800000, 0x00000006c6800000|100%|HC|  |TAMS 0x00000006c6400000| PB 0x00000006c6400000| Complete 
|  10|0x00000006c6800000, 0x00000006c6c00000, 0x00000006c6c00000|100%| O|  |TAMS 0x00000006c6800000| PB 0x00000006c6800000| Untracked 
|  11|0x00000006c6c00000, 0x00000006c7000000, 0x00000006c7000000|100%|HS|  |TAMS 0x00000006c6c00000| PB 0x00000006c6c00000| Complete 
|  12|0x00000006c7000000, 0x00000006c7400000, 0x00000006c7400000|100%|HS|  |TAMS 0x00000006c7000000| PB 0x00000006c7000000| Complete 
|  13|0x00000006c7400000, 0x00000006c7800000, 0x00000006c7800000|100%| O|  |TAMS 0x00000006c7400000| PB 0x00000006c7400000| Untracked 
|  14|0x00000006c7800000, 0x00000006c7ab8008, 0x00000006c7c00000| 67%| O|  |TAMS 0x00000006c7800000| PB 0x00000006c7800000| Untracked 
|  15|0x00000006c7c00000, 0x00000006c8000000, 0x00000006c8000000|100%|HS|  |TAMS 0x00000006c7c00000| PB 0x00000006c7c00000| Complete 
|  16|0x00000006c8000000, 0x00000006c8400000, 0x00000006c8400000|100%|HC|  |TAMS 0x00000006c8000000| PB 0x00000006c8000000| Complete 
|  17|0x00000006c8400000, 0x00000006c8800000, 0x00000006c8800000|100%|HC|  |TAMS 0x00000006c8400000| PB 0x00000006c8400000| Complete 
|  18|0x00000006c8800000, 0x00000006c8b3ba18, 0x00000006c8c00000| 80%| O|  |TAMS 0x00000006c8800000| PB 0x00000006c8800000| Untracked 
|  19|0x00000006c8c00000, 0x00000006c9000000, 0x00000006c9000000|100%|HS|  |TAMS 0x00000006c8c00000| PB 0x00000006c8c00000| Complete 
|  20|0x00000006c9000000, 0x00000006c9400000, 0x00000006c9400000|100%|HC|  |TAMS 0x00000006c9000000| PB 0x00000006c9000000| Complete 
|  21|0x00000006c9400000, 0x00000006c9800000, 0x00000006c9800000|100%|HC|  |TAMS 0x00000006c9400000| PB 0x00000006c9400000| Complete 
|  22|0x00000006c9800000, 0x00000006c9c00000, 0x00000006c9c00000|100%|HS|  |TAMS 0x00000006c9800000| PB 0x00000006c9800000| Complete 
|  23|0x00000006c9c00000, 0x00000006ca000000, 0x00000006ca000000|100%|HC|  |TAMS 0x00000006c9c00000| PB 0x00000006c9c00000| Complete 
|  24|0x00000006ca000000, 0x00000006ca400000, 0x00000006ca400000|100%|HC|  |TAMS 0x00000006ca000000| PB 0x00000006ca000000| Complete 
|  25|0x00000006ca400000, 0x00000006ca800000, 0x00000006ca800000|100%|HS|  |TAMS 0x00000006ca400000| PB 0x00000006ca400000| Complete 
|  26|0x00000006ca800000, 0x00000006cac00000, 0x00000006cac00000|100%|HC|  |TAMS 0x00000006ca800000| PB 0x00000006ca800000| Complete 
|  27|0x00000006cac00000, 0x00000006cb000000, 0x00000006cb000000|100%|HC|  |TAMS 0x00000006cac00000| PB 0x00000006cac00000| Complete 
|  28|0x00000006cb000000, 0x00000006cb400000, 0x00000006cb400000|100%|HS|  |TAMS 0x00000006cb000000| PB 0x00000006cb000000| Complete 
|  29|0x00000006cb400000, 0x00000006cb800000, 0x00000006cb800000|100%|HC|  |TAMS 0x00000006cb400000| PB 0x00000006cb400000| Complete 
|  30|0x00000006cb800000, 0x00000006cbc00000, 0x00000006cbc00000|100%|HC|  |TAMS 0x00000006cb800000| PB 0x00000006cb800000| Complete 
|  31|0x00000006cbc00000, 0x00000006cc000000, 0x00000006cc000000|100%|HS|  |TAMS 0x00000006cbc00000| PB 0x00000006cbc00000| Complete 
|  32|0x00000006cc000000, 0x00000006cc400000, 0x00000006cc400000|100%|HC|  |TAMS 0x00000006cc000000| PB 0x00000006cc000000| Complete 
|  33|0x00000006cc400000, 0x00000006cc800000, 0x00000006cc800000|100%|HC|  |TAMS 0x00000006cc400000| PB 0x00000006cc400000| Complete 
|  34|0x00000006cc800000, 0x00000006ccc00000, 0x00000006ccc00000|100%|HS|  |TAMS 0x00000006cc800000| PB 0x00000006cc800000| Complete 
|  35|0x00000006ccc00000, 0x00000006cd000000, 0x00000006cd000000|100%|HC|  |TAMS 0x00000006ccc00000| PB 0x00000006ccc00000| Complete 
|  36|0x00000006cd000000, 0x00000006cd400000, 0x00000006cd400000|100%|HC|  |TAMS 0x00000006cd000000| PB 0x00000006cd000000| Complete 
|  37|0x00000006cd400000, 0x00000006cd800000, 0x00000006cd800000|100%|HS|  |TAMS 0x00000006cd400000| PB 0x00000006cd400000| Complete 
|  38|0x00000006cd800000, 0x00000006cdc00000, 0x00000006cdc00000|100%|HC|  |TAMS 0x00000006cd800000| PB 0x00000006cd800000| Complete 
|  39|0x00000006cdc00000, 0x00000006ce000000, 0x00000006ce000000|100%|HC|  |TAMS 0x00000006cdc00000| PB 0x00000006cdc00000| Complete 
|  40|0x00000006ce000000, 0x00000006ce400000, 0x00000006ce400000|100%|HS|  |TAMS 0x00000006ce000000| PB 0x00000006ce000000| Complete 
|  41|0x00000006ce400000, 0x00000006ce800000, 0x00000006ce800000|100%|HC|  |TAMS 0x00000006ce400000| PB 0x00000006ce400000| Complete 
|  42|0x00000006ce800000, 0x00000006cec00000, 0x00000006cec00000|100%|HC|  |TAMS 0x00000006ce800000| PB 0x00000006ce800000| Complete 
|  43|0x00000006cec00000, 0x00000006cf000000, 0x00000006cf000000|100%|HS|  |TAMS 0x00000006cec00000| PB 0x00000006cec00000| Complete 
|  44|0x00000006cf000000, 0x00000006cf400000, 0x00000006cf400000|100%|HC|  |TAMS 0x00000006cf000000| PB 0x00000006cf000000| Complete 
|  45|0x00000006cf400000, 0x00000006cf800000, 0x00000006cf800000|100%|HC|  |TAMS 0x00000006cf400000| PB 0x00000006cf400000| Complete 
|  46|0x00000006cf800000, 0x00000006cfc00000, 0x00000006cfc00000|100%|HS|  |TAMS 0x00000006cf800000| PB 0x00000006cf800000| Complete 
|  47|0x00000006cfc00000, 0x00000006d0000000, 0x00000006d0000000|100%|HC|  |TAMS 0x00000006cfc00000| PB 0x00000006cfc00000| Complete 
|  48|0x00000006d0000000, 0x00000006d0400000, 0x00000006d0400000|100%|HC|  |TAMS 0x00000006d0000000| PB 0x00000006d0000000| Complete 
|  49|0x00000006d0400000, 0x00000006d0800000, 0x00000006d0800000|100%|HS|  |TAMS 0x00000006d0400000| PB 0x00000006d0400000| Complete 
|  50|0x00000006d0800000, 0x00000006d0c00000, 0x00000006d0c00000|100%|HC|  |TAMS 0x00000006d0800000| PB 0x00000006d0800000| Complete 
|  51|0x00000006d0c00000, 0x00000006d1000000, 0x00000006d1000000|100%|HC|  |TAMS 0x00000006d0c00000| PB 0x00000006d0c00000| Complete 
|  52|0x00000006d1000000, 0x00000006d1400000, 0x00000006d1400000|100%|HS|  |TAMS 0x00000006d1000000| PB 0x00000006d1000000| Complete 
|  53|0x00000006d1400000, 0x00000006d1800000, 0x00000006d1800000|100%|HC|  |TAMS 0x00000006d1400000| PB 0x00000006d1400000| Complete 
|  54|0x00000006d1800000, 0x00000006d1c00000, 0x00000006d1c00000|100%|HC|  |TAMS 0x00000006d1800000| PB 0x00000006d1800000| Complete 
|  55|0x00000006d1c00000, 0x00000006d2000000, 0x00000006d2000000|100%|HS|  |TAMS 0x00000006d1c00000| PB 0x00000006d1c00000| Complete 
|  56|0x00000006d2000000, 0x00000006d2400000, 0x00000006d2400000|100%|HC|  |TAMS 0x00000006d2000000| PB 0x00000006d2000000| Complete 
|  57|0x00000006d2400000, 0x00000006d2800000, 0x00000006d2800000|100%|HC|  |TAMS 0x00000006d2400000| PB 0x00000006d2400000| Complete 
|  58|0x00000006d2800000, 0x00000006d2c00000, 0x00000006d2c00000|100%|HS|  |TAMS 0x00000006d2800000| PB 0x00000006d2800000| Complete 
|  59|0x00000006d2c00000, 0x00000006d3000000, 0x00000006d3000000|100%|HC|  |TAMS 0x00000006d2c00000| PB 0x00000006d2c00000| Complete 
|  60|0x00000006d3000000, 0x00000006d3400000, 0x00000006d3400000|100%|HC|  |TAMS 0x00000006d3000000| PB 0x00000006d3000000| Complete 
|  61|0x00000006d3400000, 0x00000006d3800000, 0x00000006d3800000|100%|HS|  |TAMS 0x00000006d3400000| PB 0x00000006d3400000| Complete 
|  62|0x00000006d3800000, 0x00000006d3c00000, 0x00000006d3c00000|100%|HC|  |TAMS 0x00000006d3800000| PB 0x00000006d3800000| Complete 
|  63|0x00000006d3c00000, 0x00000006d4000000, 0x00000006d4000000|100%|HC|  |TAMS 0x00000006d3c00000| PB 0x00000006d3c00000| Complete 
|  64|0x00000006d4000000, 0x00000006d4400000, 0x00000006d4400000|100%|HS|  |TAMS 0x00000006d4000000| PB 0x00000006d4000000| Complete 
|  65|0x00000006d4400000, 0x00000006d4800000, 0x00000006d4800000|100%|HC|  |TAMS 0x00000006d4400000| PB 0x00000006d4400000| Complete 
|  66|0x00000006d4800000, 0x00000006d4c00000, 0x00000006d4c00000|100%|HC|  |TAMS 0x00000006d4800000| PB 0x00000006d4800000| Complete 
|  67|0x00000006d4c00000, 0x00000006d5000000, 0x00000006d5000000|100%|HS|  |TAMS 0x00000006d4c00000| PB 0x00000006d4c00000| Complete 
|  68|0x00000006d5000000, 0x00000006d5400000, 0x00000006d5400000|100%|HC|  |TAMS 0x00000006d5000000| PB 0x00000006d5000000| Complete 
|  69|0x00000006d5400000, 0x00000006d5800000, 0x00000006d5800000|100%|HC|  |TAMS 0x00000006d5400000| PB 0x00000006d5400000| Complete 
|  70|0x00000006d5800000, 0x00000006d5c00000, 0x00000006d5c00000|100%|HS|  |TAMS 0x00000006d5800000| PB 0x00000006d5800000| Complete 
|  71|0x00000006d5c00000, 0x00000006d6000000, 0x00000006d6000000|100%|HC|  |TAMS 0x00000006d5c00000| PB 0x00000006d5c00000| Complete 
|  72|0x00000006d6000000, 0x00000006d6400000, 0x00000006d6400000|100%|HC|  |TAMS 0x00000006d6000000| PB 0x00000006d6000000| Complete 
|  73|0x00000006d6400000, 0x00000006d6800000, 0x00000006d6800000|100%|HS|  |TAMS 0x00000006d6400000| PB 0x00000006d6400000| Complete 
|  74|0x00000006d6800000, 0x00000006d6c00000, 0x00000006d6c00000|100%|HC|  |TAMS 0x00000006d6800000| PB 0x00000006d6800000| Complete 
|  75|0x00000006d6c00000, 0x00000006d7000000, 0x00000006d7000000|100%|HC|  |TAMS 0x00000006d6c00000| PB 0x00000006d6c00000| Complete 
|  76|0x00000006d7000000, 0x00000006d7400000, 0x00000006d7400000|100%|HS|  |TAMS 0x00000006d7000000| PB 0x00000006d7000000| Complete 
|  77|0x00000006d7400000, 0x00000006d7800000, 0x00000006d7800000|100%|HC|  |TAMS 0x00000006d7400000| PB 0x00000006d7400000| Complete 
|  78|0x00000006d7800000, 0x00000006d7c00000, 0x00000006d7c00000|100%|HC|  |TAMS 0x00000006d7800000| PB 0x00000006d7800000| Complete 
|  79|0x00000006d7c00000, 0x00000006d8000000, 0x00000006d8000000|100%|HS|  |TAMS 0x00000006d7c00000| PB 0x00000006d7c00000| Complete 
|  80|0x00000006d8000000, 0x00000006d8400000, 0x00000006d8400000|100%|HC|  |TAMS 0x00000006d8000000| PB 0x00000006d8000000| Complete 
|  81|0x00000006d8400000, 0x00000006d8800000, 0x00000006d8800000|100%|HC|  |TAMS 0x00000006d8400000| PB 0x00000006d8400000| Complete 
|  82|0x00000006d8800000, 0x00000006d8c00000, 0x00000006d8c00000|100%|HS|  |TAMS 0x00000006d8800000| PB 0x00000006d8800000| Complete 
|  83|0x00000006d8c00000, 0x00000006d9000000, 0x00000006d9000000|100%|HC|  |TAMS 0x00000006d8c00000| PB 0x00000006d8c00000| Complete 
|  84|0x00000006d9000000, 0x00000006d9400000, 0x00000006d9400000|100%|HC|  |TAMS 0x00000006d9000000| PB 0x00000006d9000000| Complete 
|  85|0x00000006d9400000, 0x00000006d9800000, 0x00000006d9800000|100%|HS|  |TAMS 0x00000006d9400000| PB 0x00000006d9400000| Complete 
|  86|0x00000006d9800000, 0x00000006d9b10e18, 0x00000006d9c00000| 76%| O|Cm|TAMS 0x00000006d9800000| PB 0x00000006d9800000| Complete 
|  87|0x00000006d9c00000, 0x00000006da000000, 0x00000006da000000|100%|HS|  |TAMS 0x00000006d9c00000| PB 0x00000006d9c00000| Complete 
|  88|0x00000006da000000, 0x00000006da400000, 0x00000006da400000|100%|HC|  |TAMS 0x00000006da000000| PB 0x00000006da000000| Complete 
|  89|0x00000006da400000, 0x00000006da800000, 0x00000006da800000|100%|HC|  |TAMS 0x00000006da400000| PB 0x00000006da400000| Complete 
|  90|0x00000006da800000, 0x00000006dac00000, 0x00000006dac00000|100%|HS|  |TAMS 0x00000006da800000| PB 0x00000006da800000| Complete 
|  91|0x00000006dac00000, 0x00000006db000000, 0x00000006db000000|100%|HC|  |TAMS 0x00000006dac00000| PB 0x00000006dac00000| Complete 
|  92|0x00000006db000000, 0x00000006db400000, 0x00000006db400000|100%|HC|  |TAMS 0x00000006db000000| PB 0x00000006db000000| Complete 
|  93|0x00000006db400000, 0x00000006db800000, 0x00000006db800000|100%|HS|  |TAMS 0x00000006db400000| PB 0x00000006db400000| Complete 
|  94|0x00000006db800000, 0x00000006dbc00000, 0x00000006dbc00000|100%|HC|  |TAMS 0x00000006db800000| PB 0x00000006db800000| Complete 
|  95|0x00000006dbc00000, 0x00000006dc000000, 0x00000006dc000000|100%|HC|  |TAMS 0x00000006dbc00000| PB 0x00000006dbc00000| Complete 
|  96|0x00000006dc000000, 0x00000006dc400000, 0x00000006dc400000|100%|HS|  |TAMS 0x00000006dc000000| PB 0x00000006dc000000| Complete 
|  97|0x00000006dc400000, 0x00000006dc800000, 0x00000006dc800000|100%|HC|  |TAMS 0x00000006dc400000| PB 0x00000006dc400000| Complete 
|  98|0x00000006dc800000, 0x00000006dcc00000, 0x00000006dcc00000|100%|HC|  |TAMS 0x00000006dc800000| PB 0x00000006dc800000| Complete 
|  99|0x00000006dcc00000, 0x00000006dd000000, 0x00000006dd000000|100%|HS|  |TAMS 0x00000006dcc00000| PB 0x00000006dcc00000| Complete 
| 100|0x00000006dd000000, 0x00000006dd400000, 0x00000006dd400000|100%|HC|  |TAMS 0x00000006dd000000| PB 0x00000006dd000000| Complete 
| 101|0x00000006dd400000, 0x00000006dd800000, 0x00000006dd800000|100%|HC|  |TAMS 0x00000006dd400000| PB 0x00000006dd400000| Complete 
| 102|0x00000006dd800000, 0x00000006ddc00000, 0x00000006ddc00000|100%|HS|  |TAMS 0x00000006dd800000| PB 0x00000006dd800000| Complete 
| 103|0x00000006ddc00000, 0x00000006de000000, 0x00000006de000000|100%|HC|  |TAMS 0x00000006ddc00000| PB 0x00000006ddc00000| Complete 
| 104|0x00000006de000000, 0x00000006de400000, 0x00000006de400000|100%|HC|  |TAMS 0x00000006de000000| PB 0x00000006de000000| Complete 
| 105|0x00000006de400000, 0x00000006de800000, 0x00000006de800000|100%|HS|  |TAMS 0x00000006de400000| PB 0x00000006de400000| Complete 
| 106|0x00000006de800000, 0x00000006dec00000, 0x00000006dec00000|100%|HC|  |TAMS 0x00000006de800000| PB 0x00000006de800000| Complete 
| 107|0x00000006dec00000, 0x00000006df000000, 0x00000006df000000|100%|HC|  |TAMS 0x00000006dec00000| PB 0x00000006dec00000| Complete 
| 108|0x00000006df000000, 0x00000006df400000, 0x00000006df400000|100%|HS|  |TAMS 0x00000006df000000| PB 0x00000006df000000| Complete 
| 109|0x00000006df400000, 0x00000006df800000, 0x00000006df800000|100%|HC|  |TAMS 0x00000006df400000| PB 0x00000006df400000| Complete 
| 110|0x00000006df800000, 0x00000006dfc00000, 0x00000006dfc00000|100%|HC|  |TAMS 0x00000006df800000| PB 0x00000006df800000| Complete 
| 111|0x00000006dfc00000, 0x00000006e0000000, 0x00000006e0000000|100%|HS|  |TAMS 0x00000006dfc00000| PB 0x00000006dfc00000| Complete 
| 112|0x00000006e0000000, 0x00000006e0400000, 0x00000006e0400000|100%|HC|  |TAMS 0x00000006e0000000| PB 0x00000006e0000000| Complete 
| 113|0x00000006e0400000, 0x00000006e0800000, 0x00000006e0800000|100%|HC|  |TAMS 0x00000006e0400000| PB 0x00000006e0400000| Complete 
| 114|0x00000006e0800000, 0x00000006e0c00000, 0x00000006e0c00000|100%|HS|  |TAMS 0x00000006e0800000| PB 0x00000006e0800000| Complete 
| 115|0x00000006e0c00000, 0x00000006e1000000, 0x00000006e1000000|100%|HC|  |TAMS 0x00000006e0c00000| PB 0x00000006e0c00000| Complete 
| 116|0x00000006e1000000, 0x00000006e1400000, 0x00000006e1400000|100%|HC|  |TAMS 0x00000006e1000000| PB 0x00000006e1000000| Complete 
| 117|0x00000006e1400000, 0x00000006e1800000, 0x00000006e1800000|100%|HS|  |TAMS 0x00000006e1400000| PB 0x00000006e1400000| Complete 
| 118|0x00000006e1800000, 0x00000006e1c00000, 0x00000006e1c00000|100%|HC|  |TAMS 0x00000006e1800000| PB 0x00000006e1800000| Complete 
| 119|0x00000006e1c00000, 0x00000006e2000000, 0x00000006e2000000|100%|HC|  |TAMS 0x00000006e1c00000| PB 0x00000006e1c00000| Complete 
| 120|0x00000006e2000000, 0x00000006e2400000, 0x00000006e2400000|100%|HS|  |TAMS 0x00000006e2000000| PB 0x00000006e2000000| Complete 
| 121|0x00000006e2400000, 0x00000006e2800000, 0x00000006e2800000|100%|HC|  |TAMS 0x00000006e2400000| PB 0x00000006e2400000| Complete 
| 122|0x00000006e2800000, 0x00000006e2c00000, 0x00000006e2c00000|100%|HC|  |TAMS 0x00000006e2800000| PB 0x00000006e2800000| Complete 
| 123|0x00000006e2c00000, 0x00000006e3000000, 0x00000006e3000000|100%|HS|  |TAMS 0x00000006e2c00000| PB 0x00000006e2c00000| Complete 
| 124|0x00000006e3000000, 0x00000006e3400000, 0x00000006e3400000|100%|HC|  |TAMS 0x00000006e3000000| PB 0x00000006e3000000| Complete 
| 125|0x00000006e3400000, 0x00000006e3800000, 0x00000006e3800000|100%|HC|  |TAMS 0x00000006e3400000| PB 0x00000006e3400000| Complete 
| 126|0x00000006e3800000, 0x00000006e3c00000, 0x00000006e3c00000|100%|HS|  |TAMS 0x00000006e3800000| PB 0x00000006e3800000| Complete 
| 127|0x00000006e3c00000, 0x00000006e4000000, 0x00000006e4000000|100%|HC|  |TAMS 0x00000006e3c00000| PB 0x00000006e3c00000| Complete 
| 128|0x00000006e4000000, 0x00000006e4400000, 0x00000006e4400000|100%|HC|  |TAMS 0x00000006e4000000| PB 0x00000006e4000000| Complete 
| 129|0x00000006e4400000, 0x00000006e4800000, 0x00000006e4800000|100%|HS|  |TAMS 0x00000006e4400000| PB 0x00000006e4400000| Complete 
| 130|0x00000006e4800000, 0x00000006e4c00000, 0x00000006e4c00000|100%|HC|  |TAMS 0x00000006e4800000| PB 0x00000006e4800000| Complete 
| 131|0x00000006e4c00000, 0x00000006e5000000, 0x00000006e5000000|100%|HC|  |TAMS 0x00000006e4c00000| PB 0x00000006e4c00000| Complete 
| 132|0x00000006e5000000, 0x00000006e5400000, 0x00000006e5400000|100%|HS|  |TAMS 0x00000006e5000000| PB 0x00000006e5000000| Complete 
| 133|0x00000006e5400000, 0x00000006e5800000, 0x00000006e5800000|100%|HC|  |TAMS 0x00000006e5400000| PB 0x00000006e5400000| Complete 
| 134|0x00000006e5800000, 0x00000006e5c00000, 0x00000006e5c00000|100%|HC|  |TAMS 0x00000006e5800000| PB 0x00000006e5800000| Complete 
| 135|0x00000006e5c00000, 0x00000006e6000000, 0x00000006e6000000|100%|HS|  |TAMS 0x00000006e5c00000| PB 0x00000006e5c00000| Complete 
| 136|0x00000006e6000000, 0x00000006e6400000, 0x00000006e6400000|100%|HC|  |TAMS 0x00000006e6000000| PB 0x00000006e6000000| Complete 
| 137|0x00000006e6400000, 0x00000006e6800000, 0x00000006e6800000|100%|HC|  |TAMS 0x00000006e6400000| PB 0x00000006e6400000| Complete 
| 138|0x00000006e6800000, 0x00000006e6c00000, 0x00000006e6c00000|100%|HS|  |TAMS 0x00000006e6800000| PB 0x00000006e6800000| Complete 
| 139|0x00000006e6c00000, 0x00000006e7000000, 0x00000006e7000000|100%|HC|  |TAMS 0x00000006e6c00000| PB 0x00000006e6c00000| Complete 
| 140|0x00000006e7000000, 0x00000006e7400000, 0x00000006e7400000|100%|HC|  |TAMS 0x00000006e7000000| PB 0x00000006e7000000| Complete 
| 141|0x00000006e7400000, 0x00000006e7800000, 0x00000006e7800000|100%|HS|  |TAMS 0x00000006e7400000| PB 0x00000006e7400000| Complete 
| 142|0x00000006e7800000, 0x00000006e7c00000, 0x00000006e7c00000|100%|HC|  |TAMS 0x00000006e7800000| PB 0x00000006e7800000| Complete 
| 143|0x00000006e7c00000, 0x00000006e8000000, 0x00000006e8000000|100%|HC|  |TAMS 0x00000006e7c00000| PB 0x00000006e7c00000| Complete 
| 144|0x00000006e8000000, 0x00000006e8400000, 0x00000006e8400000|100%|HS|  |TAMS 0x00000006e8000000| PB 0x00000006e8000000| Complete 
| 145|0x00000006e8400000, 0x00000006e8800000, 0x00000006e8800000|100%|HC|  |TAMS 0x00000006e8400000| PB 0x00000006e8400000| Complete 
| 146|0x00000006e8800000, 0x00000006e8c00000, 0x00000006e8c00000|100%|HC|  |TAMS 0x00000006e8800000| PB 0x00000006e8800000| Complete 
| 147|0x00000006e8c00000, 0x00000006e9000000, 0x00000006e9000000|100%|HS|  |TAMS 0x00000006e8c00000| PB 0x00000006e8c00000| Complete 
| 148|0x00000006e9000000, 0x00000006e9400000, 0x00000006e9400000|100%|HC|  |TAMS 0x00000006e9000000| PB 0x00000006e9000000| Complete 
| 149|0x00000006e9400000, 0x00000006e9800000, 0x00000006e9800000|100%|HC|  |TAMS 0x00000006e9400000| PB 0x00000006e9400000| Complete 
| 150|0x00000006e9800000, 0x00000006e9c00000, 0x00000006e9c00000|100%|HS|  |TAMS 0x00000006e9800000| PB 0x00000006e9800000| Complete 
| 151|0x00000006e9c00000, 0x00000006ea000000, 0x00000006ea000000|100%|HC|  |TAMS 0x00000006e9c00000| PB 0x00000006e9c00000| Complete 
| 152|0x00000006ea000000, 0x00000006ea400000, 0x00000006ea400000|100%|HC|  |TAMS 0x00000006ea000000| PB 0x00000006ea000000| Complete 
| 153|0x00000006ea400000, 0x00000006ea534220, 0x00000006ea800000| 30%| O|  |TAMS 0x00000006ea400000| PB 0x00000006ea400000| Untracked 
| 154|0x00000006ea800000, 0x00000006eac00000, 0x00000006eac00000|100%|HS|  |TAMS 0x00000006ea800000| PB 0x00000006ea800000| Complete 
| 155|0x00000006eac00000, 0x00000006eb000000, 0x00000006eb000000|100%|HC|  |TAMS 0x00000006eac00000| PB 0x00000006eac00000| Complete 
| 156|0x00000006eb000000, 0x00000006eb400000, 0x00000006eb400000|100%|HC|  |TAMS 0x00000006eb000000| PB 0x00000006eb000000| Complete 
| 157|0x00000006eb400000, 0x00000006eb800000, 0x00000006eb800000|100%|HS|  |TAMS 0x00000006eb400000| PB 0x00000006eb400000| Complete 
| 158|0x00000006eb800000, 0x00000006ebc00000, 0x00000006ebc00000|100%|HC|  |TAMS 0x00000006eb800000| PB 0x00000006eb800000| Complete 
| 159|0x00000006ebc00000, 0x00000006ec000000, 0x00000006ec000000|100%|HC|  |TAMS 0x00000006ebc00000| PB 0x00000006ebc00000| Complete 
| 160|0x00000006ec000000, 0x00000006ec000000, 0x00000006ec400000|  0%| F|  |TAMS 0x00000006ec000000| PB 0x00000006ec000000| Untracked 
| 161|0x00000006ec400000, 0x00000006ec400000, 0x00000006ec800000|  0%| F|  |TAMS 0x00000006ec400000| PB 0x00000006ec400000| Untracked 
| 162|0x00000006ec800000, 0x00000006ecc00000, 0x00000006ecc00000|100%|HS|  |TAMS 0x00000006ec800000| PB 0x00000006ec800000| Complete 
| 163|0x00000006ecc00000, 0x00000006ed000000, 0x00000006ed000000|100%|HC|  |TAMS 0x00000006ecc00000| PB 0x00000006ecc00000| Complete 
| 164|0x00000006ed000000, 0x00000006ed400000, 0x00000006ed400000|100%|HC|  |TAMS 0x00000006ed000000| PB 0x00000006ed000000| Complete 
| 165|0x00000006ed400000, 0x00000006ed800000, 0x00000006ed800000|100%|HS|  |TAMS 0x00000006ed400000| PB 0x00000006ed400000| Complete 
| 166|0x00000006ed800000, 0x00000006edc00000, 0x00000006edc00000|100%|HC|  |TAMS 0x00000006ed800000| PB 0x00000006ed800000| Complete 
| 167|0x00000006edc00000, 0x00000006ee000000, 0x00000006ee000000|100%|HC|  |TAMS 0x00000006edc00000| PB 0x00000006edc00000| Complete 
| 168|0x00000006ee000000, 0x00000006ee000000, 0x00000006ee400000|  0%| F|  |TAMS 0x00000006ee000000| PB 0x00000006ee000000| Untracked 
| 169|0x00000006ee400000, 0x00000006ee400000, 0x00000006ee800000|  0%| F|  |TAMS 0x00000006ee400000| PB 0x00000006ee400000| Untracked 
| 170|0x00000006ee800000, 0x00000006eec00000, 0x00000006eec00000|100%|HS|  |TAMS 0x00000006ee800000| PB 0x00000006ee800000| Complete 
| 171|0x00000006eec00000, 0x00000006ef000000, 0x00000006ef000000|100%|HC|  |TAMS 0x00000006eec00000| PB 0x00000006eec00000| Complete 
| 172|0x00000006ef000000, 0x00000006ef400000, 0x00000006ef400000|100%|HC|  |TAMS 0x00000006ef000000| PB 0x00000006ef000000| Complete 
| 173|0x00000006ef400000, 0x00000006ef800000, 0x00000006ef800000|100%|HS|  |TAMS 0x00000006ef400000| PB 0x00000006ef400000| Complete 
| 174|0x00000006ef800000, 0x00000006efc00000, 0x00000006efc00000|100%|HC|  |TAMS 0x00000006ef800000| PB 0x00000006ef800000| Complete 
| 175|0x00000006efc00000, 0x00000006f0000000, 0x00000006f0000000|100%|HC|  |TAMS 0x00000006efc00000| PB 0x00000006efc00000| Complete 
| 176|0x00000006f0000000, 0x00000006f0000000, 0x00000006f0400000|  0%| F|  |TAMS 0x00000006f0000000| PB 0x00000006f0000000| Untracked 
| 177|0x00000006f0400000, 0x00000006f0754d38, 0x00000006f0800000| 83%| O|  |TAMS 0x00000006f0400000| PB 0x00000006f0400000| Untracked 
| 178|0x00000006f0800000, 0x00000006f0c00000, 0x00000006f0c00000|100%|HS|  |TAMS 0x00000006f0800000| PB 0x00000006f0800000| Complete 
| 179|0x00000006f0c00000, 0x00000006f1000000, 0x00000006f1000000|100%|HC|  |TAMS 0x00000006f0c00000| PB 0x00000006f0c00000| Complete 
| 180|0x00000006f1000000, 0x00000006f1400000, 0x00000006f1400000|100%|HC|  |TAMS 0x00000006f1000000| PB 0x00000006f1000000| Complete 
| 181|0x00000006f1400000, 0x00000006f1800000, 0x00000006f1800000|100%|HS|  |TAMS 0x00000006f1400000| PB 0x00000006f1400000| Complete 
| 182|0x00000006f1800000, 0x00000006f1c00000, 0x00000006f1c00000|100%|HC|  |TAMS 0x00000006f1800000| PB 0x00000006f1800000| Complete 
| 183|0x00000006f1c00000, 0x00000006f2000000, 0x00000006f2000000|100%|HC|  |TAMS 0x00000006f1c00000| PB 0x00000006f1c00000| Complete 
| 184|0x00000006f2000000, 0x00000006f2400000, 0x00000006f2400000|100%|HS|  |TAMS 0x00000006f2000000| PB 0x00000006f2000000| Complete 
| 185|0x00000006f2400000, 0x00000006f2800000, 0x00000006f2800000|100%|HC|  |TAMS 0x00000006f2400000| PB 0x00000006f2400000| Complete 
| 186|0x00000006f2800000, 0x00000006f2c00000, 0x00000006f2c00000|100%|HC|  |TAMS 0x00000006f2800000| PB 0x00000006f2800000| Complete 
| 187|0x00000006f2c00000, 0x00000006f3000000, 0x00000006f3000000|100%|HS|  |TAMS 0x00000006f2c00000| PB 0x00000006f2c00000| Complete 
| 188|0x00000006f3000000, 0x00000006f3400000, 0x00000006f3400000|100%|HC|  |TAMS 0x00000006f3000000| PB 0x00000006f3000000| Complete 
| 189|0x00000006f3400000, 0x00000006f3800000, 0x00000006f3800000|100%|HC|  |TAMS 0x00000006f3400000| PB 0x00000006f3400000| Complete 
| 190|0x00000006f3800000, 0x00000006f3c00000, 0x00000006f3c00000|100%|HS|  |TAMS 0x00000006f3800000| PB 0x00000006f3800000| Complete 
| 191|0x00000006f3c00000, 0x00000006f4000000, 0x00000006f4000000|100%|HC|  |TAMS 0x00000006f3c00000| PB 0x00000006f3c00000| Complete 
| 192|0x00000006f4000000, 0x00000006f4400000, 0x00000006f4400000|100%|HC|  |TAMS 0x00000006f4000000| PB 0x00000006f4000000| Complete 
| 193|0x00000006f4400000, 0x00000006f4800000, 0x00000006f4800000|100%|HS|  |TAMS 0x00000006f4400000| PB 0x00000006f4400000| Complete 
| 194|0x00000006f4800000, 0x00000006f4c00000, 0x00000006f4c00000|100%|HC|  |TAMS 0x00000006f4800000| PB 0x00000006f4800000| Complete 
| 195|0x00000006f4c00000, 0x00000006f5000000, 0x00000006f5000000|100%|HC|  |TAMS 0x00000006f4c00000| PB 0x00000006f4c00000| Complete 
| 196|0x00000006f5000000, 0x00000006f5400000, 0x00000006f5400000|100%|HS|  |TAMS 0x00000006f5000000| PB 0x00000006f5000000| Complete 
| 197|0x00000006f5400000, 0x00000006f5800000, 0x00000006f5800000|100%|HC|  |TAMS 0x00000006f5400000| PB 0x00000006f5400000| Complete 
| 198|0x00000006f5800000, 0x00000006f5c00000, 0x00000006f5c00000|100%|HC|  |TAMS 0x00000006f5800000| PB 0x00000006f5800000| Complete 
| 199|0x00000006f5c00000, 0x00000006f6000000, 0x00000006f6000000|100%|HS|  |TAMS 0x00000006f5c00000| PB 0x00000006f5c00000| Complete 
| 200|0x00000006f6000000, 0x00000006f6400000, 0x00000006f6400000|100%|HC|  |TAMS 0x00000006f6000000| PB 0x00000006f6000000| Complete 
| 201|0x00000006f6400000, 0x00000006f6800000, 0x00000006f6800000|100%|HC|  |TAMS 0x00000006f6400000| PB 0x00000006f6400000| Complete 
| 202|0x00000006f6800000, 0x00000006f6c00000, 0x00000006f6c00000|100%|HS|  |TAMS 0x00000006f6800000| PB 0x00000006f6800000| Complete 
| 203|0x00000006f6c00000, 0x00000006f7000000, 0x00000006f7000000|100%|HC|  |TAMS 0x00000006f6c00000| PB 0x00000006f6c00000| Complete 
| 204|0x00000006f7000000, 0x00000006f7400000, 0x00000006f7400000|100%|HC|  |TAMS 0x00000006f7000000| PB 0x00000006f7000000| Complete 
| 205|0x00000006f7400000, 0x00000006f7800000, 0x00000006f7800000|100%|HS|  |TAMS 0x00000006f7400000| PB 0x00000006f7400000| Complete 
| 206|0x00000006f7800000, 0x00000006f7c00000, 0x00000006f7c00000|100%|HC|  |TAMS 0x00000006f7800000| PB 0x00000006f7800000| Complete 
| 207|0x00000006f7c00000, 0x00000006f8000000, 0x00000006f8000000|100%|HC|  |TAMS 0x00000006f7c00000| PB 0x00000006f7c00000| Complete 
| 208|0x00000006f8000000, 0x00000006f8400000, 0x00000006f8400000|100%|HS|  |TAMS 0x00000006f8000000| PB 0x00000006f8000000| Complete 
| 209|0x00000006f8400000, 0x00000006f8800000, 0x00000006f8800000|100%|HC|  |TAMS 0x00000006f8400000| PB 0x00000006f8400000| Complete 
| 210|0x00000006f8800000, 0x00000006f8c00000, 0x00000006f8c00000|100%|HC|  |TAMS 0x00000006f8800000| PB 0x00000006f8800000| Complete 
| 211|0x00000006f8c00000, 0x00000006f9000000, 0x00000006f9000000|100%|HS|  |TAMS 0x00000006f8c00000| PB 0x00000006f8c00000| Complete 
| 212|0x00000006f9000000, 0x00000006f9400000, 0x00000006f9400000|100%|HC|  |TAMS 0x00000006f9000000| PB 0x00000006f9000000| Complete 
| 213|0x00000006f9400000, 0x00000006f9800000, 0x00000006f9800000|100%|HC|  |TAMS 0x00000006f9400000| PB 0x00000006f9400000| Complete 
| 214|0x00000006f9800000, 0x00000006f9c00000, 0x00000006f9c00000|100%|HS|  |TAMS 0x00000006f9800000| PB 0x00000006f9800000| Complete 
| 215|0x00000006f9c00000, 0x00000006fa000000, 0x00000006fa000000|100%|HC|  |TAMS 0x00000006f9c00000| PB 0x00000006f9c00000| Complete 
| 216|0x00000006fa000000, 0x00000006fa400000, 0x00000006fa400000|100%|HC|  |TAMS 0x00000006fa000000| PB 0x00000006fa000000| Complete 
| 217|0x00000006fa400000, 0x00000006fa800000, 0x00000006fa800000|100%|HS|  |TAMS 0x00000006fa400000| PB 0x00000006fa400000| Complete 
| 218|0x00000006fa800000, 0x00000006fac00000, 0x00000006fac00000|100%|HC|  |TAMS 0x00000006fa800000| PB 0x00000006fa800000| Complete 
| 219|0x00000006fac00000, 0x00000006fb000000, 0x00000006fb000000|100%|HC|  |TAMS 0x00000006fac00000| PB 0x00000006fac00000| Complete 
| 220|0x00000006fb000000, 0x00000006fb400000, 0x00000006fb400000|100%|HS|  |TAMS 0x00000006fb000000| PB 0x00000006fb000000| Complete 
| 221|0x00000006fb400000, 0x00000006fb800000, 0x00000006fb800000|100%|HC|  |TAMS 0x00000006fb400000| PB 0x00000006fb400000| Complete 
| 222|0x00000006fb800000, 0x00000006fbc00000, 0x00000006fbc00000|100%|HC|  |TAMS 0x00000006fb800000| PB 0x00000006fb800000| Complete 
| 223|0x00000006fbc00000, 0x00000006fc000000, 0x00000006fc000000|100%|HS|  |TAMS 0x00000006fbc00000| PB 0x00000006fbc00000| Complete 
| 224|0x00000006fc000000, 0x00000006fc400000, 0x00000006fc400000|100%|HC|  |TAMS 0x00000006fc000000| PB 0x00000006fc000000| Complete 
| 225|0x00000006fc400000, 0x00000006fc800000, 0x00000006fc800000|100%|HC|  |TAMS 0x00000006fc400000| PB 0x00000006fc400000| Complete 
| 226|0x00000006fc800000, 0x00000006fcc00000, 0x00000006fcc00000|100%|HS|  |TAMS 0x00000006fc800000| PB 0x00000006fc800000| Complete 
| 227|0x00000006fcc00000, 0x00000006fd000000, 0x00000006fd000000|100%|HC|  |TAMS 0x00000006fcc00000| PB 0x00000006fcc00000| Complete 
| 228|0x00000006fd000000, 0x00000006fd400000, 0x00000006fd400000|100%|HC|  |TAMS 0x00000006fd000000| PB 0x00000006fd000000| Complete 
| 229|0x00000006fd400000, 0x00000006fd400000, 0x00000006fd800000|  0%| F|  |TAMS 0x00000006fd400000| PB 0x00000006fd400000| Untracked 
| 230|0x00000006fd800000, 0x00000006fd800000, 0x00000006fdc00000|  0%| F|  |TAMS 0x00000006fd800000| PB 0x00000006fd800000| Untracked 
| 231|0x00000006fdc00000, 0x00000006fe000000, 0x00000006fe000000|100%|HS|  |TAMS 0x00000006fdc00000| PB 0x00000006fdc00000| Complete 
| 232|0x00000006fe000000, 0x00000006fe400000, 0x00000006fe400000|100%|HC|  |TAMS 0x00000006fe000000| PB 0x00000006fe000000| Complete 
| 233|0x00000006fe400000, 0x00000006fe800000, 0x00000006fe800000|100%|HC|  |TAMS 0x00000006fe400000| PB 0x00000006fe400000| Complete 
| 234|0x00000006fe800000, 0x00000006fec00000, 0x00000006fec00000|100%|HS|  |TAMS 0x00000006fe800000| PB 0x00000006fe800000| Complete 
| 235|0x00000006fec00000, 0x00000006ff000000, 0x00000006ff000000|100%|HC|  |TAMS 0x00000006fec00000| PB 0x00000006fec00000| Complete 
| 236|0x00000006ff000000, 0x00000006ff400000, 0x00000006ff400000|100%|HC|  |TAMS 0x00000006ff000000| PB 0x00000006ff000000| Complete 
| 237|0x00000006ff400000, 0x00000006ff400000, 0x00000006ff800000|  0%| F|  |TAMS 0x00000006ff400000| PB 0x00000006ff400000| Untracked 
| 238|0x00000006ff800000, 0x00000006ff800000, 0x00000006ffc00000|  0%| F|  |TAMS 0x00000006ff800000| PB 0x00000006ff800000| Untracked 
| 239|0x00000006ffc00000, 0x0000000700000000, 0x0000000700000000|100%|HS|  |TAMS 0x00000006ffc00000| PB 0x00000006ffc00000| Complete 
| 240|0x0000000700000000, 0x0000000700400000, 0x0000000700400000|100%|HC|  |TAMS 0x0000000700000000| PB 0x0000000700000000| Complete 
| 241|0x0000000700400000, 0x0000000700800000, 0x0000000700800000|100%|HC|  |TAMS 0x0000000700400000| PB 0x0000000700400000| Complete 
| 242|0x0000000700800000, 0x0000000700c00000, 0x0000000700c00000|100%|HS|  |TAMS 0x0000000700800000| PB 0x0000000700800000| Complete 
| 243|0x0000000700c00000, 0x0000000701000000, 0x0000000701000000|100%|HC|  |TAMS 0x0000000700c00000| PB 0x0000000700c00000| Complete 
| 244|0x0000000701000000, 0x0000000701400000, 0x0000000701400000|100%|HC|  |TAMS 0x0000000701000000| PB 0x0000000701000000| Complete 
| 245|0x0000000701400000, 0x0000000701400000, 0x0000000701800000|  0%| F|  |TAMS 0x0000000701400000| PB 0x0000000701400000| Untracked 
| 246|0x0000000701800000, 0x0000000701800000, 0x0000000701c00000|  0%| F|  |TAMS 0x0000000701800000| PB 0x0000000701800000| Untracked 
| 247|0x0000000701c00000, 0x0000000702000000, 0x0000000702000000|100%|HS|  |TAMS 0x0000000701c00000| PB 0x0000000701c00000| Complete 
| 248|0x0000000702000000, 0x0000000702400000, 0x0000000702400000|100%|HC|  |TAMS 0x0000000702000000| PB 0x0000000702000000| Complete 
| 249|0x0000000702400000, 0x0000000702800000, 0x0000000702800000|100%|HC|  |TAMS 0x0000000702400000| PB 0x0000000702400000| Complete 
| 250|0x0000000702800000, 0x0000000702c00000, 0x0000000702c00000|100%|HS|  |TAMS 0x0000000702800000| PB 0x0000000702800000| Complete 
| 251|0x0000000702c00000, 0x0000000703000000, 0x0000000703000000|100%|HC|  |TAMS 0x0000000702c00000| PB 0x0000000702c00000| Complete 
| 252|0x0000000703000000, 0x0000000703400000, 0x0000000703400000|100%|HC|  |TAMS 0x0000000703000000| PB 0x0000000703000000| Complete 
| 253|0x0000000703400000, 0x0000000703400000, 0x0000000703800000|  0%| F|  |TAMS 0x0000000703400000| PB 0x0000000703400000| Untracked 
| 254|0x0000000703800000, 0x0000000703c00000, 0x0000000703c00000|100%|HS|  |TAMS 0x0000000703800000| PB 0x0000000703800000| Complete 
| 255|0x0000000703c00000, 0x0000000704000000, 0x0000000704000000|100%|HS|  |TAMS 0x0000000703c00000| PB 0x0000000703c00000| Complete 
| 256|0x0000000704000000, 0x0000000704400000, 0x0000000704400000|100%|HC|  |TAMS 0x0000000704000000| PB 0x0000000704000000| Complete 
| 257|0x0000000704400000, 0x0000000704800000, 0x0000000704800000|100%|HC|  |TAMS 0x0000000704400000| PB 0x0000000704400000| Complete 
| 258|0x0000000704800000, 0x0000000704800000, 0x0000000704c00000|  0%| F|  |TAMS 0x0000000704800000| PB 0x0000000704800000| Untracked 
| 259|0x0000000704c00000, 0x0000000704c00000, 0x0000000705000000|  0%| F|  |TAMS 0x0000000704c00000| PB 0x0000000704c00000| Untracked 
| 260|0x0000000705000000, 0x0000000705400000, 0x0000000705400000|100%|HS|  |TAMS 0x0000000705000000| PB 0x0000000705000000| Complete 
| 261|0x0000000705400000, 0x0000000705800000, 0x0000000705800000|100%|HC|  |TAMS 0x0000000705400000| PB 0x0000000705400000| Complete 
| 262|0x0000000705800000, 0x0000000705c00000, 0x0000000705c00000|100%|HC|  |TAMS 0x0000000705800000| PB 0x0000000705800000| Complete 
| 263|0x0000000705c00000, 0x0000000705c00000, 0x0000000706000000|  0%| F|  |TAMS 0x0000000705c00000| PB 0x0000000705c00000| Untracked 
| 264|0x0000000706000000, 0x0000000706400000, 0x0000000706400000|100%|HS|  |TAMS 0x0000000706000000| PB 0x0000000706000000| Complete 
| 265|0x0000000706400000, 0x0000000706800000, 0x0000000706800000|100%|HC|  |TAMS 0x0000000706400000| PB 0x0000000706400000| Complete 
| 266|0x0000000706800000, 0x0000000706c00000, 0x0000000706c00000|100%|HC|  |TAMS 0x0000000706800000| PB 0x0000000706800000| Complete 
| 267|0x0000000706c00000, 0x0000000706c00000, 0x0000000707000000|  0%| F|  |TAMS 0x0000000706c00000| PB 0x0000000706c00000| Untracked 
| 268|0x0000000707000000, 0x0000000707400000, 0x0000000707400000|100%|HS|  |TAMS 0x0000000707000000| PB 0x0000000707000000| Complete 
| 269|0x0000000707400000, 0x0000000707800000, 0x0000000707800000|100%|HC|  |TAMS 0x0000000707400000| PB 0x0000000707400000| Complete 
| 270|0x0000000707800000, 0x0000000707c00000, 0x0000000707c00000|100%|HC|  |TAMS 0x0000000707800000| PB 0x0000000707800000| Complete 
| 271|0x0000000707c00000, 0x0000000708000000, 0x0000000708000000|100%|HS|  |TAMS 0x0000000707c00000| PB 0x0000000707c00000| Complete 
| 272|0x0000000708000000, 0x0000000708400000, 0x0000000708400000|100%|HC|  |TAMS 0x0000000708000000| PB 0x0000000708000000| Complete 
| 273|0x0000000708400000, 0x0000000708800000, 0x0000000708800000|100%|HC|  |TAMS 0x0000000708400000| PB 0x0000000708400000| Complete 
| 274|0x0000000708800000, 0x0000000708c00000, 0x0000000708c00000|100%|HS|  |TAMS 0x0000000708800000| PB 0x0000000708800000| Complete 
| 275|0x0000000708c00000, 0x0000000709000000, 0x0000000709000000|100%|HS|  |TAMS 0x0000000708c00000| PB 0x0000000708c00000| Complete 
| 276|0x0000000709000000, 0x0000000709400000, 0x0000000709400000|100%|HC|  |TAMS 0x0000000709000000| PB 0x0000000709000000| Complete 
| 277|0x0000000709400000, 0x0000000709800000, 0x0000000709800000|100%|HC|  |TAMS 0x0000000709400000| PB 0x0000000709400000| Complete 
| 278|0x0000000709800000, 0x0000000709c00000, 0x0000000709c00000|100%|HC|  |TAMS 0x0000000709800000| PB 0x0000000709800000| Complete 
| 279|0x0000000709c00000, 0x000000070a000000, 0x000000070a000000|100%|HC|  |TAMS 0x0000000709c00000| PB 0x0000000709c00000| Complete 
| 280|0x000000070a000000, 0x000000070a400000, 0x000000070a400000|100%|HC|  |TAMS 0x000000070a000000| PB 0x000000070a000000| Complete 
| 281|0x000000070a400000, 0x000000070a800000, 0x000000070a800000|100%|HS|  |TAMS 0x000000070a400000| PB 0x000000070a400000| Complete 
| 282|0x000000070a800000, 0x000000070ac00000, 0x000000070ac00000|100%|HC|  |TAMS 0x000000070a800000| PB 0x000000070a800000| Complete 
| 283|0x000000070ac00000, 0x000000070b000000, 0x000000070b000000|100%|HC|  |TAMS 0x000000070ac00000| PB 0x000000070ac00000| Complete 
| 284|0x000000070b000000, 0x000000070b400000, 0x000000070b400000|100%|HC|  |TAMS 0x000000070b000000| PB 0x000000070b000000| Complete 
| 285|0x000000070b400000, 0x000000070b800000, 0x000000070b800000|100%|HC|  |TAMS 0x000000070b400000| PB 0x000000070b400000| Complete 
| 286|0x000000070b800000, 0x000000070bc00000, 0x000000070bc00000|100%|HC|  |TAMS 0x000000070b800000| PB 0x000000070b800000| Complete 
| 287|0x000000070bc00000, 0x000000070bc00000, 0x000000070c000000|  0%| F|  |TAMS 0x000000070bc00000| PB 0x000000070bc00000| Untracked 
| 288|0x000000070c000000, 0x000000070c000000, 0x000000070c400000|  0%| F|  |TAMS 0x000000070c000000| PB 0x000000070c000000| Untracked 
| 289|0x000000070c400000, 0x000000070c413488, 0x000000070c800000|  1%| S|CS|TAMS 0x000000070c400000| PB 0x000000070c400000| Complete 
| 290|0x000000070c800000, 0x000000070cc00000, 0x000000070cc00000|100%|HS|  |TAMS 0x000000070c800000| PB 0x000000070c800000| Complete 
| 291|0x000000070cc00000, 0x000000070d000000, 0x000000070d000000|100%|HC|  |TAMS 0x000000070cc00000| PB 0x000000070cc00000| Complete 
| 292|0x000000070d000000, 0x000000070d400000, 0x000000070d400000|100%|HC|  |TAMS 0x000000070d000000| PB 0x000000070d000000| Complete 
| 293|0x000000070d400000, 0x000000070d800000, 0x000000070d800000|100%|HC|  |TAMS 0x000000070d400000| PB 0x000000070d400000| Complete 
| 294|0x000000070d800000, 0x000000070dc00000, 0x000000070dc00000|100%|HC|  |TAMS 0x000000070d800000| PB 0x000000070d800000| Complete 
| 295|0x000000070dc00000, 0x000000070e000000, 0x000000070e000000|100%|HC|  |TAMS 0x000000070dc00000| PB 0x000000070dc00000| Complete 
| 296|0x000000070e000000, 0x000000070e000000, 0x000000070e400000|  0%| F|  |TAMS 0x000000070e000000| PB 0x000000070e000000| Untracked 
| 297|0x000000070e400000, 0x000000070e400000, 0x000000070e800000|  0%| F|  |TAMS 0x000000070e400000| PB 0x000000070e400000| Untracked 
| 298|0x000000070e800000, 0x000000070e800000, 0x000000070ec00000|  0%| F|  |TAMS 0x000000070e800000| PB 0x000000070e800000| Untracked 
| 299|0x000000070ec00000, 0x000000070ec00000, 0x000000070f000000|  0%| F|  |TAMS 0x000000070ec00000| PB 0x000000070ec00000| Untracked 
| 300|0x000000070f000000, 0x000000070f19a738, 0x000000070f400000| 40%| E|  |TAMS 0x000000070f000000| PB 0x000000070f000000| Complete 
| 301|0x000000070f400000, 0x000000070f800000, 0x000000070f800000|100%| E|CS|TAMS 0x000000070f400000| PB 0x000000070f400000| Complete 
| 302|0x000000070f800000, 0x000000070fc00000, 0x000000070fc00000|100%| E|CS|TAMS 0x000000070f800000| PB 0x000000070f800000| Complete 
| 303|0x000000070fc00000, 0x0000000710000000, 0x0000000710000000|100%| E|CS|TAMS 0x000000070fc00000| PB 0x000000070fc00000| Complete 
| 304|0x0000000710000000, 0x0000000710400000, 0x0000000710400000|100%| E|  |TAMS 0x0000000710000000| PB 0x0000000710000000| Complete 
| 305|0x0000000710400000, 0x0000000710800000, 0x0000000710800000|100%| E|CS|TAMS 0x0000000710400000| PB 0x0000000710400000| Complete 
| 306|0x0000000710800000, 0x0000000710c00000, 0x0000000710c00000|100%| E|CS|TAMS 0x0000000710800000| PB 0x0000000710800000| Complete 
| 307|0x0000000710c00000, 0x0000000711000000, 0x0000000711000000|100%| E|CS|TAMS 0x0000000710c00000| PB 0x0000000710c00000| Complete 
| 308|0x0000000711000000, 0x0000000711400000, 0x0000000711400000|100%| E|CS|TAMS 0x0000000711000000| PB 0x0000000711000000| Complete 
| 309|0x0000000711400000, 0x0000000711800000, 0x0000000711800000|100%| E|CS|TAMS 0x0000000711400000| PB 0x0000000711400000| Complete 
| 310|0x0000000711800000, 0x0000000711c00000, 0x0000000711c00000|100%| E|CS|TAMS 0x0000000711800000| PB 0x0000000711800000| Complete 
| 311|0x0000000711c00000, 0x0000000712000000, 0x0000000712000000|100%| E|CS|TAMS 0x0000000711c00000| PB 0x0000000711c00000| Complete 
| 312|0x0000000712000000, 0x0000000712400000, 0x0000000712400000|100%| E|CS|TAMS 0x0000000712000000| PB 0x0000000712000000| Complete 
| 313|0x0000000712400000, 0x0000000712800000, 0x0000000712800000|100%| E|CS|TAMS 0x0000000712400000| PB 0x0000000712400000| Complete 
| 314|0x0000000712800000, 0x0000000712c00000, 0x0000000712c00000|100%| E|CS|TAMS 0x0000000712800000| PB 0x0000000712800000| Complete 
| 315|0x0000000712c00000, 0x0000000713000000, 0x0000000713000000|100%| E|CS|TAMS 0x0000000712c00000| PB 0x0000000712c00000| Complete 
| 316|0x0000000713000000, 0x0000000713400000, 0x0000000713400000|100%| E|CS|TAMS 0x0000000713000000| PB 0x0000000713000000| Complete 
| 317|0x0000000713400000, 0x0000000713800000, 0x0000000713800000|100%| E|CS|TAMS 0x0000000713400000| PB 0x0000000713400000| Complete 
| 318|0x0000000713800000, 0x0000000713c00000, 0x0000000713c00000|100%| E|CS|TAMS 0x0000000713800000| PB 0x0000000713800000| Complete 
| 319|0x0000000713c00000, 0x0000000714000000, 0x0000000714000000|100%| E|CS|TAMS 0x0000000713c00000| PB 0x0000000713c00000| Complete 
| 320|0x0000000714000000, 0x0000000714400000, 0x0000000714400000|100%| E|CS|TAMS 0x0000000714000000| PB 0x0000000714000000| Complete 
| 321|0x0000000714400000, 0x0000000714800000, 0x0000000714800000|100%| E|CS|TAMS 0x0000000714400000| PB 0x0000000714400000| Complete 
| 322|0x0000000714800000, 0x0000000714c00000, 0x0000000714c00000|100%| E|CS|TAMS 0x0000000714800000| PB 0x0000000714800000| Complete 
| 323|0x0000000714c00000, 0x0000000715000000, 0x0000000715000000|100%| E|CS|TAMS 0x0000000714c00000| PB 0x0000000714c00000| Complete 
| 324|0x0000000715000000, 0x0000000715400000, 0x0000000715400000|100%| E|CS|TAMS 0x0000000715000000| PB 0x0000000715000000| Complete 
| 325|0x0000000715400000, 0x0000000715800000, 0x0000000715800000|100%| E|CS|TAMS 0x0000000715400000| PB 0x0000000715400000| Complete 
| 326|0x0000000715800000, 0x0000000715c00000, 0x0000000715c00000|100%| E|CS|TAMS 0x0000000715800000| PB 0x0000000715800000| Complete 
| 327|0x0000000715c00000, 0x0000000716000000, 0x0000000716000000|100%| E|CS|TAMS 0x0000000715c00000| PB 0x0000000715c00000| Complete 
| 328|0x0000000716000000, 0x0000000716400000, 0x0000000716400000|100%| E|CS|TAMS 0x0000000716000000| PB 0x0000000716000000| Complete 
| 329|0x0000000716400000, 0x0000000716800000, 0x0000000716800000|100%| E|CS|TAMS 0x0000000716400000| PB 0x0000000716400000| Complete 
| 330|0x0000000716800000, 0x0000000716c00000, 0x0000000716c00000|100%| E|CS|TAMS 0x0000000716800000| PB 0x0000000716800000| Complete 
| 331|0x0000000716c00000, 0x0000000717000000, 0x0000000717000000|100%| E|CS|TAMS 0x0000000716c00000| PB 0x0000000716c00000| Complete 
| 332|0x0000000717000000, 0x0000000717400000, 0x0000000717400000|100%| E|CS|TAMS 0x0000000717000000| PB 0x0000000717000000| Complete 
| 333|0x0000000717400000, 0x0000000717800000, 0x0000000717800000|100%| E|CS|TAMS 0x0000000717400000| PB 0x0000000717400000| Complete 
| 334|0x0000000717800000, 0x0000000717c00000, 0x0000000717c00000|100%| E|CS|TAMS 0x0000000717800000| PB 0x0000000717800000| Complete 
| 335|0x0000000717c00000, 0x0000000718000000, 0x0000000718000000|100%| E|CS|TAMS 0x0000000717c00000| PB 0x0000000717c00000| Complete 
| 336|0x0000000718000000, 0x0000000718400000, 0x0000000718400000|100%| E|CS|TAMS 0x0000000718000000| PB 0x0000000718000000| Complete 
| 337|0x0000000718400000, 0x0000000718800000, 0x0000000718800000|100%| E|CS|TAMS 0x0000000718400000| PB 0x0000000718400000| Complete 
| 338|0x0000000718800000, 0x0000000718c00000, 0x0000000718c00000|100%| E|CS|TAMS 0x0000000718800000| PB 0x0000000718800000| Complete 
| 339|0x0000000718c00000, 0x0000000719000000, 0x0000000719000000|100%| E|CS|TAMS 0x0000000718c00000| PB 0x0000000718c00000| Complete 
| 340|0x0000000719000000, 0x0000000719400000, 0x0000000719400000|100%| E|CS|TAMS 0x0000000719000000| PB 0x0000000719000000| Complete 
| 341|0x0000000719400000, 0x0000000719800000, 0x0000000719800000|100%| E|CS|TAMS 0x0000000719400000| PB 0x0000000719400000| Complete 
| 342|0x0000000719800000, 0x0000000719c00000, 0x0000000719c00000|100%| E|CS|TAMS 0x0000000719800000| PB 0x0000000719800000| Complete 
| 343|0x0000000719c00000, 0x000000071a000000, 0x000000071a000000|100%| E|CS|TAMS 0x0000000719c00000| PB 0x0000000719c00000| Complete 
| 344|0x000000071a000000, 0x000000071a400000, 0x000000071a400000|100%| E|CS|TAMS 0x000000071a000000| PB 0x000000071a000000| Complete 
| 345|0x000000071a400000, 0x000000071a800000, 0x000000071a800000|100%| E|CS|TAMS 0x000000071a400000| PB 0x000000071a400000| Complete 
| 346|0x000000071a800000, 0x000000071ac00000, 0x000000071ac00000|100%| E|CS|TAMS 0x000000071a800000| PB 0x000000071a800000| Complete 
| 347|0x000000071ac00000, 0x000000071b000000, 0x000000071b000000|100%| E|CS|TAMS 0x000000071ac00000| PB 0x000000071ac00000| Complete 
| 348|0x000000071b000000, 0x000000071b400000, 0x000000071b400000|100%| E|CS|TAMS 0x000000071b000000| PB 0x000000071b000000| Complete 
| 349|0x000000071b400000, 0x000000071b800000, 0x000000071b800000|100%| E|CS|TAMS 0x000000071b400000| PB 0x000000071b400000| Complete 
| 350|0x000000071b800000, 0x000000071bc00000, 0x000000071bc00000|100%| E|CS|TAMS 0x000000071b800000| PB 0x000000071b800000| Complete 
| 351|0x000000071bc00000, 0x000000071c000000, 0x000000071c000000|100%| E|CS|TAMS 0x000000071bc00000| PB 0x000000071bc00000| Complete 
| 352|0x000000071c000000, 0x000000071c400000, 0x000000071c400000|100%| E|CS|TAMS 0x000000071c000000| PB 0x000000071c000000| Complete 
| 353|0x000000071c400000, 0x000000071c800000, 0x000000071c800000|100%| E|CS|TAMS 0x000000071c400000| PB 0x000000071c400000| Complete 
| 354|0x000000071c800000, 0x000000071cc00000, 0x000000071cc00000|100%| E|CS|TAMS 0x000000071c800000| PB 0x000000071c800000| Complete 
| 355|0x000000071cc00000, 0x000000071d000000, 0x000000071d000000|100%| E|CS|TAMS 0x000000071cc00000| PB 0x000000071cc00000| Complete 
| 356|0x000000071d000000, 0x000000071d400000, 0x000000071d400000|100%| E|CS|TAMS 0x000000071d000000| PB 0x000000071d000000| Complete 
| 357|0x000000071d400000, 0x000000071d800000, 0x000000071d800000|100%| E|CS|TAMS 0x000000071d400000| PB 0x000000071d400000| Complete 
| 358|0x000000071d800000, 0x000000071dc00000, 0x000000071dc00000|100%| E|CS|TAMS 0x000000071d800000| PB 0x000000071d800000| Complete 
| 359|0x000000071dc00000, 0x000000071e000000, 0x000000071e000000|100%| E|CS|TAMS 0x000000071dc00000| PB 0x000000071dc00000| Complete 
| 360|0x000000071e000000, 0x000000071e400000, 0x000000071e400000|100%| E|CS|TAMS 0x000000071e000000| PB 0x000000071e000000| Complete 
| 361|0x000000071e400000, 0x000000071e800000, 0x000000071e800000|100%| E|CS|TAMS 0x000000071e400000| PB 0x000000071e400000| Complete 
| 362|0x000000071e800000, 0x000000071ec00000, 0x000000071ec00000|100%| E|CS|TAMS 0x000000071e800000| PB 0x000000071e800000| Complete 
| 363|0x000000071ec00000, 0x000000071f000000, 0x000000071f000000|100%| E|CS|TAMS 0x000000071ec00000| PB 0x000000071ec00000| Complete 
| 364|0x000000071f000000, 0x000000071f400000, 0x000000071f400000|100%| E|CS|TAMS 0x000000071f000000| PB 0x000000071f000000| Complete 
| 365|0x000000071f400000, 0x000000071f800000, 0x000000071f800000|100%| E|CS|TAMS 0x000000071f400000| PB 0x000000071f400000| Complete 
| 366|0x000000071f800000, 0x000000071fc00000, 0x000000071fc00000|100%| E|CS|TAMS 0x000000071f800000| PB 0x000000071f800000| Complete 
| 367|0x000000071fc00000, 0x0000000720000000, 0x0000000720000000|100%| E|CS|TAMS 0x000000071fc00000| PB 0x000000071fc00000| Complete 
| 368|0x0000000720000000, 0x0000000720400000, 0x0000000720400000|100%| E|CS|TAMS 0x0000000720000000| PB 0x0000000720000000| Complete 
| 369|0x0000000720400000, 0x0000000720800000, 0x0000000720800000|100%| E|CS|TAMS 0x0000000720400000| PB 0x0000000720400000| Complete 
| 370|0x0000000720800000, 0x0000000720c00000, 0x0000000720c00000|100%| E|CS|TAMS 0x0000000720800000| PB 0x0000000720800000| Complete 
| 371|0x0000000720c00000, 0x0000000721000000, 0x0000000721000000|100%| E|CS|TAMS 0x0000000720c00000| PB 0x0000000720c00000| Complete 
| 372|0x0000000721000000, 0x0000000721400000, 0x0000000721400000|100%| E|CS|TAMS 0x0000000721000000| PB 0x0000000721000000| Complete 
| 373|0x0000000721400000, 0x0000000721800000, 0x0000000721800000|100%| E|CS|TAMS 0x0000000721400000| PB 0x0000000721400000| Complete 
| 374|0x0000000721800000, 0x0000000721c00000, 0x0000000721c00000|100%| E|CS|TAMS 0x0000000721800000| PB 0x0000000721800000| Complete 
| 375|0x0000000721c00000, 0x0000000722000000, 0x0000000722000000|100%| E|CS|TAMS 0x0000000721c00000| PB 0x0000000721c00000| Complete 
| 376|0x0000000722000000, 0x0000000722400000, 0x0000000722400000|100%| E|CS|TAMS 0x0000000722000000| PB 0x0000000722000000| Complete 
| 377|0x0000000722400000, 0x0000000722800000, 0x0000000722800000|100%| E|CS|TAMS 0x0000000722400000| PB 0x0000000722400000| Complete 
| 378|0x0000000722800000, 0x0000000722c00000, 0x0000000722c00000|100%| E|CS|TAMS 0x0000000722800000| PB 0x0000000722800000| Complete 
| 379|0x0000000722c00000, 0x0000000723000000, 0x0000000723000000|100%| E|CS|TAMS 0x0000000722c00000| PB 0x0000000722c00000| Complete 
| 380|0x0000000723000000, 0x0000000723400000, 0x0000000723400000|100%| E|CS|TAMS 0x0000000723000000| PB 0x0000000723000000| Complete 
| 381|0x0000000723400000, 0x0000000723800000, 0x0000000723800000|100%| E|CS|TAMS 0x0000000723400000| PB 0x0000000723400000| Complete 
| 382|0x0000000723800000, 0x0000000723c00000, 0x0000000723c00000|100%| E|CS|TAMS 0x0000000723800000| PB 0x0000000723800000| Complete 
| 383|0x0000000723c00000, 0x0000000724000000, 0x0000000724000000|100%| E|CS|TAMS 0x0000000723c00000| PB 0x0000000723c00000| Complete 
| 384|0x0000000724000000, 0x0000000724400000, 0x0000000724400000|100%| E|CS|TAMS 0x0000000724000000| PB 0x0000000724000000| Complete 
| 385|0x0000000724400000, 0x0000000724800000, 0x0000000724800000|100%| E|CS|TAMS 0x0000000724400000| PB 0x0000000724400000| Complete 
| 386|0x0000000724800000, 0x0000000724c00000, 0x0000000724c00000|100%| E|CS|TAMS 0x0000000724800000| PB 0x0000000724800000| Complete 
| 387|0x0000000724c00000, 0x0000000725000000, 0x0000000725000000|100%| E|CS|TAMS 0x0000000724c00000| PB 0x0000000724c00000| Complete 
| 388|0x0000000725000000, 0x0000000725400000, 0x0000000725400000|100%| E|CS|TAMS 0x0000000725000000| PB 0x0000000725000000| Complete 
| 389|0x0000000725400000, 0x0000000725800000, 0x0000000725800000|100%| E|CS|TAMS 0x0000000725400000| PB 0x0000000725400000| Complete 
| 390|0x0000000725800000, 0x0000000725c00000, 0x0000000725c00000|100%| E|CS|TAMS 0x0000000725800000| PB 0x0000000725800000| Complete 
| 391|0x0000000725c00000, 0x0000000726000000, 0x0000000726000000|100%| E|CS|TAMS 0x0000000725c00000| PB 0x0000000725c00000| Complete 
| 392|0x0000000726000000, 0x0000000726400000, 0x0000000726400000|100%| E|CS|TAMS 0x0000000726000000| PB 0x0000000726000000| Complete 
| 393|0x0000000726400000, 0x0000000726800000, 0x0000000726800000|100%| E|CS|TAMS 0x0000000726400000| PB 0x0000000726400000| Complete 
| 394|0x0000000726800000, 0x0000000726c00000, 0x0000000726c00000|100%| E|CS|TAMS 0x0000000726800000| PB 0x0000000726800000| Complete 
| 395|0x0000000726c00000, 0x0000000727000000, 0x0000000727000000|100%| E|CS|TAMS 0x0000000726c00000| PB 0x0000000726c00000| Complete 
| 396|0x0000000727000000, 0x0000000727400000, 0x0000000727400000|100%| E|CS|TAMS 0x0000000727000000| PB 0x0000000727000000| Complete 
| 397|0x0000000727400000, 0x0000000727800000, 0x0000000727800000|100%| E|CS|TAMS 0x0000000727400000| PB 0x0000000727400000| Complete 
| 398|0x0000000727800000, 0x0000000727c00000, 0x0000000727c00000|100%| E|CS|TAMS 0x0000000727800000| PB 0x0000000727800000| Complete 
| 399|0x0000000727c00000, 0x0000000728000000, 0x0000000728000000|100%| E|CS|TAMS 0x0000000727c00000| PB 0x0000000727c00000| Complete 
| 400|0x0000000728000000, 0x0000000728400000, 0x0000000728400000|100%| E|CS|TAMS 0x0000000728000000| PB 0x0000000728000000| Complete 
| 401|0x0000000728400000, 0x0000000728800000, 0x0000000728800000|100%| E|CS|TAMS 0x0000000728400000| PB 0x0000000728400000| Complete 
| 402|0x0000000728800000, 0x0000000728c00000, 0x0000000728c00000|100%| E|CS|TAMS 0x0000000728800000| PB 0x0000000728800000| Complete 
| 403|0x0000000728c00000, 0x0000000729000000, 0x0000000729000000|100%| E|CS|TAMS 0x0000000728c00000| PB 0x0000000728c00000| Complete 
| 404|0x0000000729000000, 0x0000000729400000, 0x0000000729400000|100%| E|CS|TAMS 0x0000000729000000| PB 0x0000000729000000| Complete 
| 405|0x0000000729400000, 0x0000000729800000, 0x0000000729800000|100%| E|CS|TAMS 0x0000000729400000| PB 0x0000000729400000| Complete 
| 406|0x0000000729800000, 0x0000000729c00000, 0x0000000729c00000|100%| E|CS|TAMS 0x0000000729800000| PB 0x0000000729800000| Complete 
| 407|0x0000000729c00000, 0x000000072a000000, 0x000000072a000000|100%| E|CS|TAMS 0x0000000729c00000| PB 0x0000000729c00000| Complete 
| 408|0x000000072a000000, 0x000000072a400000, 0x000000072a400000|100%| E|CS|TAMS 0x000000072a000000| PB 0x000000072a000000| Complete 
| 409|0x000000072a400000, 0x000000072a800000, 0x000000072a800000|100%| E|CS|TAMS 0x000000072a400000| PB 0x000000072a400000| Complete 
| 410|0x000000072a800000, 0x000000072ac00000, 0x000000072ac00000|100%| E|CS|TAMS 0x000000072a800000| PB 0x000000072a800000| Complete 
| 411|0x000000072ac00000, 0x000000072b000000, 0x000000072b000000|100%| E|CS|TAMS 0x000000072ac00000| PB 0x000000072ac00000| Complete 
| 412|0x000000072b000000, 0x000000072b400000, 0x000000072b400000|100%| E|CS|TAMS 0x000000072b000000| PB 0x000000072b000000| Complete 
| 413|0x000000072b400000, 0x000000072b800000, 0x000000072b800000|100%| E|CS|TAMS 0x000000072b400000| PB 0x000000072b400000| Complete 
| 414|0x000000072b800000, 0x000000072bc00000, 0x000000072bc00000|100%| E|CS|TAMS 0x000000072b800000| PB 0x000000072b800000| Complete 
| 415|0x000000072bc00000, 0x000000072c000000, 0x000000072c000000|100%| E|CS|TAMS 0x000000072bc00000| PB 0x000000072bc00000| Complete 
| 416|0x000000072c000000, 0x000000072c400000, 0x000000072c400000|100%| E|CS|TAMS 0x000000072c000000| PB 0x000000072c000000| Complete 
| 417|0x000000072c400000, 0x000000072c800000, 0x000000072c800000|100%| E|CS|TAMS 0x000000072c400000| PB 0x000000072c400000| Complete 
| 418|0x000000072c800000, 0x000000072cc00000, 0x000000072cc00000|100%| E|CS|TAMS 0x000000072c800000| PB 0x000000072c800000| Complete 
| 419|0x000000072cc00000, 0x000000072d000000, 0x000000072d000000|100%| E|CS|TAMS 0x000000072cc00000| PB 0x000000072cc00000| Complete 
| 420|0x000000072d000000, 0x000000072d400000, 0x000000072d400000|100%| E|CS|TAMS 0x000000072d000000| PB 0x000000072d000000| Complete 
| 421|0x000000072d400000, 0x000000072d800000, 0x000000072d800000|100%| E|CS|TAMS 0x000000072d400000| PB 0x000000072d400000| Complete 
| 422|0x000000072d800000, 0x000000072dc00000, 0x000000072dc00000|100%| E|CS|TAMS 0x000000072d800000| PB 0x000000072d800000| Complete 
| 423|0x000000072dc00000, 0x000000072e000000, 0x000000072e000000|100%| E|CS|TAMS 0x000000072dc00000| PB 0x000000072dc00000| Complete 
| 424|0x000000072e000000, 0x000000072e400000, 0x000000072e400000|100%| E|CS|TAMS 0x000000072e000000| PB 0x000000072e000000| Complete 
| 425|0x000000072e400000, 0x000000072e800000, 0x000000072e800000|100%| E|CS|TAMS 0x000000072e400000| PB 0x000000072e400000| Complete 
| 426|0x000000072e800000, 0x000000072ec00000, 0x000000072ec00000|100%| E|CS|TAMS 0x000000072e800000| PB 0x000000072e800000| Complete 
| 427|0x000000072ec00000, 0x000000072f000000, 0x000000072f000000|100%| E|CS|TAMS 0x000000072ec00000| PB 0x000000072ec00000| Complete 
| 428|0x000000072f000000, 0x000000072f400000, 0x000000072f400000|100%| E|CS|TAMS 0x000000072f000000| PB 0x000000072f000000| Complete 
| 429|0x000000072f400000, 0x000000072f800000, 0x000000072f800000|100%| E|CS|TAMS 0x000000072f400000| PB 0x000000072f400000| Complete 
| 430|0x000000072f800000, 0x000000072fc00000, 0x000000072fc00000|100%| E|CS|TAMS 0x000000072f800000| PB 0x000000072f800000| Complete 
| 431|0x000000072fc00000, 0x0000000730000000, 0x0000000730000000|100%| E|CS|TAMS 0x000000072fc00000| PB 0x000000072fc00000| Complete 
| 432|0x0000000730000000, 0x0000000730400000, 0x0000000730400000|100%| E|CS|TAMS 0x0000000730000000| PB 0x0000000730000000| Complete 
| 433|0x0000000730400000, 0x0000000730800000, 0x0000000730800000|100%| E|CS|TAMS 0x0000000730400000| PB 0x0000000730400000| Complete 
| 434|0x0000000730800000, 0x0000000730c00000, 0x0000000730c00000|100%| E|CS|TAMS 0x0000000730800000| PB 0x0000000730800000| Complete 
| 435|0x0000000730c00000, 0x0000000731000000, 0x0000000731000000|100%| E|CS|TAMS 0x0000000730c00000| PB 0x0000000730c00000| Complete 
| 436|0x0000000731000000, 0x0000000731400000, 0x0000000731400000|100%| E|CS|TAMS 0x0000000731000000| PB 0x0000000731000000| Complete 
| 437|0x0000000731400000, 0x0000000731800000, 0x0000000731800000|100%| E|CS|TAMS 0x0000000731400000| PB 0x0000000731400000| Complete 
| 438|0x0000000731800000, 0x0000000731c00000, 0x0000000731c00000|100%| E|CS|TAMS 0x0000000731800000| PB 0x0000000731800000| Complete 
| 439|0x0000000731c00000, 0x0000000732000000, 0x0000000732000000|100%| E|CS|TAMS 0x0000000731c00000| PB 0x0000000731c00000| Complete 
|1260|0x00000007ff000000, 0x00000007ff400000, 0x00000007ff400000|100%| E|CS|TAMS 0x00000007ff000000| PB 0x00000007ff000000| Complete 
|1261|0x00000007ff400000, 0x00000007ff800000, 0x00000007ff800000|100%| E|CS|TAMS 0x00000007ff400000| PB 0x00000007ff400000| Complete 
|1262|0x00000007ff800000, 0x00000007ffc00000, 0x00000007ffc00000|100%| E|CS|TAMS 0x00000007ff800000| PB 0x00000007ff800000| Complete 
|1263|0x00000007ffc00000, 0x0000000800000000, 0x0000000800000000|100%| E|CS|TAMS 0x00000007ffc00000| PB 0x00000007ffc00000| Complete 

Card table byte_map: [0x000001ba9ec10000,0x000001ba9f5f0000] _byte_map_base: 0x000001ba9b5f0000

Marking Bits: (CMBitMap*) 0x000001ba8b5d0490
 Bits: [0x000001ba9f5f0000, 0x000001baa44f0000)

Polling page: 0x000001ba89360000

Metaspace:

Usage:
  Non-class:     28.90 MB used.
      Class:      4.20 MB used.
       Both:     33.10 MB used.

Virtual space:
  Non-class space:       64.00 MB reserved,      29.19 MB ( 46%) committed,  1 nodes.
      Class space:        1.00 GB reserved,       4.44 MB ( <1%) committed,  1 nodes.
             Both:        1.06 GB reserved,      33.62 MB (  3%) committed. 

Chunk freelists:
   Non-Class:  2.73 MB
       Class:  11.55 MB
        Both:  14.28 MB

MaxMetaspaceSize: unlimited
CompressedClassSpaceSize: 1.00 GB
Initial GC threshold: 21.00 MB
Current GC threshold: 55.56 MB
CDS: on
 - commit_granule_bytes: 65536.
 - commit_granule_words: 8192.
 - virtual_space_node_default_size: 8388608.
 - enlarge_chunks_in_place: 1.
 - use_allocation_guard: 0.


Internal statistics:

num_allocs_failed_limit: 3.
num_arena_births: 648.
num_arena_deaths: 0.
num_vsnodes_births: 2.
num_vsnodes_deaths: 0.
num_space_committed: 538.
num_space_uncommitted: 0.
num_chunks_returned_to_freelist: 3.
num_chunks_taken_from_freelist: 1722.
num_chunk_merges: 3.
num_chunk_splits: 1134.
num_chunks_enlarged: 762.
num_inconsistent_stats: 0.

CodeHeap 'non-profiled nmethods': size=120000Kb used=6394Kb max_used=6411Kb free=113605Kb
 bounds [0x000001ba969d0000, 0x000001ba97020000, 0x000001ba9df00000]
CodeHeap 'profiled nmethods': size=120000Kb used=13663Kb max_used=15760Kb free=106336Kb
 bounds [0x000001ba8ef00000, 0x000001ba8fe70000, 0x000001ba96430000]
CodeHeap 'non-nmethods': size=5760Kb used=2283Kb max_used=2355Kb free=3477Kb
 bounds [0x000001ba96430000, 0x000001ba966a0000, 0x000001ba969d0000]
CodeCache: size=245760Kb, used=22340Kb, max_used=24526Kb, free=223418Kb
 total_blobs=8572, nmethods=7602, adapters=872, full_count=0
Compilation: enabled, stopped_count=0, restarted_count=0

Compilation events (20 events):
Event: 103.031 Thread 0x000001baa6f250c0 nmethod 10067 0x000001ba8fbdfa10 code [0x000001ba8fbdfbe0, 0x000001ba8fbdff48]
Event: 103.031 Thread 0x000001baa6f250c0 10068       3       javafx.scene.control.ScrollBar::getVisibleAmount (21 bytes)
Event: 103.032 Thread 0x000001baa6f250c0 nmethod 10068 0x000001ba8fe1fc90 code [0x000001ba8fe1fe80, 0x000001ba8fe20228]
Event: 107.206 Thread 0x000001baa6f250c0 10069       3       javafx.scene.Node::intersects (47 bytes)
Event: 107.209 Thread 0x000001baa6f250c0 nmethod 10069 0x000001ba8f41d910 code [0x000001ba8f41db60, 0x000001ba8f41e490]
Event: 107.303 Thread 0x000001baa6f21e90 10070       4       javafx.scene.Node::getLocalBounds (162 bytes)
Event: 107.321 Thread 0x000001baa6f21e90 nmethod 10070 0x000001ba96ccf390 code [0x000001ba96ccf680, 0x000001ba96cd01f0]
Event: 107.692 Thread 0x000001baa6f21e90 10071   !   4       javafx.scene.Node::containsBounds (115 bytes)
Event: 107.709 Thread 0x000001baa6f21e90 nmethod 10071 0x000001ba96ccd990 code [0x000001ba96ccdc20, 0x000001ba96cce9d8]
Event: 107.817 Thread 0x000001baa6f21e90 10072       4       javafx.beans.property.ReadOnlyDoubleWrapper$ReadOnlyPropertyImpl::get (8 bytes)
Event: 107.818 Thread 0x000001baa6f21e90 nmethod 10072 0x000001ba96ccd610 code [0x000001ba96ccd7a0, 0x000001ba96ccd888]
Event: 108.674 Thread 0x000001baa6f21e90 10075       4       javafx.util.Duration::equals (33 bytes)
Event: 108.674 Thread 0x000001baa6f250c0 10073       3       javafx.animation.ParallelTransition$3::onProposedChange (213 bytes)
Event: 108.674 Thread 0x000001baa6f21e90 nmethod 10075 0x000001ba96ccd290 code [0x000001ba96ccd420, 0x000001ba96ccd508]
Event: 108.675 Thread 0x000001baa6f250c0 nmethod 10073 0x000001ba8f890190 code [0x000001ba8f890480, 0x000001ba8f891490]
Event: 108.675 Thread 0x000001baa6f250c0 10074       3       javafx.animation.ParallelTransition$2::onChanged (191 bytes)
Event: 108.677 Thread 0x000001baa6f250c0 nmethod 10074 0x000001ba8f840290 code [0x000001ba8f840720, 0x000001ba8f842cb8]
Event: 108.714 Thread 0x000001baa6f21e90 10076       4       com.sun.javafx.geom.transform.Affine2D::deriveWithRotation (77 bytes)
Event: 108.715 Thread 0x000001baa6f21e90 nmethod 10076 0x000001ba96cccf10 code [0x000001ba96ccd0c0, 0x000001ba96ccd1a8]
Event: 108.903 Thread 0x000001baa6f21e90 10077       4       com.sun.prism.d3d.D3DResourceFactory::createPresentable (140 bytes)

GC Heap History (20 events):
Event: 77.397 GC heap before
{Heap before GC invocations=86 (full 0):
 garbage-first heap   total 1810432K, used 1708034K [0x00000006c4000000, 0x0000000800000000)
  region size 4096K, 160 young (655360K), 1 survivors (4096K)
 Metaspace       used 33670K, committed 34176K, reserved 1114112K
  class space    used 4281K, committed 4544K, reserved 1048576K
}
Event: 77.399 GC heap after
{Heap after GC invocations=87 (full 0):
 garbage-first heap   total 1810432K, used 1056774K [0x00000006c4000000, 0x0000000800000000)
  region size 4096K, 1 young (4096K), 1 survivors (4096K)
 Metaspace       used 33670K, committed 34176K, reserved 1114112K
  class space    used 4281K, committed 4544K, reserved 1048576K
}
Event: 77.926 GC heap before
{Heap before GC invocations=88 (full 0):
 garbage-first heap   total 1810432K, used 1708038K [0x00000006c4000000, 0x0000000800000000)
  region size 4096K, 160 young (655360K), 1 survivors (4096K)
 Metaspace       used 33670K, committed 34176K, reserved 1114112K
  class space    used 4281K, committed 4544K, reserved 1048576K
}
Event: 77.927 GC heap after
{Heap after GC invocations=89 (full 0):
 garbage-first heap   total 1810432K, used 1056806K [0x00000006c4000000, 0x0000000800000000)
  region size 4096K, 1 young (4096K), 1 survivors (4096K)
 Metaspace       used 33670K, committed 34176K, reserved 1114112K
  class space    used 4281K, committed 4544K, reserved 1048576K
}
Event: 79.437 GC heap before
{Heap before GC invocations=89 (full 0):
 garbage-first heap   total 1810432K, used 1261606K [0x00000006c4000000, 0x0000000800000000)
  region size 4096K, 52 young (212992K), 1 survivors (4096K)
 Metaspace       used 33677K, committed 34176K, reserved 1114112K
  class space    used 4281K, committed 4544K, reserved 1048576K
}
Event: 79.478 GC heap after
{Heap after GC invocations=90 (full 1):
 garbage-first heap   total 1810432K, used 1052516K [0x00000006c4000000, 0x0000000800000000)
  region size 4096K, 0 young (0K), 0 survivors (0K)
 Metaspace       used 33677K, committed 34176K, reserved 1114112K
  class space    used 4281K, committed 4544K, reserved 1048576K
}
Event: 88.543 GC heap before
{Heap before GC invocations=90 (full 1):
 garbage-first heap   total 1810432K, used 1351524K [0x00000006c4000000, 0x0000000800000000)
  region size 4096K, 74 young (303104K), 0 survivors (0K)
 Metaspace       used 33769K, committed 34240K, reserved 1114112K
  class space    used 4286K, committed 4544K, reserved 1048576K
}
Event: 88.544 GC heap after
{Heap after GC invocations=91 (full 1):
 garbage-first heap   total 1810432K, used 1052657K [0x00000006c4000000, 0x0000000800000000)
  region size 4096K, 1 young (4096K), 1 survivors (4096K)
 Metaspace       used 33769K, committed 34240K, reserved 1114112K
  class space    used 4286K, committed 4544K, reserved 1048576K
}
Event: 92.209 GC heap before
{Heap before GC invocations=92 (full 1):
 garbage-first heap   total 1818624K, used 1724401K [0x00000006c4000000, 0x0000000800000000)
  region size 4096K, 159 young (651264K), 1 survivors (4096K)
 Metaspace       used 33773K, committed 34240K, reserved 1114112K
  class space    used 4286K, committed 4544K, reserved 1048576K
}
Event: 92.210 GC heap after
{Heap after GC invocations=93 (full 1):
 garbage-first heap   total 1818624K, used 1077176K [0x00000006c4000000, 0x0000000800000000)
  region size 4096K, 1 young (4096K), 1 survivors (4096K)
 Metaspace       used 33773K, committed 34240K, reserved 1114112K
  class space    used 4286K, committed 4544K, reserved 1048576K
}
Event: 92.248 GC heap before
{Heap before GC invocations=93 (full 1):
 garbage-first heap   total 1818624K, used 1707960K [0x00000006c4000000, 0x0000000800000000)
  region size 4096K, 155 young (634880K), 1 survivors (4096K)
 Metaspace       used 33773K, committed 34240K, reserved 1114112K
  class space    used 4286K, committed 4544K, reserved 1048576K
}
Event: 92.249 GC heap after
{Heap after GC invocations=94 (full 1):
 garbage-first heap   total 1818624K, used 1077191K [0x00000006c4000000, 0x0000000800000000)
  region size 4096K, 1 young (4096K), 1 survivors (4096K)
 Metaspace       used 33773K, committed 34240K, reserved 1114112K
  class space    used 4286K, committed 4544K, reserved 1048576K
}
Event: 92.304 GC heap before
{Heap before GC invocations=94 (full 1):
 garbage-first heap   total 1818624K, used 1707975K [0x00000006c4000000, 0x0000000800000000)
  region size 4096K, 155 young (634880K), 1 survivors (4096K)
 Metaspace       used 33773K, committed 34240K, reserved 1114112K
  class space    used 4286K, committed 4544K, reserved 1048576K
}
Event: 92.305 GC heap after
{Heap after GC invocations=95 (full 1):
 garbage-first heap   total 1818624K, used 1077185K [0x00000006c4000000, 0x0000000800000000)
  region size 4096K, 1 young (4096K), 1 survivors (4096K)
 Metaspace       used 33773K, committed 34240K, reserved 1114112K
  class space    used 4286K, committed 4544K, reserved 1048576K
}
Event: 92.332 GC heap before
{Heap before GC invocations=95 (full 1):
 garbage-first heap   total 1818624K, used 1707969K [0x00000006c4000000, 0x0000000800000000)
  region size 4096K, 155 young (634880K), 1 survivors (4096K)
 Metaspace       used 33773K, committed 34240K, reserved 1114112K
  class space    used 4286K, committed 4544K, reserved 1048576K
}
Event: 92.333 GC heap after
{Heap after GC invocations=96 (full 1):
 garbage-first heap   total 1818624K, used 1077188K [0x00000006c4000000, 0x0000000800000000)
  region size 4096K, 1 young (4096K), 1 survivors (4096K)
 Metaspace       used 33773K, committed 34240K, reserved 1114112K
  class space    used 4286K, committed 4544K, reserved 1048576K
}
Event: 92.364 GC heap before
{Heap before GC invocations=96 (full 1):
 garbage-first heap   total 1818624K, used 1707972K [0x00000006c4000000, 0x0000000800000000)
  region size 4096K, 155 young (634880K), 1 survivors (4096K)
 Metaspace       used 33773K, committed 34240K, reserved 1114112K
  class space    used 4286K, committed 4544K, reserved 1048576K
}
Event: 92.365 GC heap after
{Heap after GC invocations=97 (full 1):
 garbage-first heap   total 1818624K, used 1077190K [0x00000006c4000000, 0x0000000800000000)
  region size 4096K, 1 young (4096K), 1 survivors (4096K)
 Metaspace       used 33773K, committed 34240K, reserved 1114112K
  class space    used 4286K, committed 4544K, reserved 1048576K
}
Event: 92.394 GC heap before
{Heap before GC invocations=98 (full 1):
 garbage-first heap   total 1818624K, used 1707974K [0x00000006c4000000, 0x0000000800000000)
  region size 4096K, 155 young (634880K), 1 survivors (4096K)
 Metaspace       used 33781K, committed 34304K, reserved 1114112K
  class space    used 4288K, committed 4544K, reserved 1048576K
}
Event: 92.396 GC heap after
{Heap after GC invocations=99 (full 1):
 garbage-first heap   total 1818624K, used 1077192K [0x00000006c4000000, 0x0000000800000000)
  region size 4096K, 1 young (4096K), 1 survivors (4096K)
 Metaspace       used 33781K, committed 34304K, reserved 1114112K
  class space    used 4288K, committed 4544K, reserved 1048576K
}

Dll operation events (20 events):
Event: 0.302 Loaded shared library C:\Users\user\.openjfx\cache\21+31\amd64\api-ms-win-crt-string-l1-1-0.dll
Event: 0.304 Loaded shared library C:\Users\user\.openjfx\cache\21+31\amd64\api-ms-win-crt-time-l1-1-0.dll
Event: 0.305 Loaded shared library C:\Users\user\.openjfx\cache\21+31\amd64\api-ms-win-crt-utility-l1-1-0.dll
Event: 0.315 Loaded shared library C:\Users\user\.openjfx\cache\21+31\amd64\ucrtbase.dll
Event: 0.318 Loaded shared library C:\Users\user\.openjfx\cache\21+31\amd64\vcruntime140.dll
Event: 0.321 Loaded shared library C:\Users\user\.openjfx\cache\21+31\amd64\vcruntime140_1.dll
Event: 0.326 Loaded shared library C:\Users\user\.openjfx\cache\21+31\amd64\msvcp140.dll
Event: 0.328 Loaded shared library C:\Users\user\.openjfx\cache\21+31\amd64\msvcp140_1.dll
Event: 0.331 Loaded shared library C:\Users\user\.openjfx\cache\21+31\amd64\msvcp140_2.dll
Event: 0.360 Loaded shared library C:\Users\user\.openjfx\cache\21+31\amd64\prism_d3d.dll
Event: 1.063 Loaded shared library C:\Users\user\.openjfx\cache\21+31\amd64\glass.dll
Event: 1.160 Loaded shared library C:\Users\user\.p2\pool\plugins\org.eclipse.justj.openjdk.hotspot.jre.full.win32.x86_64_21.0.8.v20250724-1412\jre\bin\jimage.dll
Event: 1.351 Loaded shared library C:\Users\user\.openjfx\cache\21+31\amd64\javafx_font.dll
Event: 1.698 Loaded shared library C:\Users\user\.openjfx\cache\21+31\amd64\glib-lite.dll
Event: 1.714 Loaded shared library C:\Users\user\.openjfx\cache\21+31\amd64\gstreamer-lite.dll
Event: 1.729 Loaded shared library C:\Users\user\.openjfx\cache\21+31\amd64\jfxmedia.dll
Event: 42.433 Loaded shared library C:\Users\user\.p2\pool\plugins\org.eclipse.justj.openjdk.hotspot.jre.full.win32.x86_64_21.0.8.v20250724-1412\jre\bin\extnet.dll
Event: 42.575 Loaded shared library C:\Users\user\.p2\pool\plugins\org.eclipse.justj.openjdk.hotspot.jre.full.win32.x86_64_21.0.8.v20250724-1412\jre\bin\verify.dll
Event: 43.126 Loaded shared library C:\Users\user\.openjfx\cache\21+31\amd64\javafx_iio.dll
Event: 43.878 Loaded shared library C:\Users\user\.p2\pool\plugins\org.eclipse.justj.openjdk.hotspot.jre.full.win32.x86_64_21.0.8.v20250724-1412\jre\bin\sunmscapi.dll

Deoptimization events (20 events):
Event: 102.681 Thread 0x000001baecbadbc0 Uncommon trap: trap_request=0xffffffc6 fr.pc=0x000001ba96f33cd8 relative=0x00000000000011d8
Event: 102.681 Thread 0x000001baecbadbc0 Uncommon trap: reason=bimorphic_or_optimized_type_check action=maybe_recompile pc=0x000001ba96f33cd8 method=java.util.Properties$LineReader.readLine()I @ 70 c2
Event: 102.681 Thread 0x000001baecbadbc0 DEOPT PACKING pc=0x000001ba96f33cd8 sp=0x00000076a4cfe0e0
Event: 102.681 Thread 0x000001baecbadbc0 DEOPT UNPACKING pc=0x000001ba96487da2 sp=0x00000076a4cfe080 mode 2
Event: 102.681 Thread 0x000001baecbadbc0 Uncommon trap: trap_request=0xffffffc6 fr.pc=0x000001ba96d663b4 relative=0x0000000000000994
Event: 102.681 Thread 0x000001baecbadbc0 Uncommon trap: reason=bimorphic_or_optimized_type_check action=maybe_recompile pc=0x000001ba96d663b4 method=java.io.FilterInputStream.read([B)I @ 5 c2
Event: 102.681 Thread 0x000001baecbadbc0 DEOPT PACKING pc=0x000001ba96d663b4 sp=0x00000076a4cfe020
Event: 102.681 Thread 0x000001baecbadbc0 DEOPT UNPACKING pc=0x000001ba96487da2 sp=0x00000076a4cfe008 mode 2
Event: 107.170 Thread 0x000001baecd64ce0 Uncommon trap: trap_request=0xffffff45 fr.pc=0x000001ba96dca2e8 relative=0x0000000000000e08
Event: 107.170 Thread 0x000001baecd64ce0 Uncommon trap: reason=unstable_if action=reinterpret pc=0x000001ba96dca2e8 method=javafx.scene.shape.Rectangle.doConfigShape()Lcom/sun/javafx/geom/RoundRectangle2D; @ 6 c2
Event: 107.170 Thread 0x000001baecd64ce0 DEOPT PACKING pc=0x000001ba96dca2e8 sp=0x00000076a2dfd6b0
Event: 107.171 Thread 0x000001baecd64ce0 DEOPT UNPACKING pc=0x000001ba96487da2 sp=0x00000076a2dfd060 mode 2
Event: 107.977 Thread 0x000001baecd64ce0 Uncommon trap: trap_request=0xffffff45 fr.pc=0x000001ba96fd9964 relative=0x0000000000001224
Event: 107.977 Thread 0x000001baecd64ce0 Uncommon trap: reason=unstable_if action=reinterpret pc=0x000001ba96fd9964 method=com.sun.javafx.scene.input.PickResultChooser.toPickResult()Ljavafx/scene/input/PickResult; @ 4 c2
Event: 107.977 Thread 0x000001baecd64ce0 DEOPT PACKING pc=0x000001ba96fd9964 sp=0x00000076a2dfe0c0
Event: 107.977 Thread 0x000001baecd64ce0 DEOPT UNPACKING pc=0x000001ba96487da2 sp=0x00000076a2dfdfe0 mode 2
Event: 107.977 Thread 0x000001baecd64ce0 Uncommon trap: trap_request=0xffffff45 fr.pc=0x000001ba96e21ee8 relative=0x00000000000000a8
Event: 107.977 Thread 0x000001baecd64ce0 Uncommon trap: reason=unstable_if action=reinterpret pc=0x000001ba96e21ee8 method=javafx.scene.Scene$MouseHandler$1.run()V @ 20 c2
Event: 107.977 Thread 0x000001baecd64ce0 DEOPT PACKING pc=0x000001ba96e21ee8 sp=0x00000076a2dfeb50
Event: 107.977 Thread 0x000001baecd64ce0 DEOPT UNPACKING pc=0x000001ba96487da2 sp=0x00000076a2dfead8 mode 2

Classes loaded (20 events):
Event: 47.955 Loading class java/nio/BufferOverflowException
Event: 47.955 Loading class java/nio/BufferOverflowException done
Event: 53.423 Loading class java/util/Base64
Event: 53.423 Loading class java/util/Base64 done
Event: 53.424 Loading class java/util/Base64$Decoder
Event: 53.424 Loading class java/util/Base64$Decoder done
Event: 53.424 Loading class java/util/Base64$Encoder
Event: 53.424 Loading class java/util/Base64$Encoder done
Event: 79.536 Loading class java/lang/Throwable$WrappedPrintStream
Event: 79.536 Loading class java/lang/Throwable$PrintStreamOrWriter
Event: 79.536 Loading class java/lang/Throwable$PrintStreamOrWriter done
Event: 79.536 Loading class java/lang/Throwable$WrappedPrintStream done
Event: 102.673 Loading class javax/crypto/NoSuchPaddingException
Event: 102.674 Loading class javax/crypto/NoSuchPaddingException done
Event: 102.674 Loading class javax/crypto/IllegalBlockSizeException
Event: 102.675 Loading class javax/crypto/IllegalBlockSizeException done
Event: 102.675 Loading class javax/crypto/BadPaddingException
Event: 102.675 Loading class javax/crypto/BadPaddingException done
Event: 102.675 Loading class java/io/StringReader
Event: 102.676 Loading class java/io/StringReader done

Classes unloaded (0 events):
No events

Classes redefined (0 events):
No events

Internal exceptions (20 events):
Event: 79.574 Thread 0x000001baec90f510 Exception <a 'java/lang/NullPointerException'{0x00000007ffd650a0}> (0x00000007ffd650a0) 
thrown [s\src\hotspot\share\runtime\sharedRuntime.cpp, line 625]
Event: 79.575 Thread 0x000001baec90f510 Implicit null exception at 0x000001ba8f4896ed to 0x000001ba8f4898c8
Event: 79.575 Thread 0x000001baec90f510 Exception <a 'java/lang/NullPointerException'{0x00000007ffd6b448}> (0x00000007ffd6b448) 
thrown [s\src\hotspot\share\runtime\sharedRuntime.cpp, line 625]
Event: 79.576 Thread 0x000001baec90f510 Implicit null exception at 0x000001ba8f4896ed to 0x000001ba8f4898c8
Event: 79.576 Thread 0x000001baec90f510 Exception <a 'java/lang/NullPointerException'{0x00000007ffd6f650}> (0x00000007ffd6f650) 
thrown [s\src\hotspot\share\runtime\sharedRuntime.cpp, line 625]
Event: 79.577 Thread 0x000001baec90f510 Implicit null exception at 0x000001ba8f4896ed to 0x000001ba8f4898c8
Event: 79.577 Thread 0x000001baec90f510 Exception <a 'java/lang/NullPointerException'{0x00000007ffd73858}> (0x00000007ffd73858) 
thrown [s\src\hotspot\share\runtime\sharedRuntime.cpp, line 625]
Event: 79.578 Thread 0x000001baec90f510 Implicit null exception at 0x000001ba8f4896ed to 0x000001ba8f4898c8
Event: 79.578 Thread 0x000001baec90f510 Exception <a 'java/lang/NullPointerException'{0x00000007ffd79c08}> (0x00000007ffd79c08) 
thrown [s\src\hotspot\share\runtime\sharedRuntime.cpp, line 625]
Event: 79.579 Thread 0x000001baec90f510 Implicit null exception at 0x000001ba8f4896ed to 0x000001ba8f4898c8
Event: 79.579 Thread 0x000001baec90f510 Exception <a 'java/lang/NullPointerException'{0x00000007ffd7de10}> (0x00000007ffd7de10) 
thrown [s\src\hotspot\share\runtime\sharedRuntime.cpp, line 625]
Event: 79.580 Thread 0x000001baec90f510 Implicit null exception at 0x000001ba8f4896ed to 0x000001ba8f4898c8
Event: 79.580 Thread 0x000001baec90f510 Exception <a 'java/lang/NullPointerException'{0x00000007ffd82018}> (0x00000007ffd82018) 
thrown [s\src\hotspot\share\runtime\sharedRuntime.cpp, line 625]
Event: 79.582 Thread 0x000001baec90f510 Implicit null exception at 0x000001ba8f4896ed to 0x000001ba8f4898c8
Event: 79.582 Thread 0x000001baec90f510 Exception <a 'java/lang/NullPointerException'{0x00000007ffd86220}> (0x00000007ffd86220) 
thrown [s\src\hotspot\share\runtime\sharedRuntime.cpp, line 625]
Event: 83.397 Thread 0x000001baecd64ce0 Exception <a 'java/lang/NoSuchMethodError'{0x0000000722039710}: 'java.lang.Object java.lang.invoke.DirectMethodHandle$Holder.newInvokeSpecial(java.lang.Object, java.lang.Object, double, java.lang.Object, int)'> (0x0000000722039710) 
thrown [s\src\hotspot\share\interpreter\linkResolver.cpp, line 773]
Event: 92.103 Thread 0x000001baecd64ce0 Exception <a 'java/lang/NullPointerException'{0x0000000722002510}> (0x0000000722002510) 
thrown [s\src\hotspot\share\interpreter\linkResolver.cpp, line 1456]
Event: 95.141 Thread 0x000001baecd64ce0 Implicit null exception at 0x000001ba96d563f1 to 0x000001ba96d567b4
Event: 96.229 Thread 0x000001baecd64ce0 Implicit null exception at 0x000001ba96fd40a0 to 0x000001ba96fd4454
Event: 102.693 Thread 0x000001baecbadbc0 Exception <a 'java/lang/NoSuchMethodError'{0x000000070fa91c48}: 'void java.lang.invoke.DirectMethodHandle$Holder.invokeInterface(java.lang.Object, java.lang.Object)'> (0x000000070fa91c48) 
thrown [s\src\hotspot\share\interpreter\linkResolver.cpp, line 773]

ZGC Phase Switch (0 events):
No events

VM Operations (20 events):
Event: 92.363 Executing VM operation: G1CollectForAllocation (G1 Evacuation Pause)
Event: 92.365 Executing VM operation: G1CollectForAllocation (G1 Evacuation Pause) done
Event: 92.373 Executing VM operation: G1PauseCleanup
Event: 92.373 Executing VM operation: G1PauseCleanup done
Event: 92.394 Executing VM operation: G1CollectForAllocation (G1 Evacuation Pause)
Event: 92.396 Executing VM operation: G1CollectForAllocation (G1 Evacuation Pause) done
Event: 93.396 Executing VM operation: Cleanup
Event: 93.396 Executing VM operation: Cleanup done
Event: 95.397 Executing VM operation: Cleanup
Event: 95.397 Executing VM operation: Cleanup done
Event: 98.399 Executing VM operation: Cleanup
Event: 98.399 Executing VM operation: Cleanup done
Event: 99.400 Executing VM operation: Cleanup
Event: 99.400 Executing VM operation: Cleanup done
Event: 102.401 Executing VM operation: Cleanup
Event: 102.401 Executing VM operation: Cleanup done
Event: 103.401 Executing VM operation: Cleanup
Event: 103.401 Executing VM operation: Cleanup done
Event: 108.404 Executing VM operation: Cleanup
Event: 108.404 Executing VM operation: Cleanup done

Memory protections (0 events):
No events

Nmethod flushes (20 events):
Event: 92.354 Thread 0x000001baa6ef5540 flushing  nmethod 0x000001ba8fe19290
Event: 92.354 Thread 0x000001baa6ef5540 flushing  nmethod 0x000001ba8fe1b490
Event: 92.354 Thread 0x000001baa6ef5540 flushing  nmethod 0x000001ba96e0d590
Event: 92.354 Thread 0x000001baa6ef5540 flushing  nmethod 0x000001ba8ef35590
Event: 92.354 Thread 0x000001baa6ef5540 flushing  nmethod 0x000001ba8f0b0a10
Event: 92.354 Thread 0x000001baa6ef5540 flushing  nmethod 0x000001ba8f2b0090
Event: 92.354 Thread 0x000001baa6ef5540 flushing  nmethod 0x000001ba8f339490
Event: 92.354 Thread 0x000001baa6ef5540 flushing  nmethod 0x000001ba8f395590
Event: 92.354 Thread 0x000001baa6ef5540 flushing  nmethod 0x000001ba8f39b390
Event: 92.354 Thread 0x000001baa6ef5540 flushing  nmethod 0x000001ba8f3f2910
Event: 92.354 Thread 0x000001baa6ef5540 flushing  nmethod 0x000001ba8f45aa10
Event: 92.354 Thread 0x000001baa6ef5540 flushing  nmethod 0x000001ba8f4d0110
Event: 92.354 Thread 0x000001baa6ef5540 flushing  nmethod 0x000001ba8f6a2f10
Event: 92.354 Thread 0x000001baa6ef5540 flushing  nmethod 0x000001ba8f807c10
Event: 92.354 Thread 0x000001baa6ef5540 flushing  nmethod 0x000001ba8f818190
Event: 92.354 Thread 0x000001baa6ef5540 flushing  nmethod 0x000001ba8f818910
Event: 92.354 Thread 0x000001baa6ef5540 flushing  nmethod 0x000001ba8f820e10
Event: 92.354 Thread 0x000001baa6ef5540 flushing  nmethod 0x000001ba8f96dd90
Event: 92.354 Thread 0x000001baa6ef5540 flushing  nmethod 0x000001ba8f96e810
Event: 92.354 Thread 0x000001baa6ef5540 flushing  nmethod 0x000001ba8fa05790

Events (20 events):
Event: 92.415 Thread 0x000001baecbaa740 Thread added: 0x000001baecbaa740
Event: 92.415 Thread 0x000001baecbaa740 Thread exited: 0x000001baecbaa740
Event: 92.415 Thread 0x000001baecbac810 Thread added: 0x000001baecbac810
Event: 92.415 Thread 0x000001baecbac810 Thread exited: 0x000001baecbac810
Event: 92.416 Thread 0x000001baecbac810 Thread added: 0x000001baecbac810
Event: 92.416 Thread 0x000001baecbac810 Thread exited: 0x000001baecbac810
Event: 92.416 Thread 0x000001baecbac810 Thread added: 0x000001baecbac810
Event: 92.416 Thread 0x000001baecbac810 Thread exited: 0x000001baecbac810
Event: 92.416 Thread 0x000001baecbadbc0 Thread added: 0x000001baecbadbc0
Event: 92.416 Thread 0x000001baecbadbc0 Thread exited: 0x000001baecbadbc0
Event: 92.418 Thread 0x000001baecbac810 Thread added: 0x000001baecbac810
Event: 92.418 Thread 0x000001baecbac810 Thread exited: 0x000001baecbac810
Event: 92.418 Thread 0x000001baecbac810 Thread added: 0x000001baecbac810
Event: 92.418 Thread 0x000001baecbac810 Thread exited: 0x000001baecbac810
Event: 95.375 Thread 0x000001baecd64ce0 Thread added: 0x000001baecbaa740
Event: 96.687 Thread 0x000001baecbaa740 Thread exited: 0x000001baecbaa740
Event: 102.397 Thread 0x000001baecd64ce0 Thread added: 0x000001baecbac810
Event: 102.651 Thread 0x000001baecbad530 Thread added: 0x000001baecbadbc0
Event: 104.027 Thread 0x000001baecbac810 Thread exited: 0x000001baecbac810
Event: 107.699 Thread 0x000001baecbadbc0 Thread exited: 0x000001baecbadbc0


Dynamic libraries:
0x00007ff74b0c0000 - 0x00007ff74b0ce000 	C:\Users\user\.p2\pool\plugins\org.eclipse.justj.openjdk.hotspot.jre.full.win32.x86_64_21.0.8.v20250724-1412\jre\bin\java.exe
0x00007ffb54100000 - 0x00007ffb54367000 	C:\WINDOWS\SYSTEM32\ntdll.dll
0x00007ffb52ec0000 - 0x00007ffb52f89000 	C:\WINDOWS\System32\KERNEL32.DLL
0x00007ffb51220000 - 0x00007ffb51611000 	C:\WINDOWS\System32\KERNELBASE.dll
0x00007ffb51a70000 - 0x00007ffb51bbb000 	C:\WINDOWS\System32\ucrtbase.dll
0x00007ffb417a0000 - 0x00007ffb417be000 	C:\Users\user\.p2\pool\plugins\org.eclipse.justj.openjdk.hotspot.jre.full.win32.x86_64_21.0.8.v20250724-1412\jre\bin\VCRUNTIME140.dll
0x00007ffb3f3e0000 - 0x00007ffb3f3f8000 	C:\Users\user\.p2\pool\plugins\org.eclipse.justj.openjdk.hotspot.jre.full.win32.x86_64_21.0.8.v20250724-1412\jre\bin\jli.dll
0x00007ffb531e0000 - 0x00007ffb533a5000 	C:\WINDOWS\System32\USER32.dll
0x00007ffb34130000 - 0x00007ffb343c3000 	C:\WINDOWS\WinSxS\amd64_microsoft.windows.common-controls_6595b64144ccf1df_6.0.26100.8037_none_3e092faae333b53b\COMCTL32.dll
0x00007ffb51620000 - 0x00007ffb51647000 	C:\WINDOWS\System32\win32u.dll
0x00007ffb53030000 - 0x00007ffb530d9000 	C:\WINDOWS\System32\msvcrt.dll
0x00007ffb53600000 - 0x00007ffb5362b000 	C:\WINDOWS\System32\GDI32.dll
0x00007ffb517c0000 - 0x00007ffb518eb000 	C:\WINDOWS\System32\gdi32full.dll
0x00007ffb51d30000 - 0x00007ffb51dd3000 	C:\WINDOWS\System32\msvcp_win.dll
0x00007ffb52ff0000 - 0x00007ffb53021000 	C:\WINDOWS\System32\IMM32.DLL
0x00007ffb42270000 - 0x00007ffb4227c000 	C:\Users\user\.p2\pool\plugins\org.eclipse.justj.openjdk.hotspot.jre.full.win32.x86_64_21.0.8.v20250724-1412\jre\bin\vcruntime140_1.dll
0x00007ffb31e50000 - 0x00007ffb31edd000 	C:\Users\user\.p2\pool\plugins\org.eclipse.justj.openjdk.hotspot.jre.full.win32.x86_64_21.0.8.v20250724-1412\jre\bin\msvcp140.dll
0x00007ffafb9d0000 - 0x00007ffafc767000 	C:\Users\user\.p2\pool\plugins\org.eclipse.justj.openjdk.hotspot.jre.full.win32.x86_64_21.0.8.v20250724-1412\jre\bin\server\jvm.dll
0x00007ffb52d40000 - 0x00007ffb52dfb000 	C:\WINDOWS\System32\ADVAPI32.dll
0x00007ffb52e10000 - 0x00007ffb52eb7000 	C:\WINDOWS\System32\sechost.dll
0x00007ffb53f70000 - 0x00007ffb54088000 	C:\WINDOWS\System32\RPCRT4.dll
0x00007ffb530e0000 - 0x00007ffb53154000 	C:\WINDOWS\System32\WS2_32.dll
0x00007ffb50810000 - 0x00007ffb5086e000 	C:\WINDOWS\SYSTEM32\POWRPROF.dll
0x00007ffb487e0000 - 0x00007ffb487eb000 	C:\WINDOWS\SYSTEM32\VERSION.dll
0x00007ffb4a530000 - 0x00007ffb4a565000 	C:\WINDOWS\SYSTEM32\WINMM.dll
0x00007ffb507f0000 - 0x00007ffb50804000 	C:\WINDOWS\SYSTEM32\UMPDC.dll
0x00007ffb4f740000 - 0x00007ffb4f75b000 	C:\WINDOWS\SYSTEM32\kernel.appcore.dll
0x00007ffb4bd20000 - 0x00007ffb4bd2a000 	C:\Users\user\.p2\pool\plugins\org.eclipse.justj.openjdk.hotspot.jre.full.win32.x86_64_21.0.8.v20250724-1412\jre\bin\jimage.dll
0x00007ffb4e3c0000 - 0x00007ffb4e602000 	C:\WINDOWS\SYSTEM32\DBGHELP.DLL
0x00007ffb52300000 - 0x00007ffb52682000 	C:\WINDOWS\System32\combase.dll
0x00007ffb52ac0000 - 0x00007ffb52b97000 	C:\WINDOWS\System32\OLEAUT32.dll
0x00007ffb2ba10000 - 0x00007ffb2ba4b000 	C:\WINDOWS\SYSTEM32\dbgcore.DLL
0x00007ffb51bc0000 - 0x00007ffb51c65000 	C:\WINDOWS\System32\bcryptPrimitives.dll
0x00007ffb4bd00000 - 0x00007ffb4bd1f000 	C:\Users\user\.p2\pool\plugins\org.eclipse.justj.openjdk.hotspot.jre.full.win32.x86_64_21.0.8.v20250724-1412\jre\bin\java.dll
0x00007ffb53660000 - 0x00007ffb53dbf000 	C:\WINDOWS\System32\SHELL32.dll
0x00007ffb51650000 - 0x00007ffb517ba000 	C:\WINDOWS\System32\wintypes.dll
0x00007ffb509b0000 - 0x00007ffb51214000 	C:\WINDOWS\System32\windows.storage.dll
0x00007ffb53e70000 - 0x00007ffb53f67000 	C:\WINDOWS\System32\SHCORE.dll
0x00007ffb52710000 - 0x00007ffb52777000 	C:\WINDOWS\System32\shlwapi.dll
0x00007ffb508d0000 - 0x00007ffb508f9000 	C:\WINDOWS\SYSTEM32\profapi.dll
0x00007ffb4bcf0000 - 0x00007ffb4bd00000 	C:\Users\user\.p2\pool\plugins\org.eclipse.justj.openjdk.hotspot.jre.full.win32.x86_64_21.0.8.v20250724-1412\jre\bin\net.dll
0x00007ffb4a8e0000 - 0x00007ffb4aa07000 	C:\WINDOWS\SYSTEM32\WINHTTP.dll
0x00007ffb4fcb0000 - 0x00007ffb4fd1b000 	C:\WINDOWS\system32\mswsock.dll
0x00007ffb42240000 - 0x00007ffb42256000 	C:\Users\user\.p2\pool\plugins\org.eclipse.justj.openjdk.hotspot.jre.full.win32.x86_64_21.0.8.v20250724-1412\jre\bin\nio.dll
0x00007ffb42290000 - 0x00007ffb422a8000 	C:\Users\user\.p2\pool\plugins\org.eclipse.justj.openjdk.hotspot.jre.full.win32.x86_64_21.0.8.v20250724-1412\jre\bin\zip.dll
0x000001ba89750000 - 0x000001ba89753000 	C:\Users\user\.openjfx\cache\21+31\amd64\api-ms-win-core-console-l1-1-0.dll
0x000001ba89760000 - 0x000001ba89763000 	C:\Users\user\.openjfx\cache\21+31\amd64\api-ms-win-core-console-l1-2-0.dll
0x000001ba8b450000 - 0x000001ba8b453000 	C:\Users\user\.openjfx\cache\21+31\amd64\api-ms-win-core-datetime-l1-1-0.dll
0x000001ba8b460000 - 0x000001ba8b463000 	C:\Users\user\.openjfx\cache\21+31\amd64\api-ms-win-core-debug-l1-1-0.dll
0x000001ba8b470000 - 0x000001ba8b473000 	C:\Users\user\.openjfx\cache\21+31\amd64\api-ms-win-core-errorhandling-l1-1-0.dll
0x000001ba8b480000 - 0x000001ba8b484000 	C:\Users\user\.openjfx\cache\21+31\amd64\api-ms-win-core-file-l1-1-0.dll
0x000001ba8b490000 - 0x000001ba8b493000 	C:\Users\user\.openjfx\cache\21+31\amd64\api-ms-win-core-file-l1-2-0.dll
0x000001ba8b4a0000 - 0x000001ba8b4a3000 	C:\Users\user\.openjfx\cache\21+31\amd64\api-ms-win-core-file-l2-1-0.dll
0x000001ba8b4b0000 - 0x000001ba8b4b3000 	C:\Users\user\.openjfx\cache\21+31\amd64\api-ms-win-core-handle-l1-1-0.dll
0x000001ba8b4c0000 - 0x000001ba8b4c3000 	C:\Users\user\.openjfx\cache\21+31\amd64\api-ms-win-core-heap-l1-1-0.dll
0x000001ba8b4d0000 - 0x000001ba8b4d3000 	C:\Users\user\.openjfx\cache\21+31\amd64\api-ms-win-core-interlocked-l1-1-0.dll
0x000001ba8b4e0000 - 0x000001ba8b4e3000 	C:\Users\user\.openjfx\cache\21+31\amd64\api-ms-win-core-libraryloader-l1-1-0.dll
0x000001ba8b4f0000 - 0x000001ba8b4f3000 	C:\Users\user\.openjfx\cache\21+31\amd64\api-ms-win-core-localization-l1-2-0.dll
0x000001ba8b500000 - 0x000001ba8b503000 	C:\Users\user\.openjfx\cache\21+31\amd64\api-ms-win-core-memory-l1-1-0.dll
0x000001ba8b510000 - 0x000001ba8b513000 	C:\Users\user\.openjfx\cache\21+31\amd64\api-ms-win-core-namedpipe-l1-1-0.dll
0x000001baa6f70000 - 0x000001baa6f73000 	C:\Users\user\.openjfx\cache\21+31\amd64\api-ms-win-core-processenvironment-l1-1-0.dll
0x000001baa6f80000 - 0x000001baa6f83000 	C:\Users\user\.openjfx\cache\21+31\amd64\api-ms-win-core-processthreads-l1-1-0.dll
0x000001baa6f90000 - 0x000001baa6f93000 	C:\Users\user\.openjfx\cache\21+31\amd64\api-ms-win-core-processthreads-l1-1-1.dll
0x000001baa6fa0000 - 0x000001baa6fa3000 	C:\Users\user\.openjfx\cache\21+31\amd64\api-ms-win-core-profile-l1-1-0.dll
0x000001baa6fb0000 - 0x000001baa6fb3000 	C:\Users\user\.openjfx\cache\21+31\amd64\api-ms-win-core-rtlsupport-l1-1-0.dll
0x000001baa6fc0000 - 0x000001baa6fc3000 	C:\Users\user\.openjfx\cache\21+31\amd64\api-ms-win-core-string-l1-1-0.dll
0x000001baa6fd0000 - 0x000001baa6fd3000 	C:\Users\user\.openjfx\cache\21+31\amd64\api-ms-win-core-synch-l1-1-0.dll
0x000001baa6fe0000 - 0x000001baa6fe3000 	C:\Users\user\.openjfx\cache\21+31\amd64\api-ms-win-core-synch-l1-2-0.dll
0x000001baa6ff0000 - 0x000001baa6ff3000 	C:\Users\user\.openjfx\cache\21+31\amd64\api-ms-win-core-sysinfo-l1-1-0.dll
0x000001baedbd0000 - 0x000001baedbd3000 	C:\Users\user\.openjfx\cache\21+31\amd64\api-ms-win-core-timezone-l1-1-0.dll
0x000001baedbe0000 - 0x000001baedbe3000 	C:\Users\user\.openjfx\cache\21+31\amd64\api-ms-win-core-util-l1-1-0.dll
0x000001baedbf0000 - 0x000001baedbf3000 	C:\Users\user\.openjfx\cache\21+31\amd64\api-ms-win-crt-conio-l1-1-0.dll
0x000001baedc00000 - 0x000001baedc04000 	C:\Users\user\.openjfx\cache\21+31\amd64\api-ms-win-crt-convert-l1-1-0.dll
0x000001baedc10000 - 0x000001baedc13000 	C:\Users\user\.openjfx\cache\21+31\amd64\api-ms-win-crt-environment-l1-1-0.dll
0x000001baedc20000 - 0x000001baedc23000 	C:\Users\user\.openjfx\cache\21+31\amd64\api-ms-win-crt-filesystem-l1-1-0.dll
0x000001baedc30000 - 0x000001baedc33000 	C:\Users\user\.openjfx\cache\21+31\amd64\api-ms-win-crt-heap-l1-1-0.dll
0x000001baedc40000 - 0x000001baedc43000 	C:\Users\user\.openjfx\cache\21+31\amd64\api-ms-win-crt-locale-l1-1-0.dll
0x000001baedc50000 - 0x000001baedc55000 	C:\Users\user\.openjfx\cache\21+31\amd64\api-ms-win-crt-math-l1-1-0.dll
0x000001baedc60000 - 0x000001baedc65000 	C:\Users\user\.openjfx\cache\21+31\amd64\api-ms-win-crt-multibyte-l1-1-0.dll
0x000001baedc70000 - 0x000001baedc80000 	C:\Users\user\.openjfx\cache\21+31\amd64\api-ms-win-crt-private-l1-1-0.dll
0x000001baedc80000 - 0x000001baedc83000 	C:\Users\user\.openjfx\cache\21+31\amd64\api-ms-win-crt-process-l1-1-0.dll
0x000001baedc90000 - 0x000001baedc94000 	C:\Users\user\.openjfx\cache\21+31\amd64\api-ms-win-crt-runtime-l1-1-0.dll
0x000001baedca0000 - 0x000001baedca4000 	C:\Users\user\.openjfx\cache\21+31\amd64\api-ms-win-crt-stdio-l1-1-0.dll
0x000001baedcb0000 - 0x000001baedcb4000 	C:\Users\user\.openjfx\cache\21+31\amd64\api-ms-win-crt-string-l1-1-0.dll
0x000001baedcc0000 - 0x000001baedcc3000 	C:\Users\user\.openjfx\cache\21+31\amd64\api-ms-win-crt-time-l1-1-0.dll
0x000001baedcd0000 - 0x000001baedcd3000 	C:\Users\user\.openjfx\cache\21+31\amd64\api-ms-win-crt-utility-l1-1-0.dll
0x00007ffb17f90000 - 0x00007ffb1808c000 	C:\Users\user\.openjfx\cache\21+31\amd64\ucrtbase.dll
0x00007ffb35550000 - 0x00007ffb3556b000 	C:\Users\user\.openjfx\cache\21+31\amd64\vcruntime140.dll
0x00007ffb41ad0000 - 0x00007ffb41adc000 	C:\Users\user\.openjfx\cache\21+31\amd64\vcruntime140_1.dll
0x00007ffb00260000 - 0x00007ffb002ee000 	C:\Users\user\.openjfx\cache\21+31\amd64\msvcp140.dll
0x00007ffb52ba0000 - 0x00007ffb52d35000 	C:\WINDOWS\System32\ole32.dll
0x00007ffb41660000 - 0x00007ffb41669000 	C:\Users\user\.openjfx\cache\21+31\amd64\msvcp140_1.dll
0x00007ffb177e0000 - 0x00007ffb1780f000 	C:\Users\user\.openjfx\cache\21+31\amd64\msvcp140_2.dll
0x00007ffb170a0000 - 0x00007ffb170cf000 	C:\Users\user\.openjfx\cache\21+31\amd64\prism_d3d.dll
0x00007ffae3ad0000 - 0x00007ffae3c82000 	C:\WINDOWS\system32\d3d9.dll
0x00007ffb4e280000 - 0x00007ffb4e2ae000 	C:\WINDOWS\SYSTEM32\dwmapi.dll
0x00007ffb4e230000 - 0x00007ffb4e273000 	C:\WINDOWS\SYSTEM32\dxcore.dll
0x00007ffb4dfb0000 - 0x00007ffb4e05a000 	C:\WINDOWS\system32\uxtheme.dll
0x00007ffae8cc0000 - 0x00007ffae8f5f000 	C:\WINDOWS\System32\DriverStore\FileRepository\iigd_dch.inf_amd64_54754d77b2c2ee59\igdumdim64.dll
0x00007ffac3a60000 - 0x00007ffac51cb000 	C:\WINDOWS\System32\DriverStore\FileRepository\iigd_dch.inf_amd64_54754d77b2c2ee59\igd9dxva64.dll
0x00007ffb51e70000 - 0x00007ffb522f7000 	C:\WINDOWS\System32\SETUPAPI.dll
0x00007ffb50520000 - 0x00007ffb50577000 	C:\WINDOWS\SYSTEM32\cfgmgr32.dll
0x00007ffb38a40000 - 0x00007ffb3ab13000 	C:\WINDOWS\System32\DriverStore\FileRepository\iigd_dch.inf_amd64_54754d77b2c2ee59\media_bin_64.dll
0x00007ffb48230000 - 0x00007ffb487db000 	C:\WINDOWS\System32\DriverStore\FileRepository\iigd_dch.inf_amd64_54754d77b2c2ee59\igdgmm64.dll
0x00007ffb4aa60000 - 0x00007ffb4aac0000 	C:\WINDOWS\SYSTEM32\directxdatabasehelper.dll
0x00007ffb04100000 - 0x00007ffb04142000 	C:\Users\user\.openjfx\cache\21+31\amd64\glass.dll
0x00007ffb52780000 - 0x00007ffb5286e000 	C:\WINDOWS\System32\COMDLG32.dll
0x00007ffb534a0000 - 0x00007ffb535fd000 	C:\WINDOWS\System32\MSCTF.dll
0x00007ffb42210000 - 0x00007ffb42238000 	C:\WINDOWS\System32\DriverStore\FileRepository\iigd_dch.inf_amd64_54754d77b2c2ee59\igdinfo64.dll
0x00007ffb42cb0000 - 0x00007ffb47f64000 	C:\WINDOWS\System32\DriverStore\FileRepository\iigd_dch.inf_amd64_54754d77b2c2ee59\igc64.dll
0x00007ffb32950000 - 0x00007ffb32964000 	C:\Users\user\.openjfx\cache\21+31\amd64\javafx_font.dll
0x00007ffafb490000 - 0x00007ffafb52f000 	C:\Users\user\.openjfx\cache\21+31\amd64\glib-lite.dll
0x00007ffaf9320000 - 0x00007ffaf940e000 	C:\Users\user\.openjfx\cache\21+31\amd64\gstreamer-lite.dll
0x00007ffaf9280000 - 0x00007ffaf9314000 	C:\WINDOWS\SYSTEM32\DSOUND.dll
0x00007ffb2b360000 - 0x00007ffb2b397000 	C:\WINDOWS\SYSTEM32\winmmbase.dll
0x00007ffaef600000 - 0x00007ffaef6b1000 	C:\WINDOWS\SYSTEM32\ResampleDmo.DLL
0x00007ffb30080000 - 0x00007ffb3008e000 	C:\WINDOWS\SYSTEM32\msdmo.dll
0x00007ffb09fe0000 - 0x00007ffb0a004000 	C:\Users\user\.openjfx\cache\21+31\amd64\jfxmedia.dll
0x00007ffb09bd0000 - 0x00007ffb09bf4000 	C:\Users\user\.openjfx\cache\21+31\amd64\fxplugins.dll
0x00007ffb41ec0000 - 0x00007ffb420da000 	C:\WINDOWS\SYSTEM32\MFPlat.DLL
0x00007ffb41e80000 - 0x00007ffb41ebc000 	C:\WINDOWS\SYSTEM32\RTWorkQ.DLL
0x00007ffb533e0000 - 0x00007ffb5348e000 	C:\WINDOWS\System32\clbcatq.dll
0x00007ffb47f70000 - 0x00007ffb48008000 	C:\WINDOWS\System32\MMDevApi.dll
0x00007ffb504f0000 - 0x00007ffb5051d000 	C:\WINDOWS\System32\DEVOBJ.dll
0x00007ffb4ffb0000 - 0x00007ffb4ffbc000 	C:\WINDOWS\SYSTEM32\CRYPTBASE.DLL
0x00007ffac7ca0000 - 0x00007ffac7f06000 	C:\Windows\System32\msmpeg2vdec.dll
0x00007ffac25c0000 - 0x00007ffac26f0000 	C:\Windows\System32\mfperfhelper.dll
0x00007ffaed130000 - 0x00007ffaed1ea000 	C:\Windows\System32\msmpeg2adec.dll

JVMTI agents: none

dbghelp: loaded successfully - version: 4.0.5 - missing functions: none
symbol engine: initialized successfully - sym options: 0x614 - pdb path: .;C:\Users\user\.p2\pool\plugins\org.eclipse.justj.openjdk.hotspot.jre.full.win32.x86_64_21.0.8.v20250724-1412\jre\bin;C:\WINDOWS\SYSTEM32;C:\WINDOWS\WinSxS\amd64_microsoft.windows.common-controls_6595b64144ccf1df_6.0.26100.8037_none_3e092faae333b53b;C:\Users\user\.p2\pool\plugins\org.eclipse.justj.openjdk.hotspot.jre.full.win32.x86_64_21.0.8.v20250724-1412\jre\bin\server;C:\Users\user\.openjfx\cache\21+31\amd64;C:\WINDOWS\System32\DriverStore\FileRepository\iigd_dch.inf_amd64_54754d77b2c2ee59;C:\Program Files\Common Files\Microsoft Shared\Ink

VM Arguments:
jvm_args: --add-opens=java.base/java.lang.reflect=ALL-UNNAMED --module-path=C:\Users\user\.m2\repository\org\openjfx\javafx-base\21\javafx-base-21-win.jar;C:\Users\user\.m2\repository\org\openjfx\javafx-base\21\javafx-base-21.jar;C:\Users\user\.m2\repository\org\openjfx\javafx-controls\21\javafx-controls-21-win.jar;C:\Users\user\.m2\repository\org\openjfx\javafx-controls\21\javafx-controls-21.jar;C:\Users\user\.m2\repository\org\openjfx\javafx-fxml\21\javafx-fxml-21-win.jar;C:\Users\user\.m2\repository\org\openjfx\javafx-fxml\21\javafx-fxml-21.jar;C:\Users\user\.m2\repository\org\openjfx\javafx-graphics\21\javafx-graphics-21-win.jar;C:\Users\user\.m2\repository\org\openjfx\javafx-graphics\21\javafx-graphics-21.jar;C:\Users\user\.m2\repository\org\openjfx\javafx-media\21\javafx-media-21-win.jar;C:\Users\user\.m2\repository\org\openjfx\javafx-media\21\javafx-media-21.jar;C:\Users\user\.m2\repository\org\openjfx\javafx-web\21\javafx-web-21-win.jar;C:\Users\user\.m2\repository\org\openjfx\javafx-web\21\javafx-web-21.jar --add-modules=javafx.base,javafx.controls,javafx.fxml,javafx.graphics,javafx.media,javafx.web 
java_command: JStream.application
java_class_path (initial): C:\Users\user\git\ProjectS2\JStream\target\classes;C:\Users\user\.m2\repository\com\google\protobuf\protobuf-java\4.31.1\protobuf-java-4.31.1.jar;C:\Users\user\.m2\repository\com\jfoenix\jfoenix\9.0.10\jfoenix-9.0.10.jar;C:\Users\user\.m2\repository\com\mysql\mysql-connector-j\9.6.0\mysql-connector-j-9.6.0.jar;C:\Users\user\.m2\repository\com\sun\activation\jakarta.activation\2.0.1\jakarta.activation-2.0.1.jar;C:\Users\user\.m2\repository\com\sun\mail\jakarta.mail\2.0.1\jakarta.mail-2.0.1.jar;C:\Users\user\.m2\repository\com\zaxxer\HikariCP\5.0.1\HikariCP-5.0.1.jar;C:\Users\user\.m2\repository\de\jensd\fontawesomefx\8.9\fontawesomefx-8.9.jar;C:\Users\user\.m2\repository\de\jensd\fontawesomefx-commons\9.1.2\fontawesomefx-commons-9.1.2.jar;C:\Users\user\.m2\repository\de\jensd\fontawesomefx-controls\9.1.2\fontawesomefx-controls-9.1.2.jar;C:\Users\user\.m2\repository\io\github\palexdev\materialfx-all\11.25.0\materialfx-all-11.25.0.jar;C:\Users\user\.m2\repository\io\github\palexdev\mfxcomponents\11.25.0\mfxcomponents-11.25.0.jar;C:\Users\user\.m2\repository\io\github\palexdev\mfxcore\11.10.0\mfxcore-11.10.0.jar;C:\Users\user\.m2\repository\io\github\palexdev\mfxeffects\11.4.0\mfxeffects-11.4.0.jar;C:\Users\user\.m2\repository\io\github\palexdev\mfxlocalization\11.1.0\mfxlocalization-11.1.0.jar;C:\Users\user\.m2\repository\io\github\palexdev\mfxresources\11.10.0\mfxresources-11.10.0.jar;C:\Users\user\.m2\repository\io\github\palexdev\virtualizedfx\11.9.6\virtualizedfx-11.9.6.jar;C:\Users\user\.m2\repository\org\controlsfx\controlsfx\11.1.1\controlsfx-11.1.1.jar;C:\Users\user\.m2\repository\org\mindrot\jbcrypt\0.4\jbcrypt-0.4.jar;C:\Users\user\.m2\repository\org\slf4j\slf4j-api\2.0.7\slf4j-api-2.0.7.jar;C:\Users\user\.m2\repository\org\slf4j\slf4j-simple\2.0.7\slf4j-simple-2.0.7.jar
Launcher Type: SUN_STANDARD

[Global flags]
     intx CICompilerCount                          = 4                                         {product} {ergonomic}
     uint ConcGCThreads                            = 2                                         {product} {ergonomic}
     uint G1ConcRefinementThreads                  = 8                                         {product} {ergonomic}
   size_t G1HeapRegionSize                         = 4194304                                   {product} {ergonomic}
    uintx GCDrainStackTargetSize                   = 64                                        {product} {ergonomic}
   size_t InitialHeapSize                          = 331350016                                 {product} {ergonomic}
   size_t MarkStackSize                            = 4194304                                   {product} {ergonomic}
   size_t MaxHeapSize                              = 5301600256                                {product} {ergonomic}
   size_t MaxNewSize                               = 3179282432                                {product} {ergonomic}
   size_t MinHeapDeltaBytes                        = 4194304                                   {product} {ergonomic}
   size_t MinHeapSize                              = 8388608                                   {product} {ergonomic}
    uintx NonNMethodCodeHeapSize                   = 5839372                                {pd product} {ergonomic}
    uintx NonProfiledCodeHeapSize                  = 122909434                              {pd product} {ergonomic}
    uintx ProfiledCodeHeapSize                     = 122909434                              {pd product} {ergonomic}
    uintx ReservedCodeCacheSize                    = 251658240                              {pd product} {ergonomic}
     bool SegmentedCodeCache                       = true                                      {product} {ergonomic}
   size_t SoftMaxHeapSize                          = 5301600256                             {manageable} {ergonomic}
     bool UseCompressedOops                        = true                           {product lp64_product} {ergonomic}
     bool UseG1GC                                  = true                                      {product} {ergonomic}
     bool UseLargePagesIndividualAllocation        = false                                  {pd product} {ergonomic}

Logging:
Log output configuration:
 #0: stdout all=warning uptime,level,tags foldmultilines=false
 #1: stderr all=off uptime,level,tags foldmultilines=false

Environment Variables:
PATH=C:/Users/user/.p2/pool/plugins/org.eclipse.justj.openjdk.hotspot.jre.full.win32.x86_64_21.0.8.v20250724-1412/jre/bin/server;C:/Users/user/.p2/pool/plugins/org.eclipse.justj.openjdk.hotspot.jre.full.win32.x86_64_21.0.8.v20250724-1412/jre/bin;C:\Program Files\Common Files\Oracle\Java\javapath;C:\Program Files (x86)\EasyPHP-DevServer-14.1VC9\binaries\php\php_runningversion;C:\PySchool\3.10-32-bit\Scripts;C:\PySchool\3.10-32-bit;C:\WINDOWS\system32;C:\WINDOWS;C:\WINDOWS\System32\Wbem;C:\WINDOWS\System32\WindowsPowerShell\v1.0\;C:\WINDOWS\System32\OpenSSH\;C:\Program Files (x86)\Windows Kits\10\Windows Performance Toolkit\;C:\Program Files\dotnet\;C:\Users\user\AppData\Local\Programs\Python\Python313\Scripts\;C:\Users\user\AppData\Local\Programs\Python\Python313\;C:\Users\user\AppData\Local\Microsoft\WindowsApps;;C:\Users\user\AppData\Local\Programs\Microsoft VS Code\bin;C:\Program Files\JetBrains\PyCharm 2024.1.4\bin;;C:\Users\user\OneDrive\Desktop;
USERNAME=user
OS=Windows_NT
PROCESSOR_IDENTIFIER=Intel64 Family 6 Model 140 Stepping 1, GenuineIntel
TMP=C:\Users\user\AppData\Local\Temp
TEMP=C:\Users\user\AppData\Local\Temp




Periodic native trim disabled

---------------  S Y S T E M  ---------------

OS:
 Windows 11 , 64 bit Build 26100 (10.0.26100.7920)
OS uptime: 6 days 23:36 hours

CPU: total 8 (initial active 8) (4 cores per cpu, 2 threads per core) family 6 model 140 stepping 1 microcode 0xbe, cx8, cmov, fxsr, ht, mmx, 3dnowpref, sse, sse2, sse3, ssse3, sse4.1, sse4.2, popcnt, lzcnt, tsc, tscinvbit, avx, avx2, aes, erms, clmul, bmi1, bmi2, adx, avx512f, avx512dq, avx512cd, avx512bw, avx512vl, sha, fma, vzeroupper, avx512_vpopcntdq, avx512_vpclmulqdq, avx512_vaes, avx512_vnni, clflush, clflushopt, clwb, avx512_vbmi2, avx512_vbmi, rdtscp, rdpid, fsrm, gfni, avx512_bitalg, f16c, pku, cet_ibt, cet_ss, avx512_ifma
Processor Information for processor 0
  Max Mhz: 2419, Current Mhz: 1209, Mhz Limit: 2419
Processor Information for processor 1
  Max Mhz: 2419, Current Mhz: 2419, Mhz Limit: 2419
Processor Information for processor 2
  Max Mhz: 2419, Current Mhz: 2419, Mhz Limit: 2419
Processor Information for processor 3
  Max Mhz: 2419, Current Mhz: 1209, Mhz Limit: 2419
Processor Information for processor 4
  Max Mhz: 2419, Current Mhz: 2419, Mhz Limit: 2419
Processor Information for processor 5
  Max Mhz: 2419, Current Mhz: 2419, Mhz Limit: 2419
Processor Information for processor 6
  Max Mhz: 2419, Current Mhz: 2419, Mhz Limit: 2419
Processor Information for processor 7
  Max Mhz: 2419, Current Mhz: 1209, Mhz Limit: 2419

Memory: 4k page, system-wide physical 20222M (1109M free)
TotalPageFile size 34650M (AvailPageFile size 1M)
current process WorkingSet (physical memory assigned to process): 10826M, peak: 10826M
current process commit charge ("private bytes"): 18190M, peak: 18191M

vm_info: OpenJDK 64-Bit Server VM (21.0.8+9-LTS) for windows-amd64 JRE (21.0.8+9-LTS), built on 2025-07-15T00:00:00Z by "admin" with MS VC++ 17.7 (VS2022)

END.
