#
# There is insufficient memory for the Java Runtime Environment to continue.
# Native memory allocation (mmap) failed to map 4194304 bytes. Error detail: G1 virtual space
# Possible reasons:
#   The system is out of physical RAM or swap space
#   This process is running with CompressedOops enabled, and the Java Heap may be blocking the growth of the native heap
# Possible solutions:
#   Reduce memory load on the system
#   Increase physical memory or swap space
#   Check if swap backing store is full
#   Decrease Java heap size (-Xmx/-Xms)
#   Decrease number of Java threads
#   Decrease Java thread stack sizes (-Xss)
#   Set larger code cache with -XX:ReservedCodeCacheSize=
#   JVM is running with Zero Based Compressed Oops mode in which the Java heap is
#     placed in the first 32GB address space. The Java Heap base address is the
#     maximum limit for the native heap growth. Please use -XX:HeapBaseMinAddress
#     to set the Java Heap base and to place the Java Heap above 32GB virtual address.
# This output file may be truncated or incomplete.
#
#  Out of Memory Error (os_windows.cpp:3713), pid=23668, tid=24392
#
# JRE version: OpenJDK Runtime Environment Temurin-21.0.8+9 (21.0.8+9) (build 21.0.8+9-LTS)
# Java VM: OpenJDK 64-Bit Server VM Temurin-21.0.8+9 (21.0.8+9-LTS, mixed mode, sharing, tiered, compressed oops, compressed class ptrs, g1 gc, windows-amd64)
# No core dump will be written. Minidumps are not enabled by default on client versions of Windows
#

---------------  S U M M A R Y ------------

Command Line: --add-opens=java.base/java.lang.reflect=ALL-UNNAMED --module-path=C:\Users\user\.m2\repository\org\openjfx\javafx-base\21\javafx-base-21-win.jar;C:\Users\user\.m2\repository\org\openjfx\javafx-base\21\javafx-base-21.jar;C:\Users\user\.m2\repository\org\openjfx\javafx-controls\21\javafx-controls-21-win.jar;C:\Users\user\.m2\repository\org\openjfx\javafx-controls\21\javafx-controls-21.jar;C:\Users\user\.m2\repository\org\openjfx\javafx-fxml\21\javafx-fxml-21-win.jar;C:\Users\user\.m2\repository\org\openjfx\javafx-fxml\21\javafx-fxml-21.jar;C:\Users\user\.m2\repository\org\openjfx\javafx-graphics\21\javafx-graphics-21-win.jar;C:\Users\user\.m2\repository\org\openjfx\javafx-graphics\21\javafx-graphics-21.jar;C:\Users\user\.m2\repository\org\openjfx\javafx-media\21\javafx-media-21-win.jar;C:\Users\user\.m2\repository\org\openjfx\javafx-media\21\javafx-media-21.jar;C:\Users\user\.m2\repository\org\openjfx\javafx-web\21\javafx-web-21-win.jar;C:\Users\user\.m2\repository\org\openjfx\javafx-web\21\javafx-web-21.jar --add-modules=javafx.base,javafx.controls,javafx.fxml,javafx.graphics,javafx.media,javafx.web JStream.application

Host: 11th Gen Intel(R) Core(TM) i5-1135G7 @ 2.40GHz, 8 cores, 19G,  Windows 11 , 64 bit Build 26100 (10.0.26100.7920)
Time: Sun Mar 29 05:50:11 2026 Paris, Madrid elapsed time: 14.101634 seconds (0d 0h 0m 14s)

---------------  T H R E A D  ---------------

Current thread (0x000002310a1a5bb0):  JavaThread "Thread-11"        [_thread_in_vm, id=24392, stack(0x0000006b03900000,0x0000006b03a00000) (1024K)]

Stack: [0x0000006b03900000,0x0000006b03a00000]
Native frames: (J=compiled Java code, j=interpreted, Vv=VM code, C=native code)
V  [jvm.dll+0x6d2449]
V  [jvm.dll+0x8ae341]
V  [jvm.dll+0x8b08be]
V  [jvm.dll+0x8b0fa3]
V  [jvm.dll+0x280c96]
V  [jvm.dll+0x6cec15]
V  [jvm.dll+0x6c2c3a]
V  [jvm.dll+0x35867a]
V  [jvm.dll+0x360246]
V  [jvm.dll+0x3b1c9b]
V  [jvm.dll+0x3b2334]
V  [jvm.dll+0x3b1ea6]
V  [jvm.dll+0x32cd2e]
V  [jvm.dll+0x32afcf]
V  [jvm.dll+0x6626f0]
V  [jvm.dll+0x240042]
V  [jvm.dll+0x874027]
V  [jvm.dll+0x72e4a7]
C  0x00000230aef1dda9

The last pc belongs to _new_array_Java (printed below).
Java frames: (J=compiled Java code, j=interpreted, Vv=VM code)
v  ~RuntimeStub::_new_array_Java 0x00000230aef1dda9
J 3114 c2 com.sun.javafx.iio.png.PNGImageLoader2.decodePalette([BLcom/sun/javafx/iio/ImageMetadata;)Lcom/sun/javafx/iio/ImageFrame; javafx.graphics@21 (300 bytes) @ 0x00000230af4d34b0 [0x00000230af4d2920+0x0000000000000b90]
j  com.sun.javafx.iio.png.PNGImageLoader2.load(IIIZZ)Lcom/sun/javafx/iio/ImageFrame;+243 javafx.graphics@21
j  com.sun.javafx.iio.ImageStorage.loadAll(Lcom/sun/javafx/iio/ImageLoader;DDZFZ)[Lcom/sun/javafx/iio/ImageFrame;+55 javafx.graphics@21
j  com.sun.javafx.iio.ImageStorage.loadAll(Ljava/io/InputStream;Lcom/sun/javafx/iio/ImageLoadListener;DDZFZ)[Lcom/sun/javafx/iio/ImageFrame;+49 javafx.graphics@21
j  com.sun.javafx.tk.quantum.PrismImageLoader2.loadAll(Ljava/io/InputStream;DDZZ)V+24 javafx.graphics@21
j  com.sun.javafx.tk.quantum.PrismImageLoader2.<init>(Ljava/io/InputStream;DDZZ)V+13 javafx.graphics@21
j  com.sun.javafx.tk.quantum.PrismImageLoader2$AsyncImageLoader.processStream(Ljava/io/InputStream;)Lcom/sun/javafx/tk/quantum/PrismImageLoader2;+21 javafx.graphics@21
j  com.sun.javafx.tk.quantum.PrismImageLoader2$AsyncImageLoader.processStream(Ljava/io/InputStream;)Ljava/lang/Object;+2 javafx.graphics@21
j  com.sun.javafx.runtime.async.AbstractRemoteResource.call()Ljava/lang/Object;+297 javafx.graphics@21
j  com.sun.javafx.tk.quantum.PrismImageLoader2$AsyncImageLoader.access$001(Lcom/sun/javafx/tk/quantum/PrismImageLoader2$AsyncImageLoader;)Ljava/lang/Object;+1 javafx.graphics@21
j  com.sun.javafx.tk.quantum.PrismImageLoader2$AsyncImageLoader.lambda$call$0()Lcom/sun/javafx/tk/quantum/PrismImageLoader2;+1 javafx.graphics@21
j  com.sun.javafx.tk.quantum.PrismImageLoader2$AsyncImageLoader$$Lambda+0x00000230c1285730.run()Ljava/lang/Object;+4 javafx.graphics@21
j  java.security.AccessController.executePrivileged(Ljava/security/PrivilegedExceptionAction;Ljava/security/AccessControlContext;Ljava/lang/Class;)Ljava/lang/Object;+29 java.base@21.0.8
j  java.security.AccessController.doPrivileged(Ljava/security/PrivilegedExceptionAction;Ljava/security/AccessControlContext;)Ljava/lang/Object;+13 java.base@21.0.8
j  com.sun.javafx.tk.quantum.PrismImageLoader2$AsyncImageLoader.call()Lcom/sun/javafx/tk/quantum/PrismImageLoader2;+10 javafx.graphics@21
j  com.sun.javafx.tk.quantum.PrismImageLoader2$AsyncImageLoader.call()Ljava/lang/Object;+1 javafx.graphics@21
j  com.sun.javafx.runtime.async.AbstractAsyncOperation.lambda$new$0()Ljava/lang/Object;+1 javafx.graphics@21
j  com.sun.javafx.runtime.async.AbstractAsyncOperation$$Lambda+0x00000230c1284c60.call()Ljava/lang/Object;+4 javafx.graphics@21
j  java.util.concurrent.FutureTask.run()V+39 java.base@21.0.8
j  java.util.concurrent.ThreadPoolExecutor.runWorker(Ljava/util/concurrent/ThreadPoolExecutor$Worker;)V+92 java.base@21.0.8
j  java.util.concurrent.ThreadPoolExecutor$Worker.run()V+5 java.base@21.0.8
j  java.lang.Thread.runWith(Ljava/lang/Object;Ljava/lang/Runnable;)V+5 java.base@21.0.8
j  java.lang.Thread.run()V+19 java.base@21.0.8
v  ~StubRoutines::call_stub 0x00000230aedf10e7
--------------------------------------------------------------------------------
Decoding CodeBlob, name: _new_array_Java, at  [0x00000230aef1dd80, 0x00000230aef1ddf0]  112 bytes
[MachCode]
  0x00000230aef1dd80: 4881 ec28 | 0000 0048 | 896c 2420 | 4989 a798 | 0300 0048 | 8bca 418b | d04d 8bc7 | 49ba 70e4 
  0x00000230aef1dda0: 15c7 ff7f | 0000 41ff | d20f 1f84 | 0000 0000 | 004d 89a7 | 9803 0000 | 4d89 a7a0 | 0300 0049 
  0x00000230aef1ddc0: 8b87 f003 | 0000 4d89 | a7f0 0300 | 004d 3b67 | 0875 0648 | 83c4 205d | c333 db49 | ba00 0fdf 
  0x00000230aef1dde0: ae30 0200 | 0048 83c4 | 205d 41ff | e2f4 f4f4 
[/MachCode]
--------------------------------------------------------------------------------


Compiled method (c2) 14170 3114       4       com.sun.javafx.iio.png.PNGImageLoader2::decodePalette (300 bytes)
 total in heap  [0x00000230af4d2710,0x00000230af4d3df0] = 5856
 relocation     [0x00000230af4d2870,0x00000230af4d2910] = 160
 main code      [0x00000230af4d2920,0x00000230af4d3910] = 4080
 stub code      [0x00000230af4d3910,0x00000230af4d3938] = 40
 oops           [0x00000230af4d3938,0x00000230af4d3940] = 8
 metadata       [0x00000230af4d3940,0x00000230af4d3970] = 48
 scopes data    [0x00000230af4d3970,0x00000230af4d3bc8] = 600
 scopes pcs     [0x00000230af4d3bc8,0x00000230af4d3d28] = 352
 dependencies   [0x00000230af4d3d28,0x00000230af4d3d30] = 8
 handler table  [0x00000230af4d3d30,0x00000230af4d3d90] = 96
 nul chk table  [0x00000230af4d3d90,0x00000230af4d3df0] = 96

[Constant Pool (empty)]

[MachCode]
[Entry Point]
  # {method} {0x0000023101cdbe40} 'decodePalette' '([BLcom/sun/javafx/iio/ImageMetadata;)Lcom/sun/javafx/iio/ImageFrame;' in 'com/sun/javafx/iio/png/PNGImageLoader2'
  # this:     rdx:rdx   = 'com/sun/javafx/iio/png/PNGImageLoader2'
  # parm0:    r8:r8     = '[B'
  # parm1:    r9:r9     = 'com/sun/javafx/iio/ImageMetadata'
  #           [sp+0x90]  (sp of caller)
  0x00000230af4d2920: 448b 5208 | 49bb 0000 | 00c0 3002 | 0000 4d03 | d349 3bc2 

  0x00000230af4d2934: ;   {runtime_call ic_miss_stub}
  0x00000230af4d2934: 0f85 46c0 | 96ff 6690 | 0f1f 4000 
[Verified Entry Point]
  0x00000230af4d2940: 8984 2400 | 80ff ff55 | 4881 ec80 | 0000 0090 | 4181 7f20 | 0500 0000 | 0f85 a80f | 0000 4c89 
  0x00000230af4d2960: 4c24 5049 | 8be8 4889 | 5424 5844 | 0fb6 4235 | 4585 c00f | 847d 0500 | 00bb 0400 | 0000 448b 
  0x00000230af4d2980: 521c 4585 | d20f 84b1 | 0c00 0044 | 8b72 18b8 | ffff ff7f | 3d00 0000 | 8075 0833 | d241 83fa 
  0x00000230af4d29a0: ff74 0499 | 41f7 fa3d | 0000 0080 | 7507 33d2 | 83fb ff74 | 0399 f7fb | 443b f00f | 8d8f 0c00 
  0x00000230af4d29c0: 0045 0faf | f28b d341 | 0faf d681 | fa00 0010 | 000f 878d | 0c00 0048 | 63ca 81fa | 0000 1000 
  0x00000230af4d29e0: 0f87 990a | 0000 4d8b | 8fb8 0100 | 0048 83c1 | 174c 8bd1 | 4983 e2f8 | 4d8b d94d | 03da 4d3b 
  0x00000230af4d2a00: 9fc8 0100 | 000f 8374 | 0a00 004d | 899f b801 | 0000 410f | 0d8b c000 | 0000 49c7 | 0101 0000 
  0x00000230af4d2a20: 0041 0f0d | 8b00 0100 

  0x00000230af4d2a28: ;   {metadata({type array byte})}
  0x00000230af4d2a28: 0041 c741 | 0818 2300 | 0041 8951 | 0c41 0f0d | 8b40 0100 | 0049 8bf9 | 4883 c710 | 410f 0d8b 
  0x00000230af4d2a48: 8001 0000 | 48c1 e903 | 4883 c1fe | 4833 c048 | 83f9 087f | 1048 ffc9 | 7856 4889 | 04cf 48ff 
  0x00000230af4d2a68: c97d f7eb | 4bc5 fdef | c0e9 0d00 | 0000 c5fe | 7f07 c5fe | 7f47 2048 | 83c7 4048 | 83e9 087d 
  0x00000230af4d2a88: ed48 83c1 | 047c 0cc5 | fe7f 0748 | 83c7 2048 | 83e9 0448 | 83c1 047e | 1748 c7c0 | ffff ffff 
  0x00000230af4d2aa8: c4e2 f0f5 | c0c4 e1fb | 92f8 62f1 | fe2f 7f07 | 4c89 4c24 | 404c 8b54 | 2458 458b | 523c 4963 
  0x00000230af4d2ac8: f64c 8d6e | ff48 63c2 | 4585 c00f | 8427 0400 | 0045 85f6 | 0f84 e501 | 0000 448b | 5d0c 4585 
  0x00000230af4d2ae8: db0f 867d | 0b00 004d | 63db 4d3b | eb0f 8371 | 0b00 0047 | 8b44 d40c | 4585 c00f | 8663 0b00 
  0x00000230af4d2b08: 0047 8b5c | d410 478b | 4cdc 0c85 | d20f 8451 | 0b00 0048 | c1e6 0248 | 8d4e fc48 | 3bc8 0f83 
  0x00000230af4d2b28: ;   {no_reloc}
  0x00000230af4d2b28: 400b 0000 | 4183 f801 | 0f86 360b | 0000 4489 | 4c24 2047 | 8b4c d414 

  0x00000230af4d2b40: ; implicit exception: dispatches to 0x00000230af4d366c
  0x00000230af4d2b40: 438b 4ccc | 0c89 4c24 | 2483 fa01 | 0f86 1a0b | 0000 488d | 4efd 483b | c80f 830d | 0b00 0041 
  0x00000230af4d2b60: 83f8 020f | 8603 0b00 | 0043 8b4c | d418 418b | 7ccc 0c89 | 7c24 2883 | fa02 0f86 | ec0a 0000 
  0x00000230af4d2b80: c5f9 6ee9 | c4c1 796e | d9c4 c179 | 6ecb c5f9 | 6ed3 c4e1 | f96e c54c | 8d5e fe4c | 3bd8 0f83 
  0x00000230af4d2ba0: c80a 0000 | 4183 f803 | 0f86 be0a | 0000 478b | 5cd4 1c47 | 8b6c dc0c | 83fa 030f | 86ab 0a00 
  0x00000230af4d2bc0: 0048 ffce | 483b f00f | 839f 0a00 | 0045 85f6 | 0f8e be0a | 0000 c5f9 | 6ee2 4489 | 7424 304b 
  0x00000230af4d2be0: 8d04 dcc4 | c179 6efb | 4d8d 04cc | c4c1 797e | cb4b 8d0c | dc4b 8d3c | cc45 33db | 8b5c 2430 
  0x00000230af4d2c00: 412b db44 | 8b54 2430 | 33d2 453b | d30f 4cda | 81fb e803 | 0000 41b9 | e803 0000 | 410f 47d9 
  0x00000230af4d2c20: 4103 dbc4 

  0x00000230af4d2c24: ;   {no_reloc}
  0x00000230af4d2c24: c1f9 7ec2 | 470f b654 | 1a10 468d | 0c9d 0000 | 0000 443b | 5424 200f | 83f8 0800 | 0049 63f2 
  0x00000230af4d2c44: 0fbe 5431 | 1048 8b6c | 2440 4288 | 540d 1044 | 3b54 2424 | 0f83 2a09 | 0000 0fbe | 5437 1049 
  0x00000230af4d2c64: 63e9 4c8b | 7424 4041 | 8854 2e11 | 443b 5424 | 280f 8345 | 0900 0041 | 0fbe 5430 | 1041 8854 
  0x00000230af4d2c84: 2e12 453b | d50f 8369 | 0900 0044 | 0fbe 5430 | 1045 8854 | 2e13 41ff | c344 3bdb | 0f8c 7dff 
  0x00000230af4d2ca4: ffff 4d8b | 9750 0400 | 0041 83c1 

  0x00000230af4d2cb0: ; ImmutableOopMap {r8=Oop rcx=Oop rdi=Oop rax=Oop r14=Oop xmm0=Oop xmm1=NarrowOop xmm3=NarrowOop xmm5=NarrowOop xmm7=NarrowOop [64]=Oop [80]=Oop [88]=Oop }
                      ;*goto {reexecute=1 rethrow=0 return_oop=0}
                      ; - (reexecute) com.sun.javafx.iio.png.PNGImageLoader2::decodePalette@165 (line 602)
                      ;   {poll}
  0x00000230af4d2cb0: 0441 8502 | 443b 5c24 | 300f 8c3d | ffff ffc5 | f97e d3c5 

  0x00000230af4d2cc4: ;   {oop(a 'com/sun/javafx/iio/ImageStorage$ImageType'{0x00000007ff0707e8})}
  0x00000230af4d2cc4: f97e e249 | b8e8 0707 | ff07 0000 | 0049 8b87 | b801 0000 | 4c8b d049 | 83c2 304d | 3b97 c801 
  0x00000230af4d2ce4: 0000 0f83 | e607 0000 | 4d89 97b8 | 0100 0041 | 0f0d 8ac0 | 0000 0048 | c700 0100 | 0000 4c8b 
  0x00000230af4d2d04: d049 83c2 

  0x00000230af4d2d08: ;   {metadata('com/sun/javafx/iio/ImageFrame')}
  0x00000230af4d2d08: 10c7 4008 | 40cd 2101 | 4489 600c | c5fd efc0 | 62d1 fe28 | 7f02 488b | c849 8b87 | b801 0000 
  0x00000230af4d2d28: 4c8b d049 

  0x00000230af4d2d2c: ;   {metadata('java/lang/IllegalArgumentException')}
  0x00000230af4d2d2c: 83c2 3848 | bdd0 b506 | c030 0200 | 004d 3b97 | c801 0000 | 0f83 c407 | 0000 4d89 | 97b8 0100 
  0x00000230af4d2d4c: 004c 8bd8 | 4983 c310 | 48c7 0001 | 0000 0041 | 0f0d 8ac0 

  0x00000230af4d2d60: ;   {metadata('java/nio/HeapByteBuffer')}
  0x00000230af4d2d60: 0000 00c7 | 4008 884d | 1c00 4489 | 600c c5fd | efc0 62d1 | fe28 7f03 | c4c1 79d6 | 4320 895c 
  0x00000230af4d2d80: 2420 8954 | 2424 4c89 | 4424 2848 | 894c 2430 | 4889 4424 | 3833 f648 | 8bd0 4c8b | 4424 4045 
  0x00000230af4d2da0: 33c9 8b7c 

  0x00000230af4d2da4: ;   {optimized virtual_call}
  0x00000230af4d2da4: 2424 90e8 

  0x00000230af4d2da8: ; ImmutableOopMap {[40]=Oop [48]=Oop [56]=Oop [80]=Oop [88]=Oop }
                      ;*invokespecial <init> {reexecute=0 rethrow=0 return_oop=0}
                      ; - java.nio.ByteBuffer::wrap@8 (line 436)
                      ; - java.nio.ByteBuffer::wrap@4 (line 465)
                      ; - com.sun.javafx.iio.png.PNGImageLoader2::decodePalette@277 (line 622)
  0x00000230af4d2da8: 34b8 57f8 

  0x00000230af4d2dac: ;   {other}
  0x00000230af4d2dac: 0f1f 8400 | 9c06 0001 | 4180 7f40 | 000f 858e | 0500 0048 | 8b6c 2430 | 4c8b 5424 | 5845 8b42 
  0x00000230af4d2dcc: 1c44 8944 | 2424 418b | 7218 448b | 5424 2044 | 0faf d644 | 8954 2430 | 4c8b d54c | 8b44 2428 
  0x00000230af4d2dec: 4d8b d849 | c1eb 0344 | 895d 1c4c | 8b6c 2438 | 498b fd48 | c1ef 034d | 8bd8 4d33 | da4c 8b74 
  0x00000230af4d2e0c: 2450 498b | de48 c1eb | 0349 c1eb | 164d 85db | 741a 49c1 | ea09 48b9 | 0000 fbb3 | 3002 0000 
  0x00000230af4d2e2c: 4903 ca80 | 3902 0f85 | 5105 0000 | 4180 7f40 | 000f 8565 | 0400 0089 | 7d20 4d8b | d54c 8bdd 
  0x00000230af4d2e4c: 4d33 d349 | c1ea 164d | 85d2 741a | 49c1 eb09 | 48b9 0000 | fbb3 3002 | 0000 4903 | cb80 3902 
  0x00000230af4d2e6c: 0f85 6d05 | 0000 4180 | 7f40 000f | 8599 0400 | 0041 807f | 4000 0f85 | 5704 0000 | 895d 2844 
  0x00000230af4d2e8c: 8b5c 2430 | 4489 5d14 | 448b 5424 | 2444 8955 | 1089 750c | 4489 6524 | c745 1800 

  0x00000230af4d2ea8: ;   {no_reloc}
  0x00000230af4d2ea8: 0080 3f4d | 8bd6 4c8b | dd4d 33d3 | 49c1 ea16 | 4d85 d274 | 204d 85f6 | 741b 49c1 | eb09 49b8 
  0x00000230af4d2ec8: 0000 fbb3 | 3002 0000 | 4d03 c341 | 8038 020f | 8550 0500 | 0048 8bc5 | 4881 c480 | 0000 005d 
  0x00000230af4d2ee8: ;   {poll_return}
  0x00000230af4d2ee8: 493b a748 | 0400 000f | 87fb 0900 | 00c3 bb03 | 0000 00e9 | 7efa ffff | 4585 f60f | 84c8 0800 
  0x00000230af4d2f08: 0044 8b45 | 0c45 85c0 | 0f86 ca08 | 0000 4d63 | d84d 3beb | 0f83 be08 | 0000 478b | 5cd4 0c45 
  0x00000230af4d2f28: 85db 0f86 | b008 0000 | 478b 4cd4 | 1047 8b44 | cc0c 85d2 | 0f84 9e08 | 0000 4489 | 4424 204c 
  0x00000230af4d2f48: 8d04 7649 | 8d48 fd48 | 3bc8 0f83 | 8808 0000 | 4183 fb01 | 0f86 7e08 | 0000 438b | 4cd4 1441 
  0x00000230af4d2f68: 8b7c cc0c | 897c 2424 | 83fa 010f | 8667 0800 | 0049 8d78 | fe48 3bf8 | 0f83 5a08 | 0000 4183 
  0x00000230af4d2f88: fb02 0f86 | 5008 0000 | 478b 54d4 | 18c4 c179 | 6ef2 438b | 7cd4 0c83 | fa02 0f86 | 3808 0000 
  0x00000230af4d2fa8: 49ff c84c | 3bc0 0f83 | 2c08 0000 | 4585 f60f | 8e73 0800 | 0044 0fb6 | 5510 443b | 5424 200f 
  0x00000230af4d2fc8: 833b 0800 | 00c5 f96e | e9c5 fb10 | 4c24 40c5 | f96e da44 | 8974 2428 | c5f9 6ed3 

  0x00000230af4d2fe4: ;   {no_reloc}
  0x00000230af4d2fe4: c4e1 f96e | c54c 8b74 | 2458 4963 | ca4b 8d14 | ccc4 c179 | 6ee1 440f | be5c 0a10 | c4c1 f97e 
  0x00000230af4d3004: c845 8858 | 1041 bb01 | 0000 0044 | 3b54 2424 | 0f83 f807 | 0000 c4c1 | 797e e84b | 8d1c c444 
  0x00000230af4d3024: 0fbe 4c0b | 10c4 c1f9 | 7ec8 4588 | 4811 443b | d70f 83e6 | 0700 00c4 | c179 7ef0 | 4f8d 0cc4 
  0x00000230af4d3044: 450f be54 | 0910 c4e1 | f97e c944 | 8851 1249 | c7c2 0000 | 0080 4981 | fd00 0000 | 804d 0f4c 
  0x00000230af4d3064: ea41 8bf5 | 83fe 010f | 8ecc 0600 | 008b ce41 | 2bcb 4533 | d241 3bf3 | 410f 4cca | 81f9 d007 
  0x00000230af4d3084: 0000 41ba | d007 0000 | 410f 47ca | 4103 cbc4 | c179 6ef0 | 8974 242c | 894c 2430 | 4963 ebc4 
  0x00000230af4d30a4: c1f9 7ec2 | 450f b654 | 2a10 478d | 041b 438d | 3418 443b | 5424 200f | 83d6 0000 | 0049 63c2 
  0x00000230af4d30c4: 0fbe 4c02 | 104d 63e8 | 4c03 edc4 | c1f9 7ec8 | 4388 4c28 | 1044 3b54 | 2424 0f83 | 1c01 0000 
  0x00000230af4d30e4: ;   {no_reloc}
  0x00000230af4d30e4: 440f be44 | 0310 c4e1 | f97e c946 | 8844 2911 | 443b d70f | 8357 0100 | 0045 0fbe | 5401 1046 
  0x00000230af4d3104: 8854 2912 | c4c1 f97e | c245 0fb6 | 542a 118d | 4e03 443b | 5424 2073 | 7e4d 63ea | 420f be44 
  0x00000230af4d3124: 2a10 4863 | eec4 c1f9 | 7ec8 4188 | 4428 1344 | 3b54 2424 | 0f83 cd00 | 0000 460f | be44 2b10 
  0x00000230af4d3144: c4e1 f97e | c844 8844 | 2814 443b | d70f 8308 | 0100 0047 | 0fbe 4429 | 1044 8844 | 2815 4183 
  0x00000230af4d3164: c302 443b | 5c24 300f | 8c2f ffff | ff4d 8b87 | 5004 0000 

  0x00000230af4d3178: ; ImmutableOopMap {r9=Oop rbx=Oop rdx=Oop rax=Oop r14=Oop xmm0=Oop xmm1=Oop xmm4=NarrowOop xmm5=NarrowOop xmm6=NarrowOop [80]=Oop }
                      ;*goto {reexecute=1 rethrow=0 return_oop=0}
                      ; - (reexecute) com.sun.javafx.iio.png.PNGImageLoader2::decodePalette@248 (line 610)
                      ;   {poll}
  0x00000230af4d3178: 83c6 0641 | 8500 443b | 5c24 2c0f | 8daf 0500 | 00c4 c179 | 7ef0 8b74 | 242c e9da | feff ff8b 
  0x00000230af4d3198: ceeb 0341 | ffc3 4c89 | 7424 58c4 | e1f9 7ec5 | c5f9 7ed3 | 448b 7424 | 28c5 fb11 | 4c24 40c4 
  0x00000230af4d31b8: c179 7ee1 | bae4 ffff | ff44 8974 | 2428 4489 | 5c24 2c48 | ff74 2440 | 488f 4424 | 3889 4c24 
  0x00000230af4d31d8: 4044 8954 | 2444 4c8b | 5424 584c | 8954 2448 | 895c 2458 | 4489 4c24 

  0x00000230af4d31f0: ;   {runtime_call UncommonTrapBlob}
  0x00000230af4d31f0: 5c66 90e8 

  0x00000230af4d31f4: ; ImmutableOopMap {rbp=Oop [56]=Oop [72]=Oop [80]=Oop [92]=NarrowOop }
                      ;*baload {reexecute=0 rethrow=0 return_oop=0}
                      ; - com.sun.javafx.iio.png.PNGImageLoader2::decodePalette@208 (line 612)
  0x00000230af4d31f4: 084b 97ff 

  0x00000230af4d31f8: ;   {other}
  0x00000230af4d31f8: 0f1f 8400 | e80a 0003 | 448d 4e01 | 8bce 418b | f1eb 0683 | c604 41ff | c3ba e4ff | ffff c4e1 
  0x00000230af4d3218: f97e c544 | 895c 242c | 894c 2430 | c5fb 114c | 2438 8974 | 2440 4489 | 5424 444c | 8974 2448 
  0x00000230af4d3238: c5fa 1154 | 2458 c5fa | 116c 245c 

  0x00000230af4d3244: ;   {runtime_call UncommonTrapBlob}
  0x00000230af4d3244: 6666 90e8 

  0x00000230af4d3248: ; ImmutableOopMap {rbp=Oop [56]=Oop [72]=Oop [80]=Oop [92]=NarrowOop }
                      ;*baload {reexecute=0 rethrow=0 return_oop=0}
                      ; - com.sun.javafx.iio.png.PNGImageLoader2::decodePalette@224 (line 613)
  0x00000230af4d3248: b44a 97ff 

  0x00000230af4d324c: ;   {other}
  0x00000230af4d324c: 0f1f 8400 | 3c0b 0004 | 448d 4e02 | 8bce 418b | f1eb 0683 | c605 41ff | c3ba e4ff | ffff c4e1 
  0x00000230af4d326c: f97e c544 | 895c 242c | 894c 2430 | c5fb 114c | 2438 8974 | 2434 4489 | 5424 404c | 8974 2448 
  0x00000230af4d328c: c5fa 1154 | 2444 c5fa | 1174 2458 

  0x00000230af4d3298: ;   {runtime_call UncommonTrapBlob}
  0x00000230af4d3298: 6666 90e8 

  0x00000230af4d329c: ; ImmutableOopMap {rbp=Oop [56]=Oop [72]=Oop [80]=Oop [88]=NarrowOop }
                      ;*baload {reexecute=0 rethrow=0 return_oop=0}
                      ; - com.sun.javafx.iio.png.PNGImageLoader2::decodePalette@240 (line 614)
  0x00000230af4d329c: 604a 97ff 

  0x00000230af4d32a0: ;   {other}
  0x00000230af4d32a0: 0f1f 8400 | 900b 0005 | 448b 5d20 | 4585 db0f | 848e fbff | ff4d 8b57 | 2849 8bcb | 48c1 e103 
  0x00000230af4d32c0: 4d85 d20f | 842d 0400 | 004d 8b5f | 384b 894c | 13f8 4983 | c2f8 4d89 | 5728 e964 | fbff ff44 
  0x00000230af4d32e0: 8b5d 2845 | 85db 0f84 | 9cfb ffff | 4d8b 5728 | 498b cb48 | c1e1 034d | 85d2 0f84 | 1b04 0000 
  0x00000230af4d3300: 4d8b 5f38 | 4b89 4c13 | f849 83c2 | f84d 8957 | 28e9 72fb | ffff 448b | 5d24 4585 | db0f 845a 
  0x00000230af4d3320: fbff ff4d | 8b57 2849 | 8bcb 48c1 | e103 4d85 | d20f 84a2 | 0300 004d | 8b5f 384b | 894c 13f8 
  0x00000230af4d3340: 4983 c2f8 | 4d89 5728 | e930 fbff | ff48 8b6c | 2430 448b | 5d1c 4585 | db0f 8465 | faff ff4d 
  0x00000230af4d3360: 8b57 2849 | 8bcb 48c1 | e103 4d85 | d20f 8449 | 0300 004d | 8b5f 384b | 894c 13f8 | 4983 c2f8 
  0x00000230af4d3380: 4d89 5728 | e93b faff | ff4d 8b57 | 484d 8b5f | 58f0 8344 | 24c0 0080 | 3900 0f84 

  0x00000230af4d339c: ;   {no_reloc}
  0x00000230af4d339c: 98fa ffff | 4488 214d | 85d2 7525 | 8974 2420 | 498b d749 | baa0 3cd5 | c6ff 7f00 | 0041 ffd2 
  0x00000230af4d33bc: ;   {other}
  0x00000230af4d33bc: 0f1f 8400 | 0000 0000 | 8b74 2420 | e96b faff | ff4b 894c | 13f8 4983 | c2f8 4d89 | 5748 e959 
  0x00000230af4d33dc: faff ff4d | 8b57 484d | 8b5f 58f0 | 8344 24c0 | 0080 3900 | 0f84 7cfa | ffff 4488 | 214d 85d2 
  0x00000230af4d33fc: 751d 498b | d749 baa0 | 3cd5 c6ff | 7f00 0041 

  0x00000230af4d340c: ;   {other}
  0x00000230af4d340c: ffd2 0f1f | 8400 0000 | 0000 e957 | faff ff4b | 894c 13f8 | 4983 c2f8 | 4d89 5748 | e945 faff 
  0x00000230af4d342c: ff4d 8b57 | 484d 8b5f | 58f0 8344 | 24c0 0041 | 8038 000f | 8498 faff | ff45 8820 | 4d85 d275 
  0x00000230af4d344c: 2049 8bc8 | 498b d749 | baa0 3cd5 | c6ff 7f00 | 0041 ffd2 

  0x00000230af4d3460: ;   {other}
  0x00000230af4d3460: 0f1f 8400 | 0000 0000 | e970 faff | ff4f 8944 | 13f8 4983 | c2f8 4d89 | 5748 e95e | faff ff89 
  0x00000230af4d3480: 5424 3444 | 8974 2430 | 895c 242c | 4489 4424 | 284c 8b54 | 2458 4c89 

  0x00000230af4d3498: ;   {metadata({type array byte})}
  0x00000230af4d3498: 5424 2048 | ba18 2300 | c030 0200 | 0044 8b44 

  0x00000230af4d34a8: ;   {runtime_call _new_array_Java}
  0x00000230af4d34a8: 2434 90e8 

  0x00000230af4d34ac: ; ImmutableOopMap {rbp=Oop [32]=Oop [80]=Oop [88]=Oop }
                      ;*newarray {reexecute=0 rethrow=0 return_oop=1}
                      ; - com.sun.javafx.iio.png.PNGImageLoader2::decodePalette@50 (line 598)
  0x00000230af4d34ac: d0a8 a4ff 

  0x00000230af4d34b0: ;   {other}
  0x00000230af4d34b0: 0f1f 8400 | a00d 0006 | 448b 4424 | 288b 5c24 | 2c44 8b74 | 2430 8b54 | 2434 4c8b | c8e9 e6f5 
  0x00000230af4d34d0: ffff 4c89 | 4424 3089 | 5424 2489 

  0x00000230af4d34dc: ;   {metadata('com/sun/javafx/iio/ImageFrame')}
  0x00000230af4d34dc: 5c24 2048 | ba40 cd21 | c130 0200 

  0x00000230af4d34e8: ;   {runtime_call _new_instance_Java}
  0x00000230af4d34e8: 0066 90e8 

  0x00000230af4d34ec: ; ImmutableOopMap {[48]=Oop [64]=Oop [80]=Oop [88]=Oop }
                      ;*new {reexecute=0 rethrow=0 return_oop=1}
                      ; - com.sun.javafx.iio.png.PNGImageLoader2::decodePalette@269 (line 622)
  0x00000230af4d34ec: 90ab a4ff 

  0x00000230af4d34f0: ;   {other}
  0x00000230af4d34f0: 0f1f 8400 | e00d 0007 | 8b5c 2420 | 8b54 2424 | 4c8b 4424 | 30e9 14f8 | ffff 4889 | 4c24 304c 
  0x00000230af4d3510: 8944 2428 | 8954 2424 | 895c 2420 

  0x00000230af4d351c: ;   {metadata('java/nio/HeapByteBuffer')}
  0x00000230af4d351c: 48ba 884d | 1cc0 3002 

  0x00000230af4d3524: ;   {runtime_call _new_instance_Java}
  0x00000230af4d3524: 0000 90e8 

  0x00000230af4d3528: ; ImmutableOopMap {[40]=Oop [48]=Oop [64]=Oop [80]=Oop [88]=Oop }
                      ;*new {reexecute=0 rethrow=0 return_oop=1}
                      ; - java.nio.ByteBuffer::wrap@0 (line 436)
                      ; - java.nio.ByteBuffer::wrap@4 (line 465)
                      ; - com.sun.javafx.iio.png.PNGImageLoader2::decodePalette@277 (line 622)
  0x00000230af4d3528: 54ab a4ff 

  0x00000230af4d352c: ;   {other}
  0x00000230af4d352c: 0f1f 8400 | 1c0e 0008 | e957 f8ff | ffba e4ff | ffff c4e1 | f97e c548 | ff74 2440 | 488f 4424 
  0x00000230af4d354c: 208b 4c24 | 3089 4c24 | 2844 895c | 242c 4489 | 4c24 4044 | 8954 2444 | 4c8b 5424 | 584c 8954 
  0x00000230af4d356c: 2448 c5fa | 1154 2458 | c5fa 114c 

  0x00000230af4d3578: ;   {runtime_call UncommonTrapBlob}
  0x00000230af4d3578: 245c 90e8 

  0x00000230af4d357c: ; ImmutableOopMap {rbp=Oop [32]=Oop [72]=Oop [80]=Oop [92]=NarrowOop }
                      ;*baload {reexecute=0 rethrow=0 return_oop=0}
                      ; - com.sun.javafx.iio.png.PNGImageLoader2::decodePalette@109 (line 604)
  0x00000230af4d357c: 8047 97ff 

  0x00000230af4d3580: ;   {other}
  0x00000230af4d3580: 0f1f 8400 | 700e 0009 | 418d 6901 | bae4 ffff | ffc5 fb11 | 4424 2044 | 895c 2434 | 4489 4c24 
  0x00000230af4d35a0: 3844 8954 | 2448 c5fa | 1154 244c | c5fa 115c 

  0x00000230af4d35b0: ;   {runtime_call UncommonTrapBlob}
  0x00000230af4d35b0: 2460 90e8 

  0x00000230af4d35b4: ; ImmutableOopMap {[32]=Oop [64]=Oop [80]=Oop [88]=Oop [96]=NarrowOop }
                      ;*baload {reexecute=0 rethrow=0 return_oop=0}
                      ; - com.sun.javafx.iio.png.PNGImageLoader2::decodePalette@125 (line 605)
  0x00000230af4d35b4: 4847 97ff 

  0x00000230af4d35b8: ;   {other}
  0x00000230af4d35b8: 0f1f 8400 | a80e 000a | 418d 6902 | bae4 ffff | ffc5 fb11 | 4424 2044 | 895c 2434 | 4489 4c24 
  0x00000230af4d35d8: 3844 8954 | 2448 c5fa | 1154 244c | c5fa 116c 

  0x00000230af4d35e8: ;   {runtime_call UncommonTrapBlob}
  0x00000230af4d35e8: 2460 90e8 

  0x00000230af4d35ec: ; ImmutableOopMap {[32]=Oop [64]=Oop [80]=Oop [88]=Oop [96]=NarrowOop }
                      ;*baload {reexecute=0 rethrow=0 return_oop=0}
                      ; - com.sun.javafx.iio.png.PNGImageLoader2::decodePalette@141 (line 606)
  0x00000230af4d35ec: 1047 97ff 

  0x00000230af4d35f0: ;   {other}
  0x00000230af4d35f0: 0f1f 8400 | e00e 000b | 418d 6903 | bae4 ffff | ffc5 fb11 | 4424 2044 | 895c 2434 | 4489 4c24 
  0x00000230af4d3610: 3844 8954 | 243c 4c8b | 5424 584c | 8954 2448 | c5fa 1154 | 2458 c5fa | 117c 245c 

  0x00000230af4d362c: ;   {runtime_call UncommonTrapBlob}
  0x00000230af4d362c: 6666 90e8 

  0x00000230af4d3630: ; ImmutableOopMap {[32]=Oop [64]=Oop [72]=Oop [80]=Oop [92]=NarrowOop }
                      ;*baload {reexecute=0 rethrow=0 return_oop=0}
                      ; - com.sun.javafx.iio.png.PNGImageLoader2::decodePalette@157 (line 607)
  0x00000230af4d3630: cc46 97ff 

  0x00000230af4d3634: ;   {other}
  0x00000230af4d3634: 0f1f 8400 | 240f 000c | ba86 ffff 

  0x00000230af4d3640: ;   {runtime_call UncommonTrapBlob}
  0x00000230af4d3640: ff66 90e8 

  0x00000230af4d3644: ; ImmutableOopMap {}
                      ;*idiv {reexecute=0 rethrow=0 return_oop=0}
                      ; - com.sun.javafx.iio.png.PNGImageLoader2::decodePalette@23 (line 595)
  0x00000230af4d3644: b846 97ff 

  0x00000230af4d3648: ;   {other}
  0x00000230af4d3648: 0f1f 8400 | 380f 000d | ba2d 0000 

  0x00000230af4d3654: ;   {runtime_call UncommonTrapBlob}
  0x00000230af4d3654: 0066 90e8 

  0x00000230af4d3658: ; ImmutableOopMap {}
                      ;*new {reexecute=0 rethrow=0 return_oop=0}
                      ; - com.sun.javafx.iio.png.PNGImageLoader2::decodePalette@29 (line 596)
  0x00000230af4d3658: a446 97ff 

  0x00000230af4d365c: ;   {other}
  0x00000230af4d365c: 0f1f 8400 | 4c0f 000e | 4863 cae9 | 6ef3 ffff | ba76 ffff | ff48 ff74 | 2440 488f | 4424 2044 
  0x00000230af4d367c: 8974 242c | 895c 2440 

  0x00000230af4d3684: ;   {runtime_call UncommonTrapBlob}
  0x00000230af4d3684: 6666 90e8 

  0x00000230af4d3688: ; ImmutableOopMap {rbp=Oop [32]=Oop [80]=Oop [88]=Oop }
                      ;*if_icmpeq {reexecute=1 rethrow=0 return_oop=0}
                      ; - (reexecute) com.sun.javafx.iio.png.PNGImageLoader2::decodePalette@82 (line 602)
  0x00000230af4d3688: 7446 97ff 

  0x00000230af4d368c: ;   {other}
  0x00000230af4d368c: 0f1f 8400 | 7c0f 000f | ba6e ffff | ff48 ff74 | 2440 488f | 4424 2044 | 8974 242c | 895c 2440 
  0x00000230af4d36ac: ;   {runtime_call UncommonTrapBlob}
  0x00000230af4d36ac: 6666 90e8 

  0x00000230af4d36b0: ; ImmutableOopMap {rbp=Oop [32]=Oop [80]=Oop [88]=Oop }
                      ;*if_icmpeq {reexecute=1 rethrow=0 return_oop=0}
                      ; - (reexecute) com.sun.javafx.iio.png.PNGImageLoader2::decodePalette@82 (line 602)
  0x00000230af4d36b0: 4c46 97ff 

  0x00000230af4d36b4: ;   {other}
  0x00000230af4d36b4: 0f1f 8400 | a40f 0010 | 498b d749 | bac0 3cd5 | c6ff 7f00 | 0041 ffd2 

  0x00000230af4d36cc: ;   {other}
  0x00000230af4d36cc: 0f1f 8400 | 0000 0000 | e9eb f6ff | ff49 8bd7 | 49ba c03c | d5c6 ff7f | 0000 41ff 

  0x00000230af4d36e8: ;   {other}
  0x00000230af4d36e8: d20f 1f84 | 0000 0000 | 00e9 87f7 | ffff 8974 | 2420 498b | d749 bac0 | 3cd5 c6ff | 7f00 0041 
  0x00000230af4d3708: ;   {other}
  0x00000230af4d3708: ffd2 0f1f | 8400 0000 | 0000 8b74 | 2420 e928 | f7ff ff49 | 8bd7 49ba | c03c d5c6 | ff7f 0000 
  0x00000230af4d3728: ;   {other}
  0x00000230af4d3728: 41ff d20f | 1f84 0000 | 0000 00e9 | 50f7 ffff | c4c1 797e | f044 3b5c | 2428 7d7a | 4963 f3c4 
  0x00000230af4d3748: c1f9 7ec2 | 450f b654 | 3210 438d | 041b 428d | 0c18 443b | 5424 200f | 83f3 0000 | 00c4 c179 
  0x00000230af4d3768: 6ef0 4963 | ea44 0fbe | 442a 1048 | 63c0 4803 | c6c4 e1f9 | 7ece 4488 | 4406 1044 | 3b54 2424 
  0x00000230af4d3788: 0f83 ed00 | 0000 440f | be44 2b10 | 4488 4406 | 1144 3bd7 | 0f83 e100 | 0000 450f | be44 2910 
  0x00000230af4d37a8: 4488 4406 | 1241 ffc3 | 443b 5c24 | 287d 07c4 | c179 7ef0 | eb86 4c89 | 7424 58c5 | f97e d3c5 
  0x00000230af4d37c8: f97e dac5 | fb11 4c24 

  0x00000230af4d37d0: ;   {oop(a 'com/sun/javafx/iio/ImageStorage$ImageType'{0x00000007ff070800})}
  0x00000230af4d37d0: 4049 b800 | 0807 ff07 | 0000 00e9 | f1f4 ffff | ba76 ffff | ff48 ff74 | 2440 488f | 4424 2044 
  0x00000230af4d37f0: 8974 242c | 895c 2440 

  0x00000230af4d37f8: ;   {runtime_call UncommonTrapBlob}
  0x00000230af4d37f8: 6666 90e8 

  0x00000230af4d37fc: ; ImmutableOopMap {rbp=Oop [32]=Oop [80]=Oop [88]=Oop }
                      ;*if_icmpeq {reexecute=1 rethrow=0 return_oop=0}
                      ; - (reexecute) com.sun.javafx.iio.png.PNGImageLoader2::decodePalette@181 (line 610)
  0x00000230af4d37fc: 0045 97ff 

  0x00000230af4d3800: ;   {other}
  0x00000230af4d3800: 0f1f 8400 | f010 0011 | 4533 db33 | c9e9 aaf9 | ffff 4533 | db33 c9be | 0100 0000 | e9f0 f9ff 
  0x00000230af4d3820: ffbe 0200 | 0000 4533 | db33 c9e9 | 35fa ffff | ba6e ffff | ff48 ff74 | 2440 488f | 4424 2044 
  0x00000230af4d3840: 8974 242c | 895c 2440 

  0x00000230af4d3848: ;   {runtime_call UncommonTrapBlob}
  0x00000230af4d3848: 6666 90e8 

  0x00000230af4d384c: ; ImmutableOopMap {rbp=Oop [32]=Oop [80]=Oop [88]=Oop }
                      ;*if_icmpeq {reexecute=1 rethrow=0 return_oop=0}
                      ; - (reexecute) com.sun.javafx.iio.png.PNGImageLoader2::decodePalette@181 (line 610)
  0x00000230af4d384c: b044 97ff 

  0x00000230af4d3850: ;   {other}
  0x00000230af4d3850: 0f1f 8400 | 4011 0012 | 4c89 7424 | 58c4 e1f9 | 7ec5 c5f9 | 7ed3 448b | 7424 28c5 | fb11 4c24 
  0x00000230af4d3870: 40c4 c179 | 7ee1 e941 | f9ff ff8d | 7101 e98e | f9ff ff8d | 7102 e9da | f9ff ff44 | 8b50 0849 
  0x00000230af4d3890: bb00 0000 | c030 0200 | 004d 03da | 4d8b 5350 | 4c3b d574 | 3948 8bd0 | eb27 488b | d0eb 2248 
  0x00000230af4d38b0: 8bd0 eb1d | 448b 5808 | 49ba 0000 | 00c0 3002 | 0000 4d03 | d34d 8b52 | 504c 3bd5 | 7410 488b 
  0x00000230af4d38d0: d048 81c4 | 8000 0000 

  0x00000230af4d38d8: ;   {runtime_call _rethrow_Java}
  0x00000230af4d38d8: 5de9 a235 | a5ff ba3b 

  0x00000230af4d38e0: ;   {runtime_call UncommonTrapBlob}
  0x00000230af4d38e0: 0000 00e8 

  0x00000230af4d38e4: ; ImmutableOopMap {[40]=Oop [48]=Oop [80]=Oop [88]=Oop }
                      ;*new {reexecute=0 rethrow=0 return_oop=0}
                      ; - java.nio.ByteBuffer::wrap@13 (line 438)
                      ; - java.nio.ByteBuffer::wrap@4 (line 465)
                      ; - com.sun.javafx.iio.png.PNGImageLoader2::decodePalette@277 (line 622)
  0x00000230af4d38e4: 1844 97ff 

  0x00000230af4d38e8: ;   {other}
  0x00000230af4d38e8: 0f1f 8400 | d811 0013 

  0x00000230af4d38f0: ;   {internal_word}
  0x00000230af4d38f0: 49ba e82e | 4daf 3002 | 0000 4d89 | 9760 0400 

  0x00000230af4d3900: ;   {runtime_call SafepointBlob}
  0x00000230af4d3900: 00e9 7a32 

  0x00000230af4d3904: ;   {runtime_call StubRoutines (final stubs)}
  0x00000230af4d3904: 97ff e8b5 | 2395 ffe9 | 4ef0 ffff 
[Stub Code]
  0x00000230af4d3910: ;   {no_reloc}
  0x00000230af4d3910: 48bb 0000 | 0000 0000 

  0x00000230af4d3918: ;   {runtime_call nmethod}
  0x00000230af4d3918: 0000 e9fb 

  0x00000230af4d391c: ;   {runtime_call ExceptionBlob}
  0x00000230af4d391c: ffff ffe9 | 5caa a4ff 
[Deopt Handler Code]
  0x00000230af4d3924: e800 0000 | 0048 832c 

  0x00000230af4d392c: ;   {runtime_call DeoptimizationBlob}
  0x00000230af4d392c: 2405 e9ed | 4697 fff4 | f4f4 f4f4 
[/MachCode]


---------------  P R O C E S S  ---------------

Threads class SMR info:
_java_thread_list=0x000002310ba1dd70, length=25, elements={
0x00000230a1af1220, 0x00000230bf8d6730, 0x00000230bf8d9380, 0x00000230bf8d9ec0,
0x00000230bf8dccb0, 0x00000230bf8dd920, 0x00000230bf8dc150, 0x00000230bf8eddb0,
0x00000230bf8ef850, 0x00000230bf9eabf0, 0x000002310512feb0, 0x00000230bfc2e510,
0x00000231056ebf30, 0x00000230bfcb6800, 0x0000023109f96b60, 0x0000023109f971c0,
0x0000023109fea7a0, 0x000002310a655000, 0x000002310a1a6f60, 0x000002310a1a68d0,
0x000002310a1a75f0, 0x000002310a1a8310, 0x000002310a293d20, 0x000002310a2943f0,
0x000002310a1a5bb0
}

Java Threads: ( => current thread )
  0x00000230a1af1220 JavaThread "main"                              [_thread_blocked, id=26916, stack(0x0000006b00b00000,0x0000006b00c00000) (1024K)]
  0x00000230bf8d6730 JavaThread "Reference Handler"          daemon [_thread_blocked, id=17224, stack(0x0000006b01300000,0x0000006b01400000) (1024K)]
  0x00000230bf8d9380 JavaThread "Finalizer"                  daemon [_thread_blocked, id=5216, stack(0x0000006b01400000,0x0000006b01500000) (1024K)]
  0x00000230bf8d9ec0 JavaThread "Signal Dispatcher"          daemon [_thread_blocked, id=30680, stack(0x0000006b01500000,0x0000006b01600000) (1024K)]
  0x00000230bf8dccb0 JavaThread "Attach Listener"            daemon [_thread_blocked, id=30224, stack(0x0000006b01600000,0x0000006b01700000) (1024K)]
  0x00000230bf8dd920 JavaThread "Service Thread"             daemon [_thread_blocked, id=14944, stack(0x0000006b01700000,0x0000006b01800000) (1024K)]
  0x00000230bf8dc150 JavaThread "Monitor Deflation Thread"   daemon [_thread_blocked, id=3496, stack(0x0000006b01800000,0x0000006b01900000) (1024K)]
  0x00000230bf8eddb0 JavaThread "C2 CompilerThread0"         daemon [_thread_blocked, id=23908, stack(0x0000006b01900000,0x0000006b01a00000) (1024K)]
  0x00000230bf8ef850 JavaThread "C1 CompilerThread0"         daemon [_thread_blocked, id=16600, stack(0x0000006b01a00000,0x0000006b01b00000) (1024K)]
  0x00000230bf9eabf0 JavaThread "Common-Cleaner"             daemon [_thread_blocked, id=17396, stack(0x0000006b01b00000,0x0000006b01c00000) (1024K)]
  0x000002310512feb0 JavaThread "Notification Thread"        daemon [_thread_blocked, id=31212, stack(0x0000006b01e00000,0x0000006b01f00000) (1024K)]
  0x00000230bfc2e510 JavaThread "QuantumRenderer-0"          daemon [_thread_blocked, id=17096, stack(0x0000006b01d00000,0x0000006b01e00000) (1024K)]
  0x00000231056ebf30 JavaThread "InvokeLaterDispatcher"      daemon [_thread_blocked, id=19300, stack(0x0000006b01c00000,0x0000006b01d00000) (1024K)]
  0x00000230bfcb6800 JavaThread "JavaFX Application Thread"         [_thread_blocked, id=5492, stack(0x0000006b01f00000,0x0000006b02000000) (1024K)]
  0x0000023109f96b60 JavaThread "JavaFX-Launcher"                   [_thread_blocked, id=13612, stack(0x0000006b02a00000,0x0000006b02b00000) (1024K)]
  0x0000023109f971c0 JavaThread "Thread-2"                   daemon [_thread_in_native, id=18204, stack(0x0000006b02900000,0x0000006b02a00000) (1024K)]
  0x0000023109fea7a0 JavaThread "mysql-cj-abandoned-connection-cleanup" daemon [_thread_blocked, id=17956, stack(0x0000006b02b00000,0x0000006b02c00000) (1024K)]
  0x000002310a655000 JavaThread "Prism Font Disposer"        daemon [_thread_blocked, id=30096, stack(0x0000006b02f00000,0x0000006b03000000) (1024K)]
  0x000002310a1a6f60 JavaThread "Cleaner-0"                  daemon [_thread_blocked, id=12896, stack(0x0000006b02c00000,0x0000006b02d00000) (1024K)]
  0x000002310a1a68d0 JavaThread "Thread-7"                          [_thread_blocked, id=29312, stack(0x0000006b03200000,0x0000006b03300000) (1024K)]
  0x000002310a1a75f0 JavaThread "Thread-8"                          [_thread_blocked, id=14760, stack(0x0000006b03400000,0x0000006b03500000) (1024K)]
  0x000002310a1a8310 JavaThread "Thread-10"                         [_thread_blocked, id=8404, stack(0x0000006b03600000,0x0000006b03700000) (1024K)]
  0x000002310a293d20 JavaThread "C2 CompilerThread1"         daemon [_thread_in_native, id=24524, stack(0x0000006b03700000,0x0000006b03800000) (1024K)]
  0x000002310a2943f0 JavaThread "C2 CompilerThread2"         daemon [_thread_blocked, id=28812, stack(0x0000006b03800000,0x0000006b03900000) (1024K)]
=>0x000002310a1a5bb0 JavaThread "Thread-11"                         [_thread_in_vm, id=24392, stack(0x0000006b03900000,0x0000006b03a00000) (1024K)]
Total: 25

Other Threads:
  0x00000230bf8b81f0 VMThread "VM Thread"                           [id=6912, stack(0x0000006b01200000,0x0000006b01300000) (1024K)]
  0x00000230bf8a4560 WatcherThread "VM Periodic Task Thread"        [id=1552, stack(0x0000006b01100000,0x0000006b01200000) (1024K)]
  0x00000230a3f8e250 WorkerThread "GC Thread#0"                     [id=22328, stack(0x0000006b00c00000,0x0000006b00d00000) (1024K)]
  0x0000023109ef5410 WorkerThread "GC Thread#1"                     [id=21756, stack(0x0000006b02300000,0x0000006b02400000) (1024K)]
  0x0000023109f2c790 WorkerThread "GC Thread#2"                     [id=20816, stack(0x0000006b02400000,0x0000006b02500000) (1024K)]
  0x0000023109f2cb30 WorkerThread "GC Thread#3"                     [id=26004, stack(0x0000006b02500000,0x0000006b02600000) (1024K)]
  0x0000023109f4e330 WorkerThread "GC Thread#4"                     [id=15632, stack(0x0000006b02600000,0x0000006b02700000) (1024K)]
  0x0000023109f4eae0 WorkerThread "GC Thread#5"                     [id=25792, stack(0x0000006b02700000,0x0000006b02800000) (1024K)]
  0x0000023109f4ee80 WorkerThread "GC Thread#6"                     [id=17932, stack(0x0000006b02800000,0x0000006b02900000) (1024K)]
  0x000002310a1c8ea0 WorkerThread "GC Thread#7"                     [id=21928, stack(0x0000006b02d00000,0x0000006b02e00000) (1024K)]
  0x00000230a3f99190 ConcurrentGCThread "G1 Main Marker"            [id=10644, stack(0x0000006b00d00000,0x0000006b00e00000) (1024K)]
  0x00000230a3f9c070 WorkerThread "G1 Conc#0"                       [id=13712, stack(0x0000006b00e00000,0x0000006b00f00000) (1024K)]
  0x000002310e8aade0 WorkerThread "G1 Conc#1"                       [id=9568, stack(0x0000006b03300000,0x0000006b03400000) (1024K)]
  0x00000230a3fde7e0 ConcurrentGCThread "G1 Refine#0"               [id=29700, stack(0x0000006b00f00000,0x0000006b01000000) (1024K)]
  0x00000230bf771910 ConcurrentGCThread "G1 Service"                [id=20796, stack(0x0000006b01000000,0x0000006b01100000) (1024K)]
Total: 15

Threads with active compile tasks:
C2 CompilerThread1  14245 7089   !   4       java.util.Collections$SynchronizedMap::get (25 bytes)
Total: 1

VM state: not at safepoint (normal execution)

VM Mutex/Monitor currently owned by a thread:  ([mutex/lock_event])
[0x00007fffc76e5558] Heap_lock - owner thread: 0x000002310a1a5bb0

Heap address: 0x00000006c4000000, size: 5056 MB, Compressed Oops mode: Zero based, Oop shift amount: 3

CDS archive(s) mapped at: [0x00000230c0000000-0x00000230c0c80000-0x00000230c0c80000), size 13107200, SharedBaseAddress: 0x00000230c0000000, ArchiveRelocationMode: 1.
Compressed class space mapped at: 0x00000230c1000000-0x0000023101000000, reserved size: 1073741824
Narrow klass base: 0x00000230c0000000, Narrow klass shift: 0, Narrow klass range: 0x100000000

GC Precious Log:
 CardTable entry size: 512
 Card Set container configuration: InlinePtr #cards 4 size 8 Array Of Cards #cards 32 size 80 Howl #buckets 8 coarsen threshold 7372 Howl Bitmap #cards 1024 size 144 coarsen threshold 921 Card regions per heap region 1 cards per card region 8192
 CPUs: 8 total, 8 available
 Memory: 20222M
 Large Page Support: Disabled
 NUMA Support: Disabled
 Compressed Oops: Enabled (Zero based)
 Heap Region Size: 4M
 Heap Min Capacity: 8M
 Heap Initial Capacity: 316M
 Heap Max Capacity: 5056M
 Pre-touch: Disabled
 Parallel Workers: 8
 Concurrent Workers: 2
 Concurrent Refinement Workers: 8
 Periodic GC: Disabled

Heap:
 garbage-first heap   total 937984K, used 912337K [0x00000006c4000000, 0x0000000800000000)
  region size 4096K, 3 young (12288K), 1 survivors (4096K)
 Metaspace       used 24460K, committed 24896K, reserved 1114112K
  class space    used 3169K, committed 3392K, reserved 1048576K

Heap Regions: E=young(eden), S=young(survivor), O=old, HS=humongous(starts), HC=humongous(continues), CS=collection set, F=free, TAMS=top-at-mark-start, PB=parsable bottom
|   0|0x00000006c4000000, 0x00000006c4400000, 0x00000006c4400000|100%|HS|  |TAMS 0x00000006c4000000| PB 0x00000006c4000000| Complete 
|   1|0x00000006c4400000, 0x00000006c4800000, 0x00000006c4800000|100%|HS|  |TAMS 0x00000006c4400000| PB 0x00000006c4400000| Complete 
|   2|0x00000006c4800000, 0x00000006c4c00000, 0x00000006c4c00000|100%|HS|  |TAMS 0x00000006c4800000| PB 0x00000006c4800000| Complete 
|   3|0x00000006c4c00000, 0x00000006c5000000, 0x00000006c5000000|100%|HS|  |TAMS 0x00000006c4c00000| PB 0x00000006c4c00000| Complete 
|   4|0x00000006c5000000, 0x00000006c5400000, 0x00000006c5400000|100%|HS|  |TAMS 0x00000006c5000000| PB 0x00000006c5000000| Complete 
|   5|0x00000006c5400000, 0x00000006c5800000, 0x00000006c5800000|100%|HS|  |TAMS 0x00000006c5400000| PB 0x00000006c5400000| Complete 
|   6|0x00000006c5800000, 0x00000006c5c00000, 0x00000006c5c00000|100%|HS|  |TAMS 0x00000006c5800000| PB 0x00000006c5800000| Complete 
|   7|0x00000006c5c00000, 0x00000006c6000000, 0x00000006c6000000|100%|HS|  |TAMS 0x00000006c5c00000| PB 0x00000006c5c00000| Complete 
|   8|0x00000006c6000000, 0x00000006c6400000, 0x00000006c6400000|100%|HS|  |TAMS 0x00000006c6000000| PB 0x00000006c6000000| Complete 
|   9|0x00000006c6400000, 0x00000006c6800000, 0x00000006c6800000|100%|HS|  |TAMS 0x00000006c6400000| PB 0x00000006c6400000| Complete 
|  10|0x00000006c6800000, 0x00000006c6c00000, 0x00000006c6c00000|100%|HC|  |TAMS 0x00000006c6800000| PB 0x00000006c6800000| Complete 
|  11|0x00000006c6c00000, 0x00000006c7000000, 0x00000006c7000000|100%|HC|  |TAMS 0x00000006c6c00000| PB 0x00000006c6c00000| Complete 
|  12|0x00000006c7000000, 0x00000006c7400000, 0x00000006c7400000|100%|HS|  |TAMS 0x00000006c7000000| PB 0x00000006c7000000| Complete 
|  13|0x00000006c7400000, 0x00000006c7800000, 0x00000006c7800000|100%|HC|  |TAMS 0x00000006c7400000| PB 0x00000006c7400000| Complete 
|  14|0x00000006c7800000, 0x00000006c7c00000, 0x00000006c7c00000|100%|HC|  |TAMS 0x00000006c7800000| PB 0x00000006c7800000| Complete 
|  15|0x00000006c7c00000, 0x00000006c8000000, 0x00000006c8000000|100%|HS|  |TAMS 0x00000006c7c00000| PB 0x00000006c7c00000| Complete 
|  16|0x00000006c8000000, 0x00000006c8400000, 0x00000006c8400000|100%|HS|  |TAMS 0x00000006c8000000| PB 0x00000006c8000000| Complete 
|  17|0x00000006c8400000, 0x00000006c8800000, 0x00000006c8800000|100%|HS|  |TAMS 0x00000006c8400000| PB 0x00000006c8400000| Complete 
|  18|0x00000006c8800000, 0x00000006c8c00000, 0x00000006c8c00000|100%|HC|  |TAMS 0x00000006c8800000| PB 0x00000006c8800000| Complete 
|  19|0x00000006c8c00000, 0x00000006c9000000, 0x00000006c9000000|100%|HC|  |TAMS 0x00000006c8c00000| PB 0x00000006c8c00000| Complete 
|  20|0x00000006c9000000, 0x00000006c9400000, 0x00000006c9400000|100%|HS|  |TAMS 0x00000006c9000000| PB 0x00000006c9000000| Complete 
|  21|0x00000006c9400000, 0x00000006c9800000, 0x00000006c9800000|100%|HC|  |TAMS 0x00000006c9400000| PB 0x00000006c9400000| Complete 
|  22|0x00000006c9800000, 0x00000006c9c00000, 0x00000006c9c00000|100%|HC|  |TAMS 0x00000006c9800000| PB 0x00000006c9800000| Complete 
|  23|0x00000006c9c00000, 0x00000006ca000000, 0x00000006ca000000|100%|HS|  |TAMS 0x00000006c9c00000| PB 0x00000006c9c00000| Complete 
|  24|0x00000006ca000000, 0x00000006ca400000, 0x00000006ca400000|100%|HC|  |TAMS 0x00000006ca000000| PB 0x00000006ca000000| Complete 
|  25|0x00000006ca400000, 0x00000006ca800000, 0x00000006ca800000|100%|HC|  |TAMS 0x00000006ca400000| PB 0x00000006ca400000| Complete 
|  26|0x00000006ca800000, 0x00000006cac00000, 0x00000006cac00000|100%|HS|  |TAMS 0x00000006ca800000| PB 0x00000006ca800000| Complete 
|  27|0x00000006cac00000, 0x00000006cb000000, 0x00000006cb000000|100%|HC|  |TAMS 0x00000006cac00000| PB 0x00000006cac00000| Complete 
|  28|0x00000006cb000000, 0x00000006cb400000, 0x00000006cb400000|100%|HC|  |TAMS 0x00000006cb000000| PB 0x00000006cb000000| Complete 
|  29|0x00000006cb400000, 0x00000006cb800000, 0x00000006cb800000|100%|HS|  |TAMS 0x00000006cb400000| PB 0x00000006cb400000| Complete 
|  30|0x00000006cb800000, 0x00000006cbc00000, 0x00000006cbc00000|100%|HC|  |TAMS 0x00000006cb800000| PB 0x00000006cb800000| Complete 
|  31|0x00000006cbc00000, 0x00000006cc000000, 0x00000006cc000000|100%|HC|  |TAMS 0x00000006cbc00000| PB 0x00000006cbc00000| Complete 
|  32|0x00000006cc000000, 0x00000006cc400000, 0x00000006cc400000|100%|HS|  |TAMS 0x00000006cc000000| PB 0x00000006cc000000| Complete 
|  33|0x00000006cc400000, 0x00000006cc800000, 0x00000006cc800000|100%|HS|  |TAMS 0x00000006cc400000| PB 0x00000006cc400000| Complete 
|  34|0x00000006cc800000, 0x00000006ccc00000, 0x00000006ccc00000|100%|HS|  |TAMS 0x00000006cc800000| PB 0x00000006cc800000| Complete 
|  35|0x00000006ccc00000, 0x00000006cd000000, 0x00000006cd000000|100%|HC|  |TAMS 0x00000006ccc00000| PB 0x00000006ccc00000| Complete 
|  36|0x00000006cd000000, 0x00000006cd400000, 0x00000006cd400000|100%|HC|  |TAMS 0x00000006cd000000| PB 0x00000006cd000000| Complete 
|  37|0x00000006cd400000, 0x00000006cd800000, 0x00000006cd800000|100%|HS|  |TAMS 0x00000006cd400000| PB 0x00000006cd400000| Complete 
|  38|0x00000006cd800000, 0x00000006cdc00000, 0x00000006cdc00000|100%|HC|  |TAMS 0x00000006cd800000| PB 0x00000006cd800000| Complete 
|  39|0x00000006cdc00000, 0x00000006ce000000, 0x00000006ce000000|100%|HC|  |TAMS 0x00000006cdc00000| PB 0x00000006cdc00000| Complete 
|  40|0x00000006ce000000, 0x00000006ce400000, 0x00000006ce400000|100%|HS|  |TAMS 0x00000006ce000000| PB 0x00000006ce000000| Complete 
|  41|0x00000006ce400000, 0x00000006ce800000, 0x00000006ce800000|100%|HC|  |TAMS 0x00000006ce400000| PB 0x00000006ce400000| Complete 
|  42|0x00000006ce800000, 0x00000006cec00000, 0x00000006cec00000|100%|HC|  |TAMS 0x00000006ce800000| PB 0x00000006ce800000| Complete 
|  43|0x00000006cec00000, 0x00000006cf000000, 0x00000006cf000000|100%|HS|  |TAMS 0x00000006cec00000| PB 0x00000006cec00000| Complete 
|  44|0x00000006cf000000, 0x00000006cf400000, 0x00000006cf400000|100%|HC|  |TAMS 0x00000006cf000000| PB 0x00000006cf000000| Complete 
|  45|0x00000006cf400000, 0x00000006cf800000, 0x00000006cf800000|100%|HC|  |TAMS 0x00000006cf400000| PB 0x00000006cf400000| Complete 
|  46|0x00000006cf800000, 0x00000006cfc00000, 0x00000006cfc00000|100%|HS|  |TAMS 0x00000006cf800000| PB 0x00000006cf800000| Complete 
|  47|0x00000006cfc00000, 0x00000006d0000000, 0x00000006d0000000|100%|HC|  |TAMS 0x00000006cfc00000| PB 0x00000006cfc00000| Complete 
|  48|0x00000006d0000000, 0x00000006d0400000, 0x00000006d0400000|100%|HC|  |TAMS 0x00000006d0000000| PB 0x00000006d0000000| Complete 
|  49|0x00000006d0400000, 0x00000006d0800000, 0x00000006d0800000|100%|HS|  |TAMS 0x00000006d0400000| PB 0x00000006d0400000| Complete 
|  50|0x00000006d0800000, 0x00000006d0c00000, 0x00000006d0c00000|100%|HC|  |TAMS 0x00000006d0800000| PB 0x00000006d0800000| Complete 
|  51|0x00000006d0c00000, 0x00000006d1000000, 0x00000006d1000000|100%|HC|  |TAMS 0x00000006d0c00000| PB 0x00000006d0c00000| Complete 
|  52|0x00000006d1000000, 0x00000006d1400000, 0x00000006d1400000|100%|HS|  |TAMS 0x00000006d1000000| PB 0x00000006d1000000| Complete 
|  53|0x00000006d1400000, 0x00000006d1800000, 0x00000006d1800000|100%|HC|  |TAMS 0x00000006d1400000| PB 0x00000006d1400000| Complete 
|  54|0x00000006d1800000, 0x00000006d1c00000, 0x00000006d1c00000|100%|HC|  |TAMS 0x00000006d1800000| PB 0x00000006d1800000| Complete 
|  55|0x00000006d1c00000, 0x00000006d2000000, 0x00000006d2000000|100%|HS|  |TAMS 0x00000006d1c00000| PB 0x00000006d1c00000| Complete 
|  56|0x00000006d2000000, 0x00000006d2400000, 0x00000006d2400000|100%|HS|  |TAMS 0x00000006d2000000| PB 0x00000006d2000000| Complete 
|  57|0x00000006d2400000, 0x00000006d2800000, 0x00000006d2800000|100%|HC|  |TAMS 0x00000006d2400000| PB 0x00000006d2400000| Complete 
|  58|0x00000006d2800000, 0x00000006d2c00000, 0x00000006d2c00000|100%|HC|  |TAMS 0x00000006d2800000| PB 0x00000006d2800000| Complete 
|  59|0x00000006d2c00000, 0x00000006d3000000, 0x00000006d3000000|100%|HS|  |TAMS 0x00000006d2c00000| PB 0x00000006d2c00000| Complete 
|  60|0x00000006d3000000, 0x00000006d3400000, 0x00000006d3400000|100%|HC|  |TAMS 0x00000006d3000000| PB 0x00000006d3000000| Complete 
|  61|0x00000006d3400000, 0x00000006d3800000, 0x00000006d3800000|100%|HC|  |TAMS 0x00000006d3400000| PB 0x00000006d3400000| Complete 
|  62|0x00000006d3800000, 0x00000006d3c00000, 0x00000006d3c00000|100%|HS|  |TAMS 0x00000006d3800000| PB 0x00000006d3800000| Complete 
|  63|0x00000006d3c00000, 0x00000006d4000000, 0x00000006d4000000|100%|HC|  |TAMS 0x00000006d3c00000| PB 0x00000006d3c00000| Complete 
|  64|0x00000006d4000000, 0x00000006d4400000, 0x00000006d4400000|100%|HC|  |TAMS 0x00000006d4000000| PB 0x00000006d4000000| Complete 
|  65|0x00000006d4400000, 0x00000006d4800000, 0x00000006d4800000|100%|HS|  |TAMS 0x00000006d4400000| PB 0x00000006d4400000| Complete 
|  66|0x00000006d4800000, 0x00000006d4c00000, 0x00000006d4c00000|100%|HC|  |TAMS 0x00000006d4800000| PB 0x00000006d4800000| Complete 
|  67|0x00000006d4c00000, 0x00000006d5000000, 0x00000006d5000000|100%|HC|  |TAMS 0x00000006d4c00000| PB 0x00000006d4c00000| Complete 
|  68|0x00000006d5000000, 0x00000006d5400000, 0x00000006d5400000|100%|HS|  |TAMS 0x00000006d5000000| PB 0x00000006d5000000| Complete 
|  69|0x00000006d5400000, 0x00000006d5800000, 0x00000006d5800000|100%|HS|  |TAMS 0x00000006d5400000| PB 0x00000006d5400000| Complete 
|  70|0x00000006d5800000, 0x00000006d5c00000, 0x00000006d5c00000|100%|HS|  |TAMS 0x00000006d5800000| PB 0x00000006d5800000| Complete 
|  71|0x00000006d5c00000, 0x00000006d6000000, 0x00000006d6000000|100%|HS|  |TAMS 0x00000006d5c00000| PB 0x00000006d5c00000| Complete 
|  72|0x00000006d6000000, 0x00000006d6400000, 0x00000006d6400000|100%|HC|  |TAMS 0x00000006d6000000| PB 0x00000006d6000000| Complete 
|  73|0x00000006d6400000, 0x00000006d6800000, 0x00000006d6800000|100%|HC|  |TAMS 0x00000006d6400000| PB 0x00000006d6400000| Complete 
|  74|0x00000006d6800000, 0x00000006d6c00000, 0x00000006d6c00000|100%|HS|  |TAMS 0x00000006d6800000| PB 0x00000006d6800000| Complete 
|  75|0x00000006d6c00000, 0x00000006d7000000, 0x00000006d7000000|100%|HC|  |TAMS 0x00000006d6c00000| PB 0x00000006d6c00000| Complete 
|  76|0x00000006d7000000, 0x00000006d7400000, 0x00000006d7400000|100%|HC|  |TAMS 0x00000006d7000000| PB 0x00000006d7000000| Complete 
|  77|0x00000006d7400000, 0x00000006d7800000, 0x00000006d7800000|100%|HS|  |TAMS 0x00000006d7400000| PB 0x00000006d7400000| Complete 
|  78|0x00000006d7800000, 0x00000006d7c00000, 0x00000006d7c00000|100%|HS|  |TAMS 0x00000006d7800000| PB 0x00000006d7800000| Complete 
|  79|0x00000006d7c00000, 0x00000006d8000000, 0x00000006d8000000|100%|HC|  |TAMS 0x00000006d7c00000| PB 0x00000006d7c00000| Complete 
|  80|0x00000006d8000000, 0x00000006d8400000, 0x00000006d8400000|100%|HC|  |TAMS 0x00000006d8000000| PB 0x00000006d8000000| Complete 
|  81|0x00000006d8400000, 0x00000006d8800000, 0x00000006d8800000|100%|HS|  |TAMS 0x00000006d8400000| PB 0x00000006d8400000| Complete 
|  82|0x00000006d8800000, 0x00000006d8c00000, 0x00000006d8c00000|100%|HS|  |TAMS 0x00000006d8800000| PB 0x00000006d8800000| Complete 
|  83|0x00000006d8c00000, 0x00000006d9000000, 0x00000006d9000000|100%|HC|  |TAMS 0x00000006d8c00000| PB 0x00000006d8c00000| Complete 
|  84|0x00000006d9000000, 0x00000006d9400000, 0x00000006d9400000|100%|HC|  |TAMS 0x00000006d9000000| PB 0x00000006d9000000| Complete 
|  85|0x00000006d9400000, 0x00000006d9800000, 0x00000006d9800000|100%|HS|  |TAMS 0x00000006d9400000| PB 0x00000006d9400000| Complete 
|  86|0x00000006d9800000, 0x00000006d9c00000, 0x00000006d9c00000|100%|HC|  |TAMS 0x00000006d9800000| PB 0x00000006d9800000| Complete 
|  87|0x00000006d9c00000, 0x00000006da000000, 0x00000006da000000|100%|HC|  |TAMS 0x00000006d9c00000| PB 0x00000006d9c00000| Complete 
|  88|0x00000006da000000, 0x00000006da400000, 0x00000006da400000|100%|HS|  |TAMS 0x00000006da000000| PB 0x00000006da000000| Complete 
|  89|0x00000006da400000, 0x00000006da800000, 0x00000006da800000|100%|HC|  |TAMS 0x00000006da400000| PB 0x00000006da400000| Complete 
|  90|0x00000006da800000, 0x00000006dac00000, 0x00000006dac00000|100%|HC|  |TAMS 0x00000006da800000| PB 0x00000006da800000| Complete 
|  91|0x00000006dac00000, 0x00000006db000000, 0x00000006db000000|100%|HS|  |TAMS 0x00000006dac00000| PB 0x00000006dac00000| Complete 
|  92|0x00000006db000000, 0x00000006db400000, 0x00000006db400000|100%|HS|  |TAMS 0x00000006db000000| PB 0x00000006db000000| Complete 
|  93|0x00000006db400000, 0x00000006db800000, 0x00000006db800000|100%|HC|  |TAMS 0x00000006db400000| PB 0x00000006db400000| Complete 
|  94|0x00000006db800000, 0x00000006dbc00000, 0x00000006dbc00000|100%|HC|  |TAMS 0x00000006db800000| PB 0x00000006db800000| Complete 
|  95|0x00000006dbc00000, 0x00000006dbc00000, 0x00000006dc000000|  0%| F|  |TAMS 0x00000006dbc00000| PB 0x00000006dbc00000| Untracked 
|  96|0x00000006dc000000, 0x00000006dc400000, 0x00000006dc400000|100%|HS|  |TAMS 0x00000006dc000000| PB 0x00000006dc000000| Complete 
|  97|0x00000006dc400000, 0x00000006dc800000, 0x00000006dc800000|100%|HC|  |TAMS 0x00000006dc400000| PB 0x00000006dc400000| Complete 
|  98|0x00000006dc800000, 0x00000006dcc00000, 0x00000006dcc00000|100%|HC|  |TAMS 0x00000006dc800000| PB 0x00000006dc800000| Complete 
|  99|0x00000006dcc00000, 0x00000006dd000000, 0x00000006dd000000|100%|HS|  |TAMS 0x00000006dcc00000| PB 0x00000006dcc00000| Complete 
| 100|0x00000006dd000000, 0x00000006dd400000, 0x00000006dd400000|100%|HC|  |TAMS 0x00000006dd000000| PB 0x00000006dd000000| Complete 
| 101|0x00000006dd400000, 0x00000006dd800000, 0x00000006dd800000|100%|HC|  |TAMS 0x00000006dd400000| PB 0x00000006dd400000| Complete 
| 102|0x00000006dd800000, 0x00000006ddc00000, 0x00000006ddc00000|100%|HS|  |TAMS 0x00000006dd800000| PB 0x00000006dd800000| Complete 
| 103|0x00000006ddc00000, 0x00000006de000000, 0x00000006de000000|100%|HC|  |TAMS 0x00000006ddc00000| PB 0x00000006ddc00000| Complete 
| 104|0x00000006de000000, 0x00000006de400000, 0x00000006de400000|100%|HC|  |TAMS 0x00000006de000000| PB 0x00000006de000000| Complete 
| 105|0x00000006de400000, 0x00000006de800000, 0x00000006de800000|100%|HS|  |TAMS 0x00000006de400000| PB 0x00000006de400000| Complete 
| 106|0x00000006de800000, 0x00000006dec00000, 0x00000006dec00000|100%|HC|  |TAMS 0x00000006de800000| PB 0x00000006de800000| Complete 
| 107|0x00000006dec00000, 0x00000006df000000, 0x00000006df000000|100%|HC|  |TAMS 0x00000006dec00000| PB 0x00000006dec00000| Complete 
| 108|0x00000006df000000, 0x00000006df000000, 0x00000006df400000|  0%| F|  |TAMS 0x00000006df000000| PB 0x00000006df000000| Untracked 
| 109|0x00000006df400000, 0x00000006df800000, 0x00000006df800000|100%|HS|  |TAMS 0x00000006df400000| PB 0x00000006df400000| Complete 
| 110|0x00000006df800000, 0x00000006dfc00000, 0x00000006dfc00000|100%|HC|  |TAMS 0x00000006df800000| PB 0x00000006df800000| Complete 
| 111|0x00000006dfc00000, 0x00000006e0000000, 0x00000006e0000000|100%|HC|  |TAMS 0x00000006dfc00000| PB 0x00000006dfc00000| Complete 
| 112|0x00000006e0000000, 0x00000006e0400000, 0x00000006e0400000|100%|HS|  |TAMS 0x00000006e0000000| PB 0x00000006e0000000| Complete 
| 113|0x00000006e0400000, 0x00000006e0800000, 0x00000006e0800000|100%|HC|  |TAMS 0x00000006e0400000| PB 0x00000006e0400000| Complete 
| 114|0x00000006e0800000, 0x00000006e0c00000, 0x00000006e0c00000|100%|HC|  |TAMS 0x00000006e0800000| PB 0x00000006e0800000| Complete 
| 115|0x00000006e0c00000, 0x00000006e0c00000, 0x00000006e1000000|  0%| F|  |TAMS 0x00000006e0c00000| PB 0x00000006e0c00000| Untracked 
| 116|0x00000006e1000000, 0x00000006e1000000, 0x00000006e1400000|  0%| F|  |TAMS 0x00000006e1000000| PB 0x00000006e1000000| Untracked 
| 117|0x00000006e1400000, 0x00000006e1800000, 0x00000006e1800000|100%|HS|  |TAMS 0x00000006e1400000| PB 0x00000006e1400000| Complete 
| 118|0x00000006e1800000, 0x00000006e1c00000, 0x00000006e1c00000|100%|HC|  |TAMS 0x00000006e1800000| PB 0x00000006e1800000| Complete 
| 119|0x00000006e1c00000, 0x00000006e2000000, 0x00000006e2000000|100%|HC|  |TAMS 0x00000006e1c00000| PB 0x00000006e1c00000| Complete 
| 120|0x00000006e2000000, 0x00000006e2400000, 0x00000006e2400000|100%|HS|  |TAMS 0x00000006e2000000| PB 0x00000006e2000000| Complete 
| 121|0x00000006e2400000, 0x00000006e2800000, 0x00000006e2800000|100%|HC|  |TAMS 0x00000006e2400000| PB 0x00000006e2400000| Complete 
| 122|0x00000006e2800000, 0x00000006e2c00000, 0x00000006e2c00000|100%|HC|  |TAMS 0x00000006e2800000| PB 0x00000006e2800000| Complete 
| 123|0x00000006e2c00000, 0x00000006e3000000, 0x00000006e3000000|100%|HS|  |TAMS 0x00000006e2c00000| PB 0x00000006e2c00000| Complete 
| 124|0x00000006e3000000, 0x00000006e3400000, 0x00000006e3400000|100%|HC|  |TAMS 0x00000006e3000000| PB 0x00000006e3000000| Complete 
| 125|0x00000006e3400000, 0x00000006e3800000, 0x00000006e3800000|100%|HC|  |TAMS 0x00000006e3400000| PB 0x00000006e3400000| Complete 
| 126|0x00000006e3800000, 0x00000006e3c00000, 0x00000006e3c00000|100%|HS|  |TAMS 0x00000006e3800000| PB 0x00000006e3800000| Complete 
| 127|0x00000006e3c00000, 0x00000006e4000000, 0x00000006e4000000|100%|HC|  |TAMS 0x00000006e3c00000| PB 0x00000006e3c00000| Complete 
| 128|0x00000006e4000000, 0x00000006e4400000, 0x00000006e4400000|100%|HC|  |TAMS 0x00000006e4000000| PB 0x00000006e4000000| Complete 
| 129|0x00000006e4400000, 0x00000006e4800000, 0x00000006e4800000|100%|HS|  |TAMS 0x00000006e4400000| PB 0x00000006e4400000| Complete 
| 130|0x00000006e4800000, 0x00000006e4c00000, 0x00000006e4c00000|100%|HC|  |TAMS 0x00000006e4800000| PB 0x00000006e4800000| Complete 
| 131|0x00000006e4c00000, 0x00000006e5000000, 0x00000006e5000000|100%|HC|  |TAMS 0x00000006e4c00000| PB 0x00000006e4c00000| Complete 
| 132|0x00000006e5000000, 0x00000006e5400000, 0x00000006e5400000|100%|HS|  |TAMS 0x00000006e5000000| PB 0x00000006e5000000| Complete 
| 133|0x00000006e5400000, 0x00000006e5800000, 0x00000006e5800000|100%|HC|  |TAMS 0x00000006e5400000| PB 0x00000006e5400000| Complete 
| 134|0x00000006e5800000, 0x00000006e5c00000, 0x00000006e5c00000|100%|HC|  |TAMS 0x00000006e5800000| PB 0x00000006e5800000| Complete 
| 135|0x00000006e5c00000, 0x00000006e6000000, 0x00000006e6000000|100%|HS|  |TAMS 0x00000006e5c00000| PB 0x00000006e5c00000| Complete 
| 136|0x00000006e6000000, 0x00000006e6400000, 0x00000006e6400000|100%|HC|  |TAMS 0x00000006e6000000| PB 0x00000006e6000000| Complete 
| 137|0x00000006e6400000, 0x00000006e6800000, 0x00000006e6800000|100%|HC|  |TAMS 0x00000006e6400000| PB 0x00000006e6400000| Complete 
| 138|0x00000006e6800000, 0x00000006e6c00000, 0x00000006e6c00000|100%|HS|  |TAMS 0x00000006e6800000| PB 0x00000006e6800000| Complete 
| 139|0x00000006e6c00000, 0x00000006e7000000, 0x00000006e7000000|100%|HC|  |TAMS 0x00000006e6c00000| PB 0x00000006e6c00000| Complete 
| 140|0x00000006e7000000, 0x00000006e7400000, 0x00000006e7400000|100%|HC|  |TAMS 0x00000006e7000000| PB 0x00000006e7000000| Complete 
| 141|0x00000006e7400000, 0x00000006e7800000, 0x00000006e7800000|100%|HS|  |TAMS 0x00000006e7400000| PB 0x00000006e7400000| Complete 
| 142|0x00000006e7800000, 0x00000006e7c00000, 0x00000006e7c00000|100%|HC|  |TAMS 0x00000006e7800000| PB 0x00000006e7800000| Complete 
| 143|0x00000006e7c00000, 0x00000006e8000000, 0x00000006e8000000|100%|HC|  |TAMS 0x00000006e7c00000| PB 0x00000006e7c00000| Complete 
| 144|0x00000006e8000000, 0x00000006e8400000, 0x00000006e8400000|100%|HS|  |TAMS 0x00000006e8000000| PB 0x00000006e8000000| Complete 
| 145|0x00000006e8400000, 0x00000006e8800000, 0x00000006e8800000|100%|HC|  |TAMS 0x00000006e8400000| PB 0x00000006e8400000| Complete 
| 146|0x00000006e8800000, 0x00000006e8c00000, 0x00000006e8c00000|100%|HC|  |TAMS 0x00000006e8800000| PB 0x00000006e8800000| Complete 
| 147|0x00000006e8c00000, 0x00000006e9000000, 0x00000006e9000000|100%|HS|  |TAMS 0x00000006e8c00000| PB 0x00000006e8c00000| Complete 
| 148|0x00000006e9000000, 0x00000006e9400000, 0x00000006e9400000|100%|HC|  |TAMS 0x00000006e9000000| PB 0x00000006e9000000| Complete 
| 149|0x00000006e9400000, 0x00000006e9800000, 0x00000006e9800000|100%|HC|  |TAMS 0x00000006e9400000| PB 0x00000006e9400000| Complete 
| 150|0x00000006e9800000, 0x00000006e9c00000, 0x00000006e9c00000|100%|HS|  |TAMS 0x00000006e9800000| PB 0x00000006e9800000| Complete 
| 151|0x00000006e9c00000, 0x00000006ea000000, 0x00000006ea000000|100%|HC|  |TAMS 0x00000006e9c00000| PB 0x00000006e9c00000| Complete 
| 152|0x00000006ea000000, 0x00000006ea400000, 0x00000006ea400000|100%|HC|  |TAMS 0x00000006ea000000| PB 0x00000006ea000000| Complete 
| 153|0x00000006ea400000, 0x00000006ea800000, 0x00000006ea800000|100%|HS|  |TAMS 0x00000006ea400000| PB 0x00000006ea400000| Complete 
| 154|0x00000006ea800000, 0x00000006eac00000, 0x00000006eac00000|100%|HC|  |TAMS 0x00000006ea800000| PB 0x00000006ea800000| Complete 
| 155|0x00000006eac00000, 0x00000006eb000000, 0x00000006eb000000|100%|HC|  |TAMS 0x00000006eac00000| PB 0x00000006eac00000| Complete 
| 156|0x00000006eb000000, 0x00000006eb400000, 0x00000006eb400000|100%|HS|  |TAMS 0x00000006eb000000| PB 0x00000006eb000000| Complete 
| 157|0x00000006eb400000, 0x00000006eb800000, 0x00000006eb800000|100%|HC|  |TAMS 0x00000006eb400000| PB 0x00000006eb400000| Complete 
| 158|0x00000006eb800000, 0x00000006ebc00000, 0x00000006ebc00000|100%|HC|  |TAMS 0x00000006eb800000| PB 0x00000006eb800000| Complete 
| 159|0x00000006ebc00000, 0x00000006ec000000, 0x00000006ec000000|100%|HS|  |TAMS 0x00000006ebc00000| PB 0x00000006ebc00000| Complete 
| 160|0x00000006ec000000, 0x00000006ec400000, 0x00000006ec400000|100%|HC|  |TAMS 0x00000006ec000000| PB 0x00000006ec000000| Complete 
| 161|0x00000006ec400000, 0x00000006ec800000, 0x00000006ec800000|100%|HC|  |TAMS 0x00000006ec400000| PB 0x00000006ec400000| Complete 
| 162|0x00000006ec800000, 0x00000006ecc00000, 0x00000006ecc00000|100%|HS|  |TAMS 0x00000006ec800000| PB 0x00000006ec800000| Complete 
| 163|0x00000006ecc00000, 0x00000006ed000000, 0x00000006ed000000|100%|HC|  |TAMS 0x00000006ecc00000| PB 0x00000006ecc00000| Complete 
| 164|0x00000006ed000000, 0x00000006ed400000, 0x00000006ed400000|100%|HC|  |TAMS 0x00000006ed000000| PB 0x00000006ed000000| Complete 
| 165|0x00000006ed400000, 0x00000006ed800000, 0x00000006ed800000|100%|HS|  |TAMS 0x00000006ed400000| PB 0x00000006ed400000| Complete 
| 166|0x00000006ed800000, 0x00000006edc00000, 0x00000006edc00000|100%|HC|  |TAMS 0x00000006ed800000| PB 0x00000006ed800000| Complete 
| 167|0x00000006edc00000, 0x00000006ee000000, 0x00000006ee000000|100%|HC|  |TAMS 0x00000006edc00000| PB 0x00000006edc00000| Complete 
| 168|0x00000006ee000000, 0x00000006ee400000, 0x00000006ee400000|100%|HS|  |TAMS 0x00000006ee000000| PB 0x00000006ee000000| Complete 
| 169|0x00000006ee400000, 0x00000006ee800000, 0x00000006ee800000|100%|HC|  |TAMS 0x00000006ee400000| PB 0x00000006ee400000| Complete 
| 170|0x00000006ee800000, 0x00000006eec00000, 0x00000006eec00000|100%|HC|  |TAMS 0x00000006ee800000| PB 0x00000006ee800000| Complete 
| 171|0x00000006eec00000, 0x00000006ef000000, 0x00000006ef000000|100%|HS|  |TAMS 0x00000006eec00000| PB 0x00000006eec00000| Complete 
| 172|0x00000006ef000000, 0x00000006ef400000, 0x00000006ef400000|100%|HC|  |TAMS 0x00000006ef000000| PB 0x00000006ef000000| Complete 
| 173|0x00000006ef400000, 0x00000006ef800000, 0x00000006ef800000|100%|HC|  |TAMS 0x00000006ef400000| PB 0x00000006ef400000| Complete 
| 174|0x00000006ef800000, 0x00000006ef800000, 0x00000006efc00000|  0%| F|  |TAMS 0x00000006ef800000| PB 0x00000006ef800000| Untracked 
| 175|0x00000006efc00000, 0x00000006f0000000, 0x00000006f0000000|100%|HS|  |TAMS 0x00000006efc00000| PB 0x00000006efc00000| Complete 
| 176|0x00000006f0000000, 0x00000006f0400000, 0x00000006f0400000|100%|HC|  |TAMS 0x00000006f0000000| PB 0x00000006f0000000| Complete 
| 177|0x00000006f0400000, 0x00000006f0800000, 0x00000006f0800000|100%|HC|  |TAMS 0x00000006f0400000| PB 0x00000006f0400000| Complete 
| 178|0x00000006f0800000, 0x00000006f0c00000, 0x00000006f0c00000|100%| E|  |TAMS 0x00000006f0800000| PB 0x00000006f0800000| Complete 
| 179|0x00000006f0c00000, 0x00000006f1000000, 0x00000006f1000000|100%|HS|  |TAMS 0x00000006f0c00000| PB 0x00000006f0c00000| Complete 
| 180|0x00000006f1000000, 0x00000006f1400000, 0x00000006f1400000|100%|HC|  |TAMS 0x00000006f1000000| PB 0x00000006f1000000| Complete 
| 181|0x00000006f1400000, 0x00000006f1800000, 0x00000006f1800000|100%|HC|  |TAMS 0x00000006f1400000| PB 0x00000006f1400000| Complete 
| 182|0x00000006f1800000, 0x00000006f1c00000, 0x00000006f1c00000|100%|HS|  |TAMS 0x00000006f1800000| PB 0x00000006f1800000| Complete 
| 183|0x00000006f1c00000, 0x00000006f2000000, 0x00000006f2000000|100%|HC|  |TAMS 0x00000006f1c00000| PB 0x00000006f1c00000| Complete 
| 184|0x00000006f2000000, 0x00000006f2400000, 0x00000006f2400000|100%|HC|  |TAMS 0x00000006f2000000| PB 0x00000006f2000000| Complete 
| 185|0x00000006f2400000, 0x00000006f2800000, 0x00000006f2800000|100%| E|CS|TAMS 0x00000006f2400000| PB 0x00000006f2400000| Complete 
| 186|0x00000006f2800000, 0x00000006f2c00000, 0x00000006f2c00000|100%|HS|  |TAMS 0x00000006f2800000| PB 0x00000006f2800000| Complete 
| 187|0x00000006f2c00000, 0x00000006f3000000, 0x00000006f3000000|100%|HC|  |TAMS 0x00000006f2c00000| PB 0x00000006f2c00000| Complete 
| 188|0x00000006f3000000, 0x00000006f3400000, 0x00000006f3400000|100%|HC|  |TAMS 0x00000006f3000000| PB 0x00000006f3000000| Complete 
| 189|0x00000006f3400000, 0x00000006f3800000, 0x00000006f3800000|100%|HS|  |TAMS 0x00000006f3400000| PB 0x00000006f3400000| Complete 
| 190|0x00000006f3800000, 0x00000006f3c00000, 0x00000006f3c00000|100%|HC|  |TAMS 0x00000006f3800000| PB 0x00000006f3800000| Complete 
| 191|0x00000006f3c00000, 0x00000006f4000000, 0x00000006f4000000|100%|HC|  |TAMS 0x00000006f3c00000| PB 0x00000006f3c00000| Complete 
| 192|0x00000006f4000000, 0x00000006f4400000, 0x00000006f4400000|100%|HS|  |TAMS 0x00000006f4000000| PB 0x00000006f4000000| Complete 
| 193|0x00000006f4400000, 0x00000006f4800000, 0x00000006f4800000|100%|HC|  |TAMS 0x00000006f4400000| PB 0x00000006f4400000| Complete 
| 194|0x00000006f4800000, 0x00000006f4c00000, 0x00000006f4c00000|100%|HC|  |TAMS 0x00000006f4800000| PB 0x00000006f4800000| Complete 
| 195|0x00000006f4c00000, 0x00000006f5000000, 0x00000006f5000000|100%|HS|  |TAMS 0x00000006f4c00000| PB 0x00000006f4c00000| Complete 
| 196|0x00000006f5000000, 0x00000006f5400000, 0x00000006f5400000|100%|HS|  |TAMS 0x00000006f5000000| PB 0x00000006f5000000| Complete 
| 197|0x00000006f5400000, 0x00000006f5800000, 0x00000006f5800000|100%|HC|  |TAMS 0x00000006f5400000| PB 0x00000006f5400000| Complete 
| 198|0x00000006f5800000, 0x00000006f5c00000, 0x00000006f5c00000|100%|HC|  |TAMS 0x00000006f5800000| PB 0x00000006f5800000| Complete 
| 199|0x00000006f5c00000, 0x00000006f6000000, 0x00000006f6000000|100%|HS|  |TAMS 0x00000006f5c00000| PB 0x00000006f5c00000| Complete 
| 200|0x00000006f6000000, 0x00000006f6400000, 0x00000006f6400000|100%|HC|  |TAMS 0x00000006f6000000| PB 0x00000006f6000000| Complete 
| 201|0x00000006f6400000, 0x00000006f6800000, 0x00000006f6800000|100%|HC|  |TAMS 0x00000006f6400000| PB 0x00000006f6400000| Complete 
| 202|0x00000006f6800000, 0x00000006f6c00000, 0x00000006f6c00000|100%|HS|  |TAMS 0x00000006f6800000| PB 0x00000006f6800000| Complete 
| 203|0x00000006f6c00000, 0x00000006f7000000, 0x00000006f7000000|100%|HS|  |TAMS 0x00000006f6c00000| PB 0x00000006f6c00000| Complete 
| 204|0x00000006f7000000, 0x00000006f7400000, 0x00000006f7400000|100%|HS|  |TAMS 0x00000006f7000000| PB 0x00000006f7000000| Complete 
| 205|0x00000006f7400000, 0x00000006f7800000, 0x00000006f7800000|100%|HC|  |TAMS 0x00000006f7400000| PB 0x00000006f7400000| Complete 
| 206|0x00000006f7800000, 0x00000006f7c00000, 0x00000006f7c00000|100%|HC|  |TAMS 0x00000006f7800000| PB 0x00000006f7800000| Complete 
| 207|0x00000006f7c00000, 0x00000006f7d5d4f0, 0x00000006f8000000| 34%| S|CS|TAMS 0x00000006f7c00000| PB 0x00000006f7c00000| Complete 
| 208|0x00000006f8000000, 0x00000006f8400000, 0x00000006f8400000|100%|HS|  |TAMS 0x00000006f8000000| PB 0x00000006f8000000| Complete 
| 209|0x00000006f8400000, 0x00000006f8800000, 0x00000006f8800000|100%|HC|  |TAMS 0x00000006f8400000| PB 0x00000006f8400000| Complete 
| 210|0x00000006f8800000, 0x00000006f8c00000, 0x00000006f8c00000|100%|HC|  |TAMS 0x00000006f8800000| PB 0x00000006f8800000| Complete 
| 211|0x00000006f8c00000, 0x00000006f9000000, 0x00000006f9000000|100%|HS|  |TAMS 0x00000006f8c00000| PB 0x00000006f8c00000| Complete 
| 212|0x00000006f9000000, 0x00000006f9400000, 0x00000006f9400000|100%|HC|  |TAMS 0x00000006f9000000| PB 0x00000006f9000000| Complete 
| 213|0x00000006f9400000, 0x00000006f9800000, 0x00000006f9800000|100%|HC|  |TAMS 0x00000006f9400000| PB 0x00000006f9400000| Complete 
| 214|0x00000006f9800000, 0x00000006f9c00000, 0x00000006f9c00000|100%|HS|  |TAMS 0x00000006f9800000| PB 0x00000006f9800000| Complete 
| 215|0x00000006f9c00000, 0x00000006fa000000, 0x00000006fa000000|100%|HC|  |TAMS 0x00000006f9c00000| PB 0x00000006f9c00000| Complete 
| 216|0x00000006fa000000, 0x00000006fa400000, 0x00000006fa400000|100%|HC|  |TAMS 0x00000006fa000000| PB 0x00000006fa000000| Complete 
| 217|0x00000006fa400000, 0x00000006fa800000, 0x00000006fa800000|100%|HS|  |TAMS 0x00000006fa400000| PB 0x00000006fa400000| Complete 
| 218|0x00000006fa800000, 0x00000006fac00000, 0x00000006fac00000|100%|HC|  |TAMS 0x00000006fa800000| PB 0x00000006fa800000| Complete 
| 219|0x00000006fac00000, 0x00000006fb000000, 0x00000006fb000000|100%|HC|  |TAMS 0x00000006fac00000| PB 0x00000006fac00000| Complete 
|1255|0x00000007fdc00000, 0x00000007fdd97178, 0x00000007fe000000| 39%| O|  |TAMS 0x00000007fdc00000| PB 0x00000007fdc00000| Untracked 
|1256|0x00000007fe000000, 0x00000007fe400000, 0x00000007fe400000|100%| O|  |TAMS 0x00000007fe000000| PB 0x00000007fe000000| Untracked 
|1257|0x00000007fe400000, 0x00000007fe800000, 0x00000007fe800000|100%| O|  |TAMS 0x00000007fe400000| PB 0x00000007fe400000| Untracked 
|1258|0x00000007fe800000, 0x00000007fec00000, 0x00000007fec00000|100%| O|  |TAMS 0x00000007fe800000| PB 0x00000007fe800000| Untracked 
|1259|0x00000007fec00000, 0x00000007ff000000, 0x00000007ff000000|100%| O|  |TAMS 0x00000007fec00000| PB 0x00000007fec00000| Untracked 
|1260|0x00000007ff000000, 0x00000007ff400000, 0x00000007ff400000|100%| O|  |TAMS 0x00000007ff000000| PB 0x00000007ff000000| Untracked 
|1261|0x00000007ff400000, 0x00000007ff800000, 0x00000007ff800000|100%| O|  |TAMS 0x00000007ff400000| PB 0x00000007ff400000| Untracked 
|1262|0x00000007ff800000, 0x00000007ffc00000, 0x00000007ffc00000|100%| O|Cm|TAMS 0x00000007ff800000| PB 0x00000007ff800000| Complete 
|1263|0x00000007ffc00000, 0x0000000800000000, 0x0000000800000000|100%| O|  |TAMS 0x00000007ffc00000| PB 0x00000007ffc00000| Untracked 

Card table byte_map: [0x00000230b75d0000,0x00000230b7fb0000] _byte_map_base: 0x00000230b3fb0000

Marking Bits: (CMBitMap*) 0x00000230a3f8e950
 Bits: [0x00000230b7fb0000, 0x00000230bceb0000)

Polling page: 0x00000230a1f90000

Metaspace:

Usage:
  Non-class:     20.79 MB used.
      Class:      3.10 MB used.
       Both:     23.89 MB used.

Virtual space:
  Non-class space:       64.00 MB reserved,      21.00 MB ( 33%) committed,  1 nodes.
      Class space:        1.00 GB reserved,       3.31 MB ( <1%) committed,  1 nodes.
             Both:        1.06 GB reserved,      24.31 MB (  2%) committed. 

Chunk freelists:
   Non-Class:  10.84 MB
       Class:  12.61 MB
        Both:  23.45 MB

MaxMetaspaceSize: unlimited
CompressedClassSpaceSize: 1.00 GB
Initial GC threshold: 21.00 MB
Current GC threshold: 40.25 MB
CDS: on
 - commit_granule_bytes: 65536.
 - commit_granule_words: 8192.
 - virtual_space_node_default_size: 8388608.
 - enlarge_chunks_in_place: 1.
 - use_allocation_guard: 0.


Internal statistics:

num_allocs_failed_limit: 3.
num_arena_births: 508.
num_arena_deaths: 0.
num_vsnodes_births: 2.
num_vsnodes_deaths: 0.
num_space_committed: 389.
num_space_uncommitted: 0.
num_chunks_returned_to_freelist: 3.
num_chunks_taken_from_freelist: 1369.
num_chunk_merges: 3.
num_chunk_splits: 936.
num_chunks_enlarged: 661.
num_inconsistent_stats: 0.

CodeHeap 'non-profiled nmethods': size=120000Kb used=3712Kb max_used=3712Kb free=116287Kb
 bounds [0x00000230af390000, 0x00000230af740000, 0x00000230b68c0000]
CodeHeap 'profiled nmethods': size=120000Kb used=13063Kb max_used=14755Kb free=106936Kb
 bounds [0x00000230a78c0000, 0x00000230a8730000, 0x00000230aedf0000]
CodeHeap 'non-nmethods': size=5760Kb used=2158Kb max_used=2205Kb free=3601Kb
 bounds [0x00000230aedf0000, 0x00000230af060000, 0x00000230af390000]
CodeCache: size=245760Kb, used=18933Kb, max_used=20672Kb, free=226824Kb
 total_blobs=7183, nmethods=6291, adapters=793, full_count=0
Compilation: enabled, stopped_count=0, restarted_count=0

Compilation events (20 events):
Event: 14.079 Thread 0x00000230bf8ef850 7038       1       com.sun.glass.ui.Window::getPlatformScaleY (5 bytes)
Event: 14.079 Thread 0x00000230bf8ef850 nmethod 7038 0x00000230af43e790 code [0x00000230af43e920, 0x00000230af43e9e8]
Event: 14.079 Thread 0x00000230bf8eddb0 nmethod 7031 0x00000230af714e90 code [0x00000230af715040, 0x00000230af7151f8]
Event: 14.079 Thread 0x00000230bf8eddb0 7039       4       java.lang.ThreadLocal$ThreadLocalMap::getEntry (42 bytes)
Event: 14.080 Thread 0x000002310a2943f0 nmethod 7034 0x00000230af715410 code [0x00000230af7155a0, 0x00000230af715668]
Event: 14.080 Thread 0x000002310a2943f0 7033       4       java.io.BufferedInputStream::implAvailable (35 bytes)
Event: 14.080 Thread 0x00000230bf8ef850 7040       3       com.sun.javafx.geom.transform.AffineBase::setTransform (43 bytes)
Event: 14.080 Thread 0x00000230bf8ef850 nmethod 7040 0x00000230a7d9d490 code [0x00000230a7d9d640, 0x00000230a7d9d8f0]
Event: 14.081 Thread 0x00000230bf8eddb0 nmethod 7039 0x00000230af715710 code [0x00000230af7158c0, 0x00000230af715a20]
Event: 14.081 Thread 0x00000230bf8eddb0 7020       4       com.sun.javafx.application.PlatformImpl$$Lambda/0x00000230c1086660::run (12 bytes)
Event: 14.083 Thread 0x000002310a2943f0 nmethod 7033 0x00000230af715b90 code [0x00000230af715d40, 0x00000230af715ef8]
Event: 14.083 Thread 0x000002310a2943f0 7032       4       com.sun.prism.impl.ps.BaseShaderContext::validateTextureOp (194 bytes)
Event: 14.090 Thread 0x00000230bf8ef850 7041       3       javafx.scene.Scene$TargetWrapper::getEventTarget (19 bytes)
Event: 14.090 Thread 0x00000230bf8ef850 nmethod 7041 0x00000230a7d3c510 code [0x00000230a7d3c6c0, 0x00000230a7d3c848]
Event: 14.093 Thread 0x00000230bf8eddb0 nmethod 7020 0x00000230af716110 code [0x00000230af7163a0, 0x00000230af716be0]
Event: 14.093 Thread 0x00000230bf8eddb0 7042       4       com.sun.scenario.effect.impl.prism.ps.PPSRenderer::isImageDataCompatible (39 bytes)
Event: 14.095 Thread 0x00000230bf8ef850 7045       1       com.sun.javafx.scene.NodeEventDispatcher::getFirstDispatcher (5 bytes)
Event: 14.095 Thread 0x00000230bf8ef850 nmethod 7045 0x00000230af717290 code [0x00000230af717420, 0x00000230af7174f0]
Event: 14.096 Thread 0x00000230bf8eddb0 nmethod 7042 0x00000230af717590 code [0x00000230af717760, 0x00000230af717a90]
Event: 14.097 Thread 0x00000230bf8eddb0 7043       4       com.sun.javafx.geom.transform.Affine2D::setTransform (375 bytes)

GC Heap History (14 events):
Event: 2.140 GC heap before
{Heap before GC invocations=0 (full 0):
 garbage-first heap   total 323584K, used 16384K [0x00000006c4000000, 0x0000000800000000)
  region size 4096K, 5 young (20480K), 0 survivors (0K)
 Metaspace       used 3427K, committed 3584K, reserved 1114112K
  class space    used 357K, committed 448K, reserved 1048576K
}
Event: 2.147 GC heap after
{Heap after GC invocations=1 (full 0):
 garbage-first heap   total 323584K, used 2502K [0x00000006c4000000, 0x0000000800000000)
  region size 4096K, 1 young (4096K), 1 survivors (4096K)
 Metaspace       used 3427K, committed 3584K, reserved 1114112K
  class space    used 357K, committed 448K, reserved 1048576K
}
Event: 4.730 GC heap before
{Heap before GC invocations=1 (full 0):
 garbage-first heap   total 323584K, used 39366K [0x00000006c4000000, 0x0000000800000000)
  region size 4096K, 11 young (45056K), 1 survivors (4096K)
 Metaspace       used 14614K, committed 14912K, reserved 1114112K
  class space    used 1868K, committed 1984K, reserved 1048576K
}
Event: 4.744 GC heap after
{Heap after GC invocations=2 (full 0):
 garbage-first heap   total 323584K, used 8591K [0x00000006c4000000, 0x0000000800000000)
  region size 4096K, 2 young (8192K), 2 survivors (8192K)
 Metaspace       used 14614K, committed 14912K, reserved 1114112K
  class space    used 1868K, committed 1984K, reserved 1048576K
}
Event: 8.978 GC heap before
{Heap before GC invocations=2 (full 0):
 garbage-first heap   total 323584K, used 184719K [0x00000006c4000000, 0x0000000800000000)
  region size 4096K, 25 young (102400K), 2 survivors (8192K)
 Metaspace       used 21143K, committed 21504K, reserved 1114112K
  class space    used 2907K, committed 3072K, reserved 1048576K
}
Event: 9.000 GC heap after
{Heap after GC invocations=3 (full 0):
 garbage-first heap   total 323584K, used 90992K [0x00000006c4000000, 0x0000000800000000)
  region size 4096K, 6 young (24576K), 6 survivors (24576K)
 Metaspace       used 21143K, committed 21504K, reserved 1114112K
  class space    used 2907K, committed 3072K, reserved 1048576K
}
Event: 12.154 GC heap before
{Heap before GC invocations=4 (full 0):
 garbage-first heap   total 323584K, used 316272K [0x00000006c4000000, 0x0000000800000000)
  region size 4096K, 13 young (53248K), 6 survivors (24576K)
 Metaspace       used 23996K, committed 24448K, reserved 1114112K
  class space    used 3164K, committed 3392K, reserved 1048576K
}
Event: 12.181 GC heap after
{Heap after GC invocations=5 (full 0):
 garbage-first heap   total 364544K, used 253699K [0x00000006c4000000, 0x0000000800000000)
  region size 4096K, 3 young (12288K), 3 survivors (12288K)
 Metaspace       used 23996K, committed 24448K, reserved 1114112K
  class space    used 3164K, committed 3392K, reserved 1048576K
}
Event: 12.784 GC heap before
{Heap before GC invocations=5 (full 0):
 garbage-first heap   total 528384K, used 519939K [0x00000006c4000000, 0x0000000800000000)
  region size 4096K, 5 young (20480K), 3 survivors (12288K)
 Metaspace       used 24270K, committed 24704K, reserved 1114112K
  class space    used 3169K, committed 3392K, reserved 1048576K
}
Event: 12.791 GC heap after
{Heap after GC invocations=6 (full 0):
 garbage-first heap   total 540672K, used 450148K [0x00000006c4000000, 0x0000000800000000)
  region size 4096K, 1 young (4096K), 1 survivors (4096K)
 Metaspace       used 24270K, committed 24704K, reserved 1114112K
  class space    used 3169K, committed 3392K, reserved 1048576K
}
Event: 12.842 GC heap before
{Heap before GC invocations=6 (full 0):
 garbage-first heap   total 540672K, used 450148K [0x00000006c4000000, 0x0000000800000000)
  region size 4096K, 2 young (8192K), 1 survivors (4096K)
 Metaspace       used 24280K, committed 24704K, reserved 1114112K
  class space    used 3169K, committed 3392K, reserved 1048576K
}
Event: 12.844 GC heap after
{Heap after GC invocations=7 (full 0):
 garbage-first heap   total 540672K, used 449479K [0x00000006c4000000, 0x0000000800000000)
  region size 4096K, 1 young (4096K), 1 survivors (4096K)
 Metaspace       used 24280K, committed 24704K, reserved 1114112K
  class space    used 3169K, committed 3392K, reserved 1048576K
}
Event: 13.734 GC heap before
{Heap before GC invocations=8 (full 0):
 garbage-first heap   total 884736K, used 879559K [0x00000006c4000000, 0x0000000800000000)
  region size 4096K, 4 young (16384K), 1 survivors (4096K)
 Metaspace       used 24410K, committed 24832K, reserved 1114112K
  class space    used 3169K, committed 3392K, reserved 1048576K
}
Event: 13.739 GC heap after
{Heap after GC invocations=9 (full 0):
 garbage-first heap   total 888832K, used 764881K [0x00000006c4000000, 0x0000000800000000)
  region size 4096K, 1 young (4096K), 1 survivors (4096K)
 Metaspace       used 24410K, committed 24832K, reserved 1114112K
  class space    used 3169K, committed 3392K, reserved 1048576K
}

Dll operation events (20 events):
Event: 0.881 Loaded shared library C:\Users\user\.openjfx\cache\21+31\amd64\api-ms-win-crt-multibyte-l1-1-0.dll
Event: 0.888 Loaded shared library C:\Users\user\.openjfx\cache\21+31\amd64\api-ms-win-crt-private-l1-1-0.dll
Event: 0.897 Loaded shared library C:\Users\user\.openjfx\cache\21+31\amd64\api-ms-win-crt-process-l1-1-0.dll
Event: 0.903 Loaded shared library C:\Users\user\.openjfx\cache\21+31\amd64\api-ms-win-crt-runtime-l1-1-0.dll
Event: 0.907 Loaded shared library C:\Users\user\.openjfx\cache\21+31\amd64\api-ms-win-crt-stdio-l1-1-0.dll
Event: 0.912 Loaded shared library C:\Users\user\.openjfx\cache\21+31\amd64\api-ms-win-crt-string-l1-1-0.dll
Event: 0.916 Loaded shared library C:\Users\user\.openjfx\cache\21+31\amd64\api-ms-win-crt-time-l1-1-0.dll
Event: 0.920 Loaded shared library C:\Users\user\.openjfx\cache\21+31\amd64\api-ms-win-crt-utility-l1-1-0.dll
Event: 0.946 Loaded shared library C:\Users\user\.openjfx\cache\21+31\amd64\ucrtbase.dll
Event: 0.952 Loaded shared library C:\Users\user\.openjfx\cache\21+31\amd64\vcruntime140.dll
Event: 0.956 Loaded shared library C:\Users\user\.openjfx\cache\21+31\amd64\vcruntime140_1.dll
Event: 0.977 Loaded shared library C:\Users\user\.openjfx\cache\21+31\amd64\msvcp140.dll
Event: 0.982 Loaded shared library C:\Users\user\.openjfx\cache\21+31\amd64\msvcp140_1.dll
Event: 0.990 Loaded shared library C:\Users\user\.openjfx\cache\21+31\amd64\msvcp140_2.dll
Event: 1.070 Loaded shared library C:\Users\user\.openjfx\cache\21+31\amd64\prism_d3d.dll
Event: 1.902 Loaded shared library C:\Users\user\.openjfx\cache\21+31\amd64\glass.dll
Event: 2.271 Loaded shared library C:\Users\user\.p2\pool\plugins\org.eclipse.justj.openjdk.hotspot.jre.full.win32.x86_64_21.0.8.v20250724-1412\jre\bin\jimage.dll
Event: 2.940 Loaded shared library C:\Users\user\.p2\pool\plugins\org.eclipse.justj.openjdk.hotspot.jre.full.win32.x86_64_21.0.8.v20250724-1412\jre\bin\extnet.dll
Event: 3.570 Loaded shared library C:\Users\user\.openjfx\cache\21+31\amd64\javafx_font.dll
Event: 5.138 Loaded shared library C:\Users\user\.openjfx\cache\21+31\amd64\javafx_iio.dll

Deoptimization events (20 events):
Event: 13.747 Thread 0x00000230bfc2e510 DEOPT PACKING pc=0x00000230a85f2784 sp=0x0000006b01dfcf00
Event: 13.747 Thread 0x00000230bfc2e510 DEOPT UNPACKING pc=0x00000230aee488e2 sp=0x0000006b01dfc330 mode 0
Event: 13.748 Thread 0x00000230bfc2e510 DEOPT PACKING pc=0x00000230a85f27f1 sp=0x0000006b01dfd160
Event: 13.749 Thread 0x00000230bfc2e510 DEOPT UNPACKING pc=0x00000230aee488e2 sp=0x0000006b01dfc590 mode 0
Event: 13.750 Thread 0x00000230bfc2e510 DEOPT PACKING pc=0x00000230a85f25b0 sp=0x0000006b01dfd2c0
Event: 13.750 Thread 0x00000230bfc2e510 DEOPT UNPACKING pc=0x00000230aee488e2 sp=0x0000006b01dfc6f0 mode 0
Event: 13.756 Thread 0x00000230bfc2e510 DEOPT PACKING pc=0x00000230a85f27f1 sp=0x0000006b01dfd510
Event: 13.756 Thread 0x00000230bfc2e510 DEOPT UNPACKING pc=0x00000230aee488e2 sp=0x0000006b01dfc940 mode 0
Event: 13.768 Thread 0x00000230bfc2e510 DEOPT PACKING pc=0x00000230a85f2784 sp=0x0000006b01dfcf00
Event: 13.768 Thread 0x00000230bfc2e510 DEOPT UNPACKING pc=0x00000230aee488e2 sp=0x0000006b01dfc330 mode 0
Event: 13.770 Thread 0x00000230bfc2e510 DEOPT PACKING pc=0x00000230a85f27f1 sp=0x0000006b01dfd160
Event: 13.770 Thread 0x00000230bfc2e510 DEOPT UNPACKING pc=0x00000230aee488e2 sp=0x0000006b01dfc590 mode 0
Event: 13.771 Thread 0x00000230bfc2e510 DEOPT PACKING pc=0x00000230a85f25b0 sp=0x0000006b01dfd2c0
Event: 13.771 Thread 0x00000230bfc2e510 DEOPT UNPACKING pc=0x00000230aee488e2 sp=0x0000006b01dfc6f0 mode 0
Event: 13.775 Thread 0x00000230bfc2e510 DEOPT PACKING pc=0x00000230a85f27f1 sp=0x0000006b01dfd510
Event: 13.775 Thread 0x00000230bfc2e510 DEOPT UNPACKING pc=0x00000230aee488e2 sp=0x0000006b01dfc940 mode 0
Event: 13.786 Thread 0x00000230bfc2e510 DEOPT PACKING pc=0x00000230a85f2784 sp=0x0000006b01dfcf00
Event: 13.786 Thread 0x00000230bfc2e510 DEOPT UNPACKING pc=0x00000230aee488e2 sp=0x0000006b01dfc330 mode 0
Event: 13.800 Thread 0x00000230bfc2e510 DEOPT PACKING pc=0x00000230a86034da sp=0x0000006b01dfd240
Event: 13.800 Thread 0x00000230bfc2e510 DEOPT UNPACKING pc=0x00000230aee488e2 sp=0x0000006b01dfc720 mode 0

Classes loaded (20 events):
Event: 10.309 Loading class jdk/internal/ref/CleanerImpl$InnocuousThreadFactory
Event: 10.309 Loading class jdk/internal/ref/CleanerImpl$InnocuousThreadFactory done
Event: 10.321 Loading class sun/misc/Unsafe
Event: 10.321 Loading class sun/misc/Unsafe done
Event: 10.322 Loading class java/lang/invoke/DirectMethodHandle$StaticAccessor
Event: 10.323 Loading class java/lang/invoke/DirectMethodHandle$StaticAccessor done
Event: 10.795 Loading class java/util/EnumMap$Values
Event: 10.795 Loading class java/util/EnumMap$Values done
Event: 10.795 Loading class java/util/EnumMap$ValueIterator
Event: 10.796 Loading class java/util/EnumMap$EnumMapIterator
Event: 10.796 Loading class java/util/EnumMap$EnumMapIterator done
Event: 10.796 Loading class java/util/EnumMap$ValueIterator done
Event: 12.282 Loading class com/sun/org/apache/xerces/internal/impl/XMLStreamReaderImpl$1
Event: 12.282 Loading class javax/xml/stream/Location
Event: 12.282 Loading class javax/xml/stream/Location done
Event: 12.282 Loading class com/sun/org/apache/xerces/internal/impl/XMLStreamReaderImpl$1 done
Event: 12.282 Loading class java/lang/Throwable$WrappedPrintStream
Event: 12.285 Loading class java/lang/Throwable$PrintStreamOrWriter
Event: 12.285 Loading class java/lang/Throwable$PrintStreamOrWriter done
Event: 12.286 Loading class java/lang/Throwable$WrappedPrintStream done

Classes unloaded (0 events):
No events

Classes redefined (0 events):
No events

Internal exceptions (20 events):
Event: 8.863 Thread 0x00000230bfcb6800 Exception <a 'java/lang/ClassNotFoundException'{0x00000006d1c46768}: com/sun/javafx/scene/control/skin/resources/controls_fr_FR> (0x00000006d1c46768) 
thrown [s\src\hotspot\share\prims\jni.cpp, line 539]
Event: 8.907 Thread 0x00000230bfcb6800 Implicit null exception at 0x00000230af595105 to 0x00000230af597b84
Event: 9.095 Thread 0x00000230bfcb6800 Exception <a 'java/lang/NoSuchMethodError'{0x00000006d7bb6470}: 'int java.lang.invoke.DirectMethodHandle$Holder.invokeSpecial(java.lang.Object, java.lang.Object, int)'> (0x00000006d7bb6470) 
thrown [s\src\hotspot\share\interpreter\linkResolver.cpp, line 773]
Event: 9.127 Thread 0x00000230bfcb6800 Exception <a 'java/io/FileNotFoundException'{0x00000006d6d31aa0}> (0x00000006d6d31aa0) 
thrown [s\src\hotspot\share\prims\jni.cpp, line 520]
Event: 9.127 Thread 0x00000230bfcb6800 Exception <a 'java/io/FileNotFoundException'{0x00000006d6d330d0}> (0x00000006d6d330d0) 
thrown [s\src\hotspot\share\prims\jni.cpp, line 520]
Event: 9.130 Thread 0x00000230bfcb6800 Exception <a 'java/io/FileNotFoundException'{0x00000006d6d392c0}> (0x00000006d6d392c0) 
thrown [s\src\hotspot\share\prims\jni.cpp, line 520]
Event: 9.130 Thread 0x00000230bfcb6800 Exception <a 'java/io/FileNotFoundException'{0x00000006d6d3a8e8}> (0x00000006d6d3a8e8) 
thrown [s\src\hotspot\share\prims\jni.cpp, line 520]
Event: 9.157 Thread 0x00000230bfcb6800 Exception <a 'java/io/FileNotFoundException'{0x00000006d6f07710}> (0x00000006d6f07710) 
thrown [s\src\hotspot\share\prims\jni.cpp, line 520]
Event: 9.157 Thread 0x00000230bfcb6800 Exception <a 'java/io/FileNotFoundException'{0x00000006d6f08d40}> (0x00000006d6f08d40) 
thrown [s\src\hotspot\share\prims\jni.cpp, line 520]
Event: 9.157 Thread 0x00000230bfcb6800 Exception <a 'java/io/FileNotFoundException'{0x00000006d6f0a388}> (0x00000006d6f0a388) 
thrown [s\src\hotspot\share\prims\jni.cpp, line 520]
Event: 9.157 Thread 0x00000230bfcb6800 Exception <a 'java/io/FileNotFoundException'{0x00000006d6f0b9b0}> (0x00000006d6f0b9b0) 
thrown [s\src\hotspot\share\prims\jni.cpp, line 520]
Event: 9.430 Thread 0x00000230bfcb6800 Exception <a 'java/lang/NoSuchMethodError'{0x00000006d6a51730}: 'java.lang.Object java.lang.invoke.DirectMethodHandle$Holder.newInvokeSpecial(java.lang.Object, java.lang.Object, int)'> (0x00000006d6a51730) 
thrown [s\src\hotspot\share\interpreter\linkResolver.cpp, line 773]
Event: 9.920 Thread 0x00000230bfcb6800 Exception <a 'java/lang/NoSuchMethodError'{0x00000006d6a760a8}: 'long java.lang.invoke.DirectMethodHandle$Holder.invokeStatic(java.lang.Object, java.lang.Object, java.lang.Object)'> (0x00000006d6a760a8) 
thrown [s\src\hotspot\share\interpreter\linkResolver.cpp, line 773]
Event: 9.924 Thread 0x00000230bfcb6800 Exception <a 'java/lang/NoSuchMethodError'{0x00000006d6a79738}: 'long java.lang.invoke.DirectMethodHandle$Holder.invokeStaticInit(java.lang.Object, java.lang.Object, java.lang.Object)'> (0x00000006d6a79738) 
thrown [s\src\hotspot\share\interpreter\linkResolver.cpp, line 773]
Event: 9.937 Thread 0x00000230bfcb6800 Exception <a 'java/lang/NoSuchMethodError'{0x00000006d6a8e098}: 'java.lang.Object java.lang.invoke.DirectMethodHandle$Holder.newInvokeSpecial(java.lang.Object, java.lang.Object, long)'> (0x00000006d6a8e098) 
thrown [s\src\hotspot\share\interpreter\linkResolver.cpp, line 773]
Event: 9.942 Thread 0x00000230bfcb6800 Exception <a 'java/lang/NoSuchMethodError'{0x00000006d6a919c0}: 'java.lang.Object java.lang.invoke.Invokers$Holder.linkToTargetMethod(java.lang.Object, long, java.lang.Object)'> (0x00000006d6a919c0) 
thrown [s\src\hotspot\share\interpreter\linkResolver.cpp, line 773]
Event: 10.104 Thread 0x00000230bfc2e510 Exception <a 'java/lang/NoSuchMethodError'{0x00000006d6620680}: 'int java.lang.invoke.DirectMethodHandle$Holder.invokeStaticInit(java.lang.Object, java.lang.Object)'> (0x00000006d6620680) 
thrown [s\src\hotspot\share\interpreter\linkResolver.cpp, line 773]
Event: 10.184 Thread 0x00000230bfc2e510 Exception <a 'java/lang/NoSuchMethodError'{0x00000006d67cee58}: 'java.lang.Object java.lang.invoke.DirectMethodHandle$Holder.invokeStaticInit(java.lang.Object, int)'> (0x00000006d67cee58) 
thrown [s\src\hotspot\share\interpreter\linkResolver.cpp, line 773]
Event: 11.614 Thread 0x00000230bfcb6800 Exception <a 'java/lang/NoSuchMethodError'{0x00000006d657e0c8}: 'void java.lang.invoke.DirectMethodHandle$Holder.invokeStatic(java.lang.Object, java.lang.Object, double)'> (0x00000006d657e0c8) 
thrown [s\src\hotspot\share\interpreter\linkResolver.cpp, line 773]
Event: 11.615 Thread 0x00000230bfcb6800 Exception <a 'java/lang/NoSuchMethodError'{0x00000006d65834c8}: 'java.lang.Object java.lang.invoke.DirectMethodHandle$Holder.newInvokeSpecial(java.lang.Object, java.lang.Object, double)'> (0x00000006d65834c8) 
thrown [s\src\hotspot\share\interpreter\linkResolver.cpp, line 773]

ZGC Phase Switch (0 events):
No events

VM Operations (20 events):
Event: 12.154 Executing VM operation: G1CollectForAllocation (G1 Evacuation Pause)
Event: 12.181 Executing VM operation: G1CollectForAllocation (G1 Evacuation Pause) done
Event: 12.277 Executing VM operation: HandshakeAllThreads (Deoptimize)
Event: 12.278 Executing VM operation: HandshakeAllThreads (Deoptimize) done
Event: 12.783 Executing VM operation: G1CollectForAllocation (G1 Evacuation Pause)
Event: 12.783 Executing VM operation: G1CollectForAllocation (G1 Evacuation Pause) done
Event: 12.784 Executing VM operation: G1CollectForAllocation (GCLocker Initiated GC)
Event: 12.791 Executing VM operation: G1CollectForAllocation (GCLocker Initiated GC) done
Event: 12.842 Executing VM operation: G1TryInitiateConcMark (G1 Humongous Allocation)
Event: 12.842 Executing VM operation: G1TryInitiateConcMark (G1 Humongous Allocation) done
Event: 12.842 Executing VM operation: G1CollectForAllocation (GCLocker Initiated GC)
Event: 12.844 Executing VM operation: G1CollectForAllocation (GCLocker Initiated GC) done
Event: 12.891 Executing VM operation: G1PauseRemark
Event: 12.903 Executing VM operation: G1PauseRemark done
Event: 12.920 Executing VM operation: G1PauseCleanup
Event: 12.920 Executing VM operation: G1PauseCleanup done
Event: 13.733 Executing VM operation: G1CollectForAllocation (G1 Evacuation Pause)
Event: 13.734 Executing VM operation: G1CollectForAllocation (G1 Evacuation Pause) done
Event: 13.734 Executing VM operation: G1CollectForAllocation (GCLocker Initiated GC)
Event: 13.739 Executing VM operation: G1CollectForAllocation (GCLocker Initiated GC) done

Memory protections (0 events):
No events

Nmethod flushes (20 events):
Event: 12.899 Thread 0x00000230bf8b81f0 flushing  nmethod 0x00000230a81c5090
Event: 12.899 Thread 0x00000230bf8b81f0 flushing  nmethod 0x00000230a81c6d90
Event: 12.899 Thread 0x00000230bf8b81f0 flushing  nmethod 0x00000230a81c7290
Event: 12.899 Thread 0x00000230bf8b81f0 flushing  nmethod 0x00000230a81c7810
Event: 12.899 Thread 0x00000230bf8b81f0 flushing  nmethod 0x00000230a81c7d10
Event: 12.899 Thread 0x00000230bf8b81f0 flushing  nmethod 0x00000230a81c8e90
Event: 12.899 Thread 0x00000230bf8b81f0 flushing  nmethod 0x00000230a81c9790
Event: 12.899 Thread 0x00000230bf8b81f0 flushing  nmethod 0x00000230a81c9f10
Event: 12.899 Thread 0x00000230bf8b81f0 flushing  nmethod 0x00000230a81d6c10
Event: 12.899 Thread 0x00000230bf8b81f0 flushing  nmethod 0x00000230a81d6f90
Event: 12.899 Thread 0x00000230bf8b81f0 flushing  nmethod 0x00000230a81da010
Event: 12.899 Thread 0x00000230bf8b81f0 flushing  nmethod 0x00000230a81da710
Event: 12.899 Thread 0x00000230bf8b81f0 flushing  nmethod 0x00000230a81db590
Event: 12.899 Thread 0x00000230bf8b81f0 flushing  nmethod 0x00000230a81db990
Event: 12.899 Thread 0x00000230bf8b81f0 flushing  nmethod 0x00000230a81dbf90
Event: 12.899 Thread 0x00000230bf8b81f0 flushing  nmethod 0x00000230a81dc590
Event: 12.899 Thread 0x00000230bf8b81f0 flushing  nmethod 0x00000230a81f0290
Event: 12.899 Thread 0x00000230bf8b81f0 flushing  nmethod 0x00000230a81fcc10
Event: 12.899 Thread 0x00000230bf8b81f0 flushing  nmethod 0x00000230a81fec10
Event: 12.899 Thread 0x00000230bf8b81f0 flushing  nmethod 0x00000230a8203e90

Events (20 events):
Event: 6.023 Thread 0x00000230bfcb6800 Thread added: 0x000002310a1a68d0
Event: 6.068 Thread 0x00000230bfcb6800 Thread added: 0x000002310a1a6240
Event: 6.097 Thread 0x00000230bf8ef850 Thread added: 0x000002310a295860
Event: 6.127 Thread 0x00000230bfcb6800 Thread added: 0x000002310a1a6f60
Event: 7.228 Thread 0x000002310a1a6240 Thread exited: 0x000002310a1a6240
Event: 7.228 Thread 0x000002310a1a68d0 Thread exited: 0x000002310a1a68d0
Event: 7.612 Thread 0x000002310b8cb870 Thread exited: 0x000002310b8cb870
Event: 7.689 Thread 0x000002310a1a6f60 Thread exited: 0x000002310a1a6f60
Event: 9.941 Thread 0x000002310a296600 Thread exited: 0x000002310a296600
Event: 9.941 Thread 0x000002310a295860 Thread exited: 0x000002310a295860
Event: 10.310 Thread 0x00000230bfc2e510 Thread added: 0x000002310a1a6f60
Event: 10.838 Thread 0x00000230bfcb6800 Thread added: 0x000002310a1a68d0
Event: 10.838 Thread 0x00000230bfcb6800 Thread added: 0x000002310a1a75f0
Event: 10.846 Thread 0x00000230bfcb6800 Thread added: 0x000002310a1a7c80
Event: 10.850 Thread 0x00000230bfcb6800 Thread added: 0x000002310a1a8310
Event: 10.897 Thread 0x00000230bf8ef850 Thread added: 0x000002310a294ac0
Event: 11.528 Thread 0x000002310a294ac0 Thread exited: 0x000002310a294ac0
Event: 11.641 Thread 0x00000230bf8ef850 Thread added: 0x000002310a293d20
Event: 12.115 Thread 0x00000230bf8ef850 Thread added: 0x000002310a2943f0
Event: 13.214 Thread 0x00000230bfcb6800 Thread added: 0x000002310a1a5bb0


Dynamic libraries:
0x00007ff687f60000 - 0x00007ff687f6e000 	C:\Users\user\.p2\pool\plugins\org.eclipse.justj.openjdk.hotspot.jre.full.win32.x86_64_21.0.8.v20250724-1412\jre\bin\java.exe
0x00007ff830060000 - 0x00007ff8302c7000 	C:\WINDOWS\SYSTEM32\ntdll.dll
0x00007ff82f4c0000 - 0x00007ff82f589000 	C:\WINDOWS\System32\KERNEL32.DLL
0x00007ff82cda0000 - 0x00007ff82d191000 	C:\WINDOWS\System32\KERNELBASE.dll
0x00007ff82d320000 - 0x00007ff82d46b000 	C:\WINDOWS\System32\ucrtbase.dll
0x00007ff804590000 - 0x00007ff8045a8000 	C:\Users\user\.p2\pool\plugins\org.eclipse.justj.openjdk.hotspot.jre.full.win32.x86_64_21.0.8.v20250724-1412\jre\bin\jli.dll
0x00007ff804020000 - 0x00007ff80403e000 	C:\Users\user\.p2\pool\plugins\org.eclipse.justj.openjdk.hotspot.jre.full.win32.x86_64_21.0.8.v20250724-1412\jre\bin\VCRUNTIME140.dll
0x00007ff82f2f0000 - 0x00007ff82f4b5000 	C:\WINDOWS\System32\USER32.dll
0x00007ff82d470000 - 0x00007ff82d497000 	C:\WINDOWS\System32\win32u.dll
0x00007ff80f3d0000 - 0x00007ff80f663000 	C:\WINDOWS\WinSxS\amd64_microsoft.windows.common-controls_6595b64144ccf1df_6.0.26100.8037_none_3e092faae333b53b\COMCTL32.dll
0x00007ff82fa30000 - 0x00007ff82fad9000 	C:\WINDOWS\System32\msvcrt.dll
0x00007ff82f1b0000 - 0x00007ff82f1db000 	C:\WINDOWS\System32\GDI32.dll
0x00007ff82cbe0000 - 0x00007ff82cd0b000 	C:\WINDOWS\System32\gdi32full.dll
0x00007ff82cb30000 - 0x00007ff82cbd3000 	C:\WINDOWS\System32\msvcp_win.dll
0x00007ff82f790000 - 0x00007ff82f7c1000 	C:\WINDOWS\System32\IMM32.DLL
0x00007ff827bb0000 - 0x00007ff827bbc000 	C:\Users\user\.p2\pool\plugins\org.eclipse.justj.openjdk.hotspot.jre.full.win32.x86_64_21.0.8.v20250724-1412\jre\bin\vcruntime140_1.dll
0x00007ffffc480000 - 0x00007ffffc50d000 	C:\Users\user\.p2\pool\plugins\org.eclipse.justj.openjdk.hotspot.jre.full.win32.x86_64_21.0.8.v20250724-1412\jre\bin\msvcp140.dll
0x00007fffc6a30000 - 0x00007fffc77c7000 	C:\Users\user\.p2\pool\plugins\org.eclipse.justj.openjdk.hotspot.jre.full.win32.x86_64_21.0.8.v20250724-1412\jre\bin\server\jvm.dll
0x00007ff82de90000 - 0x00007ff82df4b000 	C:\WINDOWS\System32\ADVAPI32.dll
0x00007ff82f1e0000 - 0x00007ff82f287000 	C:\WINDOWS\System32\sechost.dll
0x00007ff82e270000 - 0x00007ff82e388000 	C:\WINDOWS\System32\RPCRT4.dll
0x00007ff82f7d0000 - 0x00007ff82f844000 	C:\WINDOWS\System32\WS2_32.dll
0x00007ff82c770000 - 0x00007ff82c7ce000 	C:\WINDOWS\SYSTEM32\POWRPROF.dll
0x00007ff8248e0000 - 0x00007ff824915000 	C:\WINDOWS\SYSTEM32\WINMM.dll
0x00007ff81d1e0000 - 0x00007ff81d1eb000 	C:\WINDOWS\SYSTEM32\VERSION.dll
0x00007ff82c750000 - 0x00007ff82c764000 	C:\WINDOWS\SYSTEM32\UMPDC.dll
0x00007ff82b6a0000 - 0x00007ff82b6bb000 	C:\WINDOWS\SYSTEM32\kernel.appcore.dll
0x00007ffff7380000 - 0x00007ffff738a000 	C:\Users\user\.p2\pool\plugins\org.eclipse.justj.openjdk.hotspot.jre.full.win32.x86_64_21.0.8.v20250724-1412\jre\bin\jimage.dll
0x00007ff82a7c0000 - 0x00007ff82aa02000 	C:\WINDOWS\SYSTEM32\DBGHELP.DLL
0x00007ff82eb10000 - 0x00007ff82ee92000 	C:\WINDOWS\System32\combase.dll
0x00007ff82f680000 - 0x00007ff82f757000 	C:\WINDOWS\System32\OLEAUT32.dll
0x00007ff807790000 - 0x00007ff8077cb000 	C:\WINDOWS\SYSTEM32\dbgcore.DLL
0x00007ff82c910000 - 0x00007ff82c9b5000 	C:\WINDOWS\System32\bcryptPrimitives.dll
0x00007fffc6a10000 - 0x00007fffc6a2f000 	C:\Users\user\.p2\pool\plugins\org.eclipse.justj.openjdk.hotspot.jre.full.win32.x86_64_21.0.8.v20250724-1412\jre\bin\java.dll
0x00007ff82e3a0000 - 0x00007ff82eaff000 	C:\WINDOWS\System32\SHELL32.dll
0x00007ff82c9c0000 - 0x00007ff82cb2a000 	C:\WINDOWS\System32\wintypes.dll
0x00007ff82d560000 - 0x00007ff82ddc4000 	C:\WINDOWS\System32\windows.storage.dll
0x00007ff82f000000 - 0x00007ff82f0f7000 	C:\WINDOWS\System32\SHCORE.dll
0x00007ff82f610000 - 0x00007ff82f677000 	C:\WINDOWS\System32\shlwapi.dll
0x00007ff82c830000 - 0x00007ff82c859000 	C:\WINDOWS\SYSTEM32\profapi.dll
0x00007fffc69e0000 - 0x00007fffc69f0000 	C:\Users\user\.p2\pool\plugins\org.eclipse.justj.openjdk.hotspot.jre.full.win32.x86_64_21.0.8.v20250724-1412\jre\bin\net.dll
0x00007ff826be0000 - 0x00007ff826d07000 	C:\WINDOWS\SYSTEM32\WINHTTP.dll
0x00007ff82bc10000 - 0x00007ff82bc7b000 	C:\WINDOWS\system32\mswsock.dll
0x00007fffc69c0000 - 0x00007fffc69d6000 	C:\Users\user\.p2\pool\plugins\org.eclipse.justj.openjdk.hotspot.jre.full.win32.x86_64_21.0.8.v20250724-1412\jre\bin\nio.dll
0x00007fffc69f0000 - 0x00007fffc6a08000 	C:\Users\user\.p2\pool\plugins\org.eclipse.justj.openjdk.hotspot.jre.full.win32.x86_64_21.0.8.v20250724-1412\jre\bin\zip.dll
0x00000230a1fd0000 - 0x00000230a1fd3000 	C:\Users\user\.openjfx\cache\21+31\amd64\api-ms-win-core-console-l1-1-0.dll
0x00000230a1fe0000 - 0x00000230a1fe3000 	C:\Users\user\.openjfx\cache\21+31\amd64\api-ms-win-core-console-l1-2-0.dll
0x00000230a3e70000 - 0x00000230a3e73000 	C:\Users\user\.openjfx\cache\21+31\amd64\api-ms-win-core-datetime-l1-1-0.dll
0x00000230a3e80000 - 0x00000230a3e83000 	C:\Users\user\.openjfx\cache\21+31\amd64\api-ms-win-core-debug-l1-1-0.dll
0x00000230a3e90000 - 0x00000230a3e93000 	C:\Users\user\.openjfx\cache\21+31\amd64\api-ms-win-core-errorhandling-l1-1-0.dll
0x00000230a3ea0000 - 0x00000230a3ea4000 	C:\Users\user\.openjfx\cache\21+31\amd64\api-ms-win-core-file-l1-1-0.dll
0x00000230a3eb0000 - 0x00000230a3eb3000 	C:\Users\user\.openjfx\cache\21+31\amd64\api-ms-win-core-file-l1-2-0.dll
0x00000230a3ec0000 - 0x00000230a3ec3000 	C:\Users\user\.openjfx\cache\21+31\amd64\api-ms-win-core-file-l2-1-0.dll
0x00000230a3ed0000 - 0x00000230a3ed3000 	C:\Users\user\.openjfx\cache\21+31\amd64\api-ms-win-core-handle-l1-1-0.dll
0x00000230bfd30000 - 0x00000230bfd33000 	C:\Users\user\.openjfx\cache\21+31\amd64\api-ms-win-core-heap-l1-1-0.dll
0x00000230bfd40000 - 0x00000230bfd43000 	C:\Users\user\.openjfx\cache\21+31\amd64\api-ms-win-core-interlocked-l1-1-0.dll
0x00000230bfd50000 - 0x00000230bfd53000 	C:\Users\user\.openjfx\cache\21+31\amd64\api-ms-win-core-libraryloader-l1-1-0.dll
0x00000230bfd60000 - 0x00000230bfd63000 	C:\Users\user\.openjfx\cache\21+31\amd64\api-ms-win-core-localization-l1-2-0.dll
0x00000230bfd70000 - 0x00000230bfd73000 	C:\Users\user\.openjfx\cache\21+31\amd64\api-ms-win-core-memory-l1-1-0.dll
0x00000230bfd80000 - 0x00000230bfd83000 	C:\Users\user\.openjfx\cache\21+31\amd64\api-ms-win-core-namedpipe-l1-1-0.dll
0x00000230bfd90000 - 0x00000230bfd93000 	C:\Users\user\.openjfx\cache\21+31\amd64\api-ms-win-core-processenvironment-l1-1-0.dll
0x00000230bfda0000 - 0x00000230bfda3000 	C:\Users\user\.openjfx\cache\21+31\amd64\api-ms-win-core-processthreads-l1-1-0.dll
0x00000230bfdb0000 - 0x00000230bfdb3000 	C:\Users\user\.openjfx\cache\21+31\amd64\api-ms-win-core-processthreads-l1-1-1.dll
0x00000230bfdc0000 - 0x00000230bfdc3000 	C:\Users\user\.openjfx\cache\21+31\amd64\api-ms-win-core-profile-l1-1-0.dll
0x00000230bfdd0000 - 0x00000230bfdd3000 	C:\Users\user\.openjfx\cache\21+31\amd64\api-ms-win-core-rtlsupport-l1-1-0.dll
0x00000230bfde0000 - 0x00000230bfde3000 	C:\Users\user\.openjfx\cache\21+31\amd64\api-ms-win-core-string-l1-1-0.dll
0x00000230bfdf0000 - 0x00000230bfdf3000 	C:\Users\user\.openjfx\cache\21+31\amd64\api-ms-win-core-synch-l1-1-0.dll
0x00000230bfe00000 - 0x00000230bfe03000 	C:\Users\user\.openjfx\cache\21+31\amd64\api-ms-win-core-synch-l1-2-0.dll
0x00000230bfe10000 - 0x00000230bfe13000 	C:\Users\user\.openjfx\cache\21+31\amd64\api-ms-win-core-sysinfo-l1-1-0.dll
0x00000230bfe20000 - 0x00000230bfe23000 	C:\Users\user\.openjfx\cache\21+31\amd64\api-ms-win-core-timezone-l1-1-0.dll
0x00000230bfe30000 - 0x00000230bfe33000 	C:\Users\user\.openjfx\cache\21+31\amd64\api-ms-win-core-util-l1-1-0.dll
0x00000230bfe40000 - 0x00000230bfe43000 	C:\Users\user\.openjfx\cache\21+31\amd64\api-ms-win-crt-conio-l1-1-0.dll
0x00000230bfe50000 - 0x00000230bfe54000 	C:\Users\user\.openjfx\cache\21+31\amd64\api-ms-win-crt-convert-l1-1-0.dll
0x00000230bfe60000 - 0x00000230bfe63000 	C:\Users\user\.openjfx\cache\21+31\amd64\api-ms-win-crt-environment-l1-1-0.dll
0x00000230bfe70000 - 0x00000230bfe73000 	C:\Users\user\.openjfx\cache\21+31\amd64\api-ms-win-crt-filesystem-l1-1-0.dll
0x00000230bfe80000 - 0x00000230bfe83000 	C:\Users\user\.openjfx\cache\21+31\amd64\api-ms-win-crt-heap-l1-1-0.dll
0x00000230bfe90000 - 0x00000230bfe93000 	C:\Users\user\.openjfx\cache\21+31\amd64\api-ms-win-crt-locale-l1-1-0.dll
0x00000230bfea0000 - 0x00000230bfea5000 	C:\Users\user\.openjfx\cache\21+31\amd64\api-ms-win-crt-math-l1-1-0.dll
0x00000230bfeb0000 - 0x00000230bfeb5000 	C:\Users\user\.openjfx\cache\21+31\amd64\api-ms-win-crt-multibyte-l1-1-0.dll
0x00000230bfec0000 - 0x00000230bfed0000 	C:\Users\user\.openjfx\cache\21+31\amd64\api-ms-win-crt-private-l1-1-0.dll
0x00000230bfed0000 - 0x00000230bfed3000 	C:\Users\user\.openjfx\cache\21+31\amd64\api-ms-win-crt-process-l1-1-0.dll
0x00000230bfee0000 - 0x00000230bfee4000 	C:\Users\user\.openjfx\cache\21+31\amd64\api-ms-win-crt-runtime-l1-1-0.dll
0x00000230bfef0000 - 0x00000230bfef4000 	C:\Users\user\.openjfx\cache\21+31\amd64\api-ms-win-crt-stdio-l1-1-0.dll
0x00000230bff00000 - 0x00000230bff04000 	C:\Users\user\.openjfx\cache\21+31\amd64\api-ms-win-crt-string-l1-1-0.dll
0x00000230bff10000 - 0x00000230bff13000 	C:\Users\user\.openjfx\cache\21+31\amd64\api-ms-win-crt-time-l1-1-0.dll
0x00000230bff20000 - 0x00000230bff23000 	C:\Users\user\.openjfx\cache\21+31\amd64\api-ms-win-crt-utility-l1-1-0.dll
0x00007fffc6820000 - 0x00007fffc691c000 	C:\Users\user\.openjfx\cache\21+31\amd64\ucrtbase.dll
0x00007ff827d00000 - 0x00007ff827d1b000 	C:\Users\user\.openjfx\cache\21+31\amd64\vcruntime140.dll
0x00007ff8045d0000 - 0x00007ff8045dc000 	C:\Users\user\.openjfx\cache\21+31\amd64\vcruntime140_1.dll
0x00007ffff4690000 - 0x00007ffff471e000 	C:\Users\user\.openjfx\cache\21+31\amd64\msvcp140.dll
0x00007ff82df80000 - 0x00007ff82e115000 	C:\WINDOWS\System32\ole32.dll
0x00007ff804130000 - 0x00007ff804139000 	C:\Users\user\.openjfx\cache\21+31\amd64\msvcp140_1.dll
0x00007ff8036f0000 - 0x00007ff80371f000 	C:\Users\user\.openjfx\cache\21+31\amd64\msvcp140_2.dll
0x00007ff803410000 - 0x00007ff80343f000 	C:\Users\user\.openjfx\cache\21+31\amd64\prism_d3d.dll
0x00007fffa7f90000 - 0x00007fffa8142000 	C:\WINDOWS\system32\d3d9.dll
0x00007ff82a200000 - 0x00007ff82a22e000 	C:\WINDOWS\SYSTEM32\dwmapi.dll
0x00007ff82a020000 - 0x00007ff82a063000 	C:\WINDOWS\SYSTEM32\dxcore.dll
0x00007ff829f20000 - 0x00007ff829fca000 	C:\WINDOWS\system32\uxtheme.dll
0x00007fffa7cf0000 - 0x00007fffa7f8f000 	C:\WINDOWS\System32\DriverStore\FileRepository\iigd_dch.inf_amd64_54754d77b2c2ee59\igdumdim64.dll
0x00007fff72bc0000 - 0x00007fff7432b000 	C:\WINDOWS\System32\DriverStore\FileRepository\iigd_dch.inf_amd64_54754d77b2c2ee59\igd9dxva64.dll
0x00007ff82fb60000 - 0x00007ff82ffe7000 	C:\WINDOWS\System32\SETUPAPI.dll
0x00007ff82c480000 - 0x00007ff82c4d7000 	C:\WINDOWS\SYSTEM32\cfgmgr32.dll
0x00007ff8142f0000 - 0x00007ff8163c3000 	C:\WINDOWS\System32\DriverStore\FileRepository\iigd_dch.inf_amd64_54754d77b2c2ee59\media_bin_64.dll
0x00007ff8240b0000 - 0x00007ff82465b000 	C:\WINDOWS\System32\DriverStore\FileRepository\iigd_dch.inf_amd64_54754d77b2c2ee59\igdgmm64.dll
0x00007ff827020000 - 0x00007ff827080000 	C:\WINDOWS\SYSTEM32\directxdatabasehelper.dll
0x00007ff801680000 - 0x00007ff8016c2000 	C:\Users\user\.openjfx\cache\21+31\amd64\glass.dll
0x00007ff82e170000 - 0x00007ff82e25e000 	C:\WINDOWS\System32\COMDLG32.dll
0x00007ff82eea0000 - 0x00007ff82effd000 	C:\WINDOWS\System32\MSCTF.dll
0x00007ff813ee0000 - 0x00007ff813f08000 	C:\WINDOWS\System32\DriverStore\FileRepository\iigd_dch.inf_amd64_54754d77b2c2ee59\igdinfo64.dll
0x00007ff81edf0000 - 0x00007ff8240a4000 	C:\WINDOWS\System32\DriverStore\FileRepository\iigd_dch.inf_amd64_54754d77b2c2ee59\igc64.dll
0x00007ff82b1a0000 - 0x00007ff82b2ca000 	C:\WINDOWS\SYSTEM32\DNSAPI.dll
0x00007ff82b160000 - 0x00007ff82b193000 	C:\WINDOWS\SYSTEM32\IPHLPAPI.DLL
0x00007ff82f780000 - 0x00007ff82f78a000 	C:\WINDOWS\System32\NSI.dll
0x00007ff81d220000 - 0x00007ff81d22b000 	C:\Windows\System32\rasadhlp.dll
0x00007ff827090000 - 0x00007ff827116000 	C:\WINDOWS\System32\fwpuclnt.dll
0x00007ff827ca0000 - 0x00007ff827ca9000 	C:\Users\user\.p2\pool\plugins\org.eclipse.justj.openjdk.hotspot.jre.full.win32.x86_64_21.0.8.v20250724-1412\jre\bin\extnet.dll
0x00007ff803d90000 - 0x00007ff803da4000 	C:\Users\user\.openjfx\cache\21+31\amd64\javafx_font.dll
0x00007ff828dd0000 - 0x00007ff829037000 	C:\WINDOWS\SYSTEM32\dwrite.dll
0x00007ff803240000 - 0x00007ff80326d000 	C:\Users\user\.openjfx\cache\21+31\amd64\javafx_iio.dll
0x00007ff82ddd0000 - 0x00007ff82de7e000 	C:\WINDOWS\System32\clbcatq.dll
0x00007ff828560000 - 0x00007ff82878d000 	C:\WINDOWS\SYSTEM32\WindowsCodecs.dll
0x00007ffff55f0000 - 0x00007ffff564a000 	C:\WINDOWS\system32\dataexchange.dll
0x00007ff81c4e0000 - 0x00007ff81c724000 	C:\WINDOWS\system32\twinapi.appcore.dll
0x00007ff801b90000 - 0x00007ff801bbc000 	C:\Program Files\Common Files\Microsoft Shared\Ink\rtscom.dll
0x00007ff8109e0000 - 0x00007ff810b28000 	C:\WINDOWS\SYSTEM32\textinputframework.dll
0x00007ff829920000 - 0x00007ff829a47000 	C:\WINDOWS\SYSTEM32\CoreMessaging.dll
0x00007ff8261d0000 - 0x00007ff8264b2000 	C:\WINDOWS\SYSTEM32\CoreUIComponents.dll
0x00007ff82bf10000 - 0x00007ff82bf1c000 	C:\WINDOWS\SYSTEM32\CRYPTBASE.DLL

JVMTI agents: none

dbghelp: loaded successfully - version: 4.0.5 - missing functions: none
symbol engine: initialized successfully - sym options: 0x614 - pdb path: .;C:\Users\user\.p2\pool\plugins\org.eclipse.justj.openjdk.hotspot.jre.full.win32.x86_64_21.0.8.v20250724-1412\jre\bin;C:\WINDOWS\SYSTEM32;C:\WINDOWS\WinSxS\amd64_microsoft.windows.common-controls_6595b64144ccf1df_6.0.26100.8037_none_3e092faae333b53b;C:\Users\user\.p2\pool\plugins\org.eclipse.justj.openjdk.hotspot.jre.full.win32.x86_64_21.0.8.v20250724-1412\jre\bin\server;C:\Users\user\.openjfx\cache\21+31\amd64;C:\WINDOWS\System32\DriverStore\FileRepository\iigd_dch.inf_amd64_54754d77b2c2ee59;C:\Program Files\Common Files\Microsoft Shared\Ink

VM Arguments:
jvm_args: --add-opens=java.base/java.lang.reflect=ALL-UNNAMED --module-path=C:\Users\user\.m2\repository\org\openjfx\javafx-base\21\javafx-base-21-win.jar;C:\Users\user\.m2\repository\org\openjfx\javafx-base\21\javafx-base-21.jar;C:\Users\user\.m2\repository\org\openjfx\javafx-controls\21\javafx-controls-21-win.jar;C:\Users\user\.m2\repository\org\openjfx\javafx-controls\21\javafx-controls-21.jar;C:\Users\user\.m2\repository\org\openjfx\javafx-fxml\21\javafx-fxml-21-win.jar;C:\Users\user\.m2\repository\org\openjfx\javafx-fxml\21\javafx-fxml-21.jar;C:\Users\user\.m2\repository\org\openjfx\javafx-graphics\21\javafx-graphics-21-win.jar;C:\Users\user\.m2\repository\org\openjfx\javafx-graphics\21\javafx-graphics-21.jar;C:\Users\user\.m2\repository\org\openjfx\javafx-media\21\javafx-media-21-win.jar;C:\Users\user\.m2\repository\org\openjfx\javafx-media\21\javafx-media-21.jar;C:\Users\user\.m2\repository\org\openjfx\javafx-web\21\javafx-web-21-win.jar;C:\Users\user\.m2\repository\org\openjfx\javafx-web\21\javafx-web-21.jar --add-modules=javafx.base,javafx.controls,javafx.fxml,javafx.graphics,javafx.media,javafx.web 
java_command: JStream.application
java_class_path (initial): C:\Users\user\git\ProjectS2\JStream\target\classes;C:\Users\user\.m2\repository\com\google\protobuf\protobuf-java\4.31.1\protobuf-java-4.31.1.jar;C:\Users\user\.m2\repository\com\jfoenix\jfoenix\9.0.10\jfoenix-9.0.10.jar;C:\Users\user\.m2\repository\com\mysql\mysql-connector-j\9.6.0\mysql-connector-j-9.6.0.jar;C:\Users\user\.m2\repository\com\sun\activation\jakarta.activation\2.0.1\jakarta.activation-2.0.1.jar;C:\Users\user\.m2\repository\com\sun\mail\jakarta.mail\2.0.1\jakarta.mail-2.0.1.jar;C:\Users\user\.m2\repository\io\github\palexdev\materialfx-all\11.25.0\materialfx-all-11.25.0.jar;C:\Users\user\.m2\repository\io\github\palexdev\mfxcomponents\11.25.0\mfxcomponents-11.25.0.jar;C:\Users\user\.m2\repository\io\github\palexdev\mfxcore\11.10.0\mfxcore-11.10.0.jar;C:\Users\user\.m2\repository\io\github\palexdev\mfxeffects\11.4.0\mfxeffects-11.4.0.jar;C:\Users\user\.m2\repository\io\github\palexdev\mfxlocalization\11.1.0\mfxlocalization-11.1.0.jar;C:\Users\user\.m2\repository\io\github\palexdev\mfxresources\11.10.0\mfxresources-11.10.0.jar;C:\Users\user\.m2\repository\io\github\palexdev\virtualizedfx\11.9.6\virtualizedfx-11.9.6.jar;C:\Users\user\.m2\repository\org\controlsfx\controlsfx\11.1.1\controlsfx-11.1.1.jar;C:\Users\user\.m2\repository\org\mindrot\jbcrypt\0.4\jbcrypt-0.4.jar
Launcher Type: SUN_STANDARD

[Global flags]
     intx CICompilerCount                          = 4                                         {product} {ergonomic}
     uint ConcGCThreads                            = 2                                         {product} {ergonomic}
     uint G1ConcRefinementThreads                  = 8                                         {product} {ergonomic}
   size_t G1HeapRegionSize                         = 4194304                                   {product} {ergonomic}
    uintx GCDrainStackTargetSize                   = 64                                        {product} {ergonomic}
   size_t InitialHeapSize                          = 331350016                                 {product} {ergonomic}
   size_t MarkStackSize                            = 4194304                                   {product} {ergonomic}
   size_t MaxHeapSize                              = 5301600256                                {product} {ergonomic}
   size_t MaxNewSize                               = 3179282432                                {product} {ergonomic}
   size_t MinHeapDeltaBytes                        = 4194304                                   {product} {ergonomic}
   size_t MinHeapSize                              = 8388608                                   {product} {ergonomic}
    uintx NonNMethodCodeHeapSize                   = 5839372                                {pd product} {ergonomic}
    uintx NonProfiledCodeHeapSize                  = 122909434                              {pd product} {ergonomic}
    uintx ProfiledCodeHeapSize                     = 122909434                              {pd product} {ergonomic}
    uintx ReservedCodeCacheSize                    = 251658240                              {pd product} {ergonomic}
     bool SegmentedCodeCache                       = true                                      {product} {ergonomic}
   size_t SoftMaxHeapSize                          = 5301600256                             {manageable} {ergonomic}
     bool UseCompressedOops                        = true                           {product lp64_product} {ergonomic}
     bool UseG1GC                                  = true                                      {product} {ergonomic}
     bool UseLargePagesIndividualAllocation        = false                                  {pd product} {ergonomic}

Logging:
Log output configuration:
 #0: stdout all=warning uptime,level,tags foldmultilines=false
 #1: stderr all=off uptime,level,tags foldmultilines=false

Environment Variables:
PATH=C:/Users/user/.p2/pool/plugins/org.eclipse.justj.openjdk.hotspot.jre.full.win32.x86_64_21.0.8.v20250724-1412/jre/bin/server;C:/Users/user/.p2/pool/plugins/org.eclipse.justj.openjdk.hotspot.jre.full.win32.x86_64_21.0.8.v20250724-1412/jre/bin;C:\Program Files\Common Files\Oracle\Java\javapath;C:\Program Files (x86)\EasyPHP-DevServer-14.1VC9\binaries\php\php_runningversion;C:\PySchool\3.10-32-bit\Scripts;C:\PySchool\3.10-32-bit;C:\WINDOWS\system32;C:\WINDOWS;C:\WINDOWS\System32\Wbem;C:\WINDOWS\System32\WindowsPowerShell\v1.0\;C:\WINDOWS\System32\OpenSSH\;C:\Program Files (x86)\Windows Kits\10\Windows Performance Toolkit\;C:\Program Files\dotnet\;C:\Users\user\AppData\Local\Programs\Python\Python313\Scripts\;C:\Users\user\AppData\Local\Programs\Python\Python313\;C:\Users\user\AppData\Local\Microsoft\WindowsApps;;C:\Users\user\AppData\Local\Programs\Microsoft VS Code\bin;C:\Program Files\JetBrains\PyCharm 2024.1.4\bin;;C:\Users\user\OneDrive\Desktop;
USERNAME=user
OS=Windows_NT
PROCESSOR_IDENTIFIER=Intel64 Family 6 Model 140 Stepping 1, GenuineIntel
TMP=C:\Users\user\AppData\Local\Temp
TEMP=C:\Users\user\AppData\Local\Temp




Periodic native trim disabled

---------------  S Y S T E M  ---------------

OS:
 Windows 11 , 64 bit Build 26100 (10.0.26100.7920)
OS uptime: 1 days 19:20 hours

CPU: total 8 (initial active 8) (4 cores per cpu, 2 threads per core) family 6 model 140 stepping 1 microcode 0xbe, cx8, cmov, fxsr, ht, mmx, 3dnowpref, sse, sse2, sse3, ssse3, sse4.1, sse4.2, popcnt, lzcnt, tsc, tscinvbit, avx, avx2, aes, erms, clmul, bmi1, bmi2, adx, avx512f, avx512dq, avx512cd, avx512bw, avx512vl, sha, fma, vzeroupper, avx512_vpopcntdq, avx512_vpclmulqdq, avx512_vaes, avx512_vnni, clflush, clflushopt, clwb, avx512_vbmi2, avx512_vbmi, rdtscp, rdpid, fsrm, gfni, avx512_bitalg, f16c, pku, cet_ibt, cet_ss, avx512_ifma
Processor Information for the first 8 processors :
  Max Mhz: 2419, Current Mhz: 2419, Mhz Limit: 2419

Memory: 4k page, system-wide physical 20222M (324M free)
TotalPageFile size 39458M (AvailPageFile size 3M)
current process WorkingSet (physical memory assigned to process): 1194M, peak: 1194M
current process commit charge ("private bytes"): 1457M, peak: 1460M

vm_info: OpenJDK 64-Bit Server VM (21.0.8+9-LTS) for windows-amd64 JRE (21.0.8+9-LTS), built on 2025-07-15T00:00:00Z by "admin" with MS VC++ 17.7 (VS2022)

END.
